[2026-04-20T20:44:44.444] [DEBUG] debug-file - env: nodejsVersion=v18.20.1
[2026-04-20T20:44:44.924] [DEBUG] debug-file - Hvigor init with startParameters:{
  hvigorfileTypeCheck: false,
  parallelExecution: true,
  incrementalExecution: true,
  printStackTrace: false,
  daemon: false,
  analyze: 0,
  logLevel: Level { level: 20000, levelStr: 'INFO', colour: 'green' },
  optimizationStrategy: 'memory',
  hotCompile: undefined,
  hotReloadBuild: undefined,
  customizedParam: undefined
}
[2026-04-20T20:44:46.827] [DEBUG] debug-file - hvigorfile, require result:  { appTasks: [Getter] }
[2026-04-20T20:44:46.828] [DEBUG] debug-file - Starting plugin build process
[2026-04-20T20:44:46.964] [DEBUG] debug-file - App plugin register hook start...
[2026-04-20T20:44:46.978] [DEBUG] debug-file - Start recording SDK configuration permission data.
[2026-04-20T20:44:46.966] [DEBUG] debug-file - Start initialize project's product build option map with build mode debug.
[2026-04-20T20:44:46.970] [DEBUG] debug-file - Obtain build option for product 'default'in this build.
[2026-04-20T20:44:47.023] [DEBUG] debug-file - failed to load cangjie to dynamically generate schemas: Error: Cannot find module '@ohos/cangjie-build-support/index'
Require stack:
- D:\DevEco Studio\tools\hvigor\hvigor-ohos-plugin\src\plugin\hooks\cangjie-register.js
- D:\DevEco Studio\tools\hvigor\hvigor-ohos-plugin\src\plugin\strategy\stage-init-strategy.js
- D:\DevEco Studio\tools\hvigor\hvigor-ohos-plugin\src\plugin\builder\abstract-plugin-builder.js
- D:\DevEco Studio\tools\hvigor\hvigor-ohos-plugin\src\plugin\builder\app-plugin-builder.js
- D:\DevEco Studio\tools\hvigor\hvigor-ohos-plugin\src\plugin\factory\plugin-factory.js
- D:\DevEco Studio\tools\hvigor\hvigor-ohos-plugin\index.js
- D:\harmonyos_code\CanvasComponent (2)\CanvasComponent\hvigorfile.ts
- D:\DevEco Studio\tools\hvigor\hvigor\src\base\internal\lifecycle\configuration.js
- D:\DevEco Studio\tools\hvigor\hvigor\src\base\boot\index.js
- D:\DevEco Studio\tools\hvigor\hvigor\src\cli\main\cli.js
- D:\DevEco Studio\tools\hvigor\hvigor\bin\hvigor.js
[2026-04-20T20:44:47.015] [DEBUG] debug-file - Project task initialization takes 6 ms 
[2026-04-20T20:44:47.031] [DEBUG] debug-file - Start initialize module-target build option map, moduleName=entry, buildMode=release
[2026-04-20T20:44:47.037] [DEBUG] debug-file - project has submodules:entry
[2026-04-20T20:44:47.038] [DEBUG] debug-file - start to load updatedOhPackageInfo to the disk
[2026-04-20T20:44:44.446] [DEBUG] debug-file - env: hvigor-config.json5 content = { modelVersion: '5.0.0', dependencies: {} }
[2026-04-20T20:44:47.045] [DEBUG] debug-file - Start to initialize dependency information.
[2026-04-20T20:44:47.052] [DEBUG] debug-file - entry : clean cost memory 0.11016845703125
[2026-04-20T20:44:47.076] [DEBUG] debug-file - Create  resident worker with id: 0.
[2026-04-20T20:44:44.924] [DEBUG] debug-file - Since current hvigor version 6.23.5 differs from last hvigor version 
      undefined, delete file-cache.json and task-cache.json.
[2026-04-20T20:44:46.827] [DEBUG] debug-file - hvigorfile, binding system plugins { appTasks: [Getter] }
[2026-04-20T20:44:46.828] [DEBUG] debug-file - App plugin prepare start...
[2026-04-20T20:44:47.007] [DEBUG] debug-file - Sdk init in 36 ms 
[2026-04-20T20:44:46.964] [DEBUG] debug-file - App plugin register hook end...
[2026-04-20T20:44:46.966] [DEBUG] debug-file - Picking option from product 'default' with build mode 'debug'.
[2026-04-20T20:44:46.971] [DEBUG] debug-file - No signingConfig found, initRemoteHspCache failed.
[2026-04-20T20:44:47.015] [DEBUG] debug-file - hvigorfile, resolve finished D:\harmonyos_code\CanvasComponent (2)\CanvasComponent\hvigorfile.ts
[2026-04-20T20:44:47.032] [DEBUG] debug-file - Target 'default' config initialized
[2026-04-20T20:44:47.040] [DEBUG] debug-file - load to the disk finished
[2026-04-20T20:44:44.448] [DEBUG] debug-file - env: daemon=false
[2026-04-20T20:44:47.047] [DEBUG] debug-file - Module entry Collected Dependency: 
[2026-04-20T20:44:47.052] [DEBUG] debug-file - runTaskFromQueue task cost before running: 2 s 138 ms 
[2026-04-20T20:44:47.078] [DEBUG] debug-file - Create  resident worker with id: 1.
[2026-04-20T20:44:44.925] [DEBUG] debug-file - Cache service initialization finished in 1 ms 
[2026-04-20T20:44:46.828] [DEBUG] debug-file - App plugin prepare end...
[2026-04-20T20:44:46.965] [DEBUG] debug-file - Plugin build process completed
[2026-04-20T20:44:46.967] [DEBUG] debug-file - Product 'default' build option initialized
[2026-04-20T20:44:46.973] [DEBUG] debug-file - Local scan or download HarmonyOS sdk components toolchains,ets,js,native,previewer
[2026-04-20T20:44:47.015] [DEBUG] debug-file - hvigorfile, resolving D:\harmonyos_code\CanvasComponent (2)\CanvasComponent\entry\hvigorfile.ts
[2026-04-20T20:44:47.032] [DEBUG] debug-file - Module 'entry' target 'default' build option initialized
[2026-04-20T20:44:47.041] [DEBUG] debug-file - Start to initialize dependency information.
[2026-04-20T20:44:44.448] [DEBUG] debug-file - no-daemon, use the parent process.execArgv --max-old-space-size=8192,--max-semi-space-size=16,--expose-gc
[2026-04-20T20:44:47.047] [DEBUG] debug-file - Module entry's total dependency: 0
[2026-04-20T20:44:47.053] [INFO] debug-file - Finished :entry:clean... after 2 ms 
[2026-04-20T20:44:47.080] [DEBUG] debug-file - Current worker pool is stopped or closed.
[2026-04-20T20:44:44.926] [DEBUG] debug-file - hvigorfile, resolving D:\harmonyos_code\CanvasComponent (2)\CanvasComponent\hvigorfile.ts
[2026-04-20T20:44:46.828] [DEBUG] debug-file - App plugin creating...
[2026-04-20T20:44:46.967] [DEBUG] debug-file - End initialize project's product build option map with build mode 'debug'.
[2026-04-20T20:44:46.975] [DEBUG] debug-file - Local scan or download hmscore sdk components toolchains,ets,native
[2026-04-20T20:44:47.021] [DEBUG] debug-file - hvigorfile, require result:  { hapTasks: [Getter] }
[2026-04-20T20:44:47.032] [DEBUG] debug-file - End initialize module-target build option map, moduleName=entry
[2026-04-20T20:44:47.043] [DEBUG] debug-file - Module CanvasComponent Collected Dependency: 
[2026-04-20T20:44:47.049] [DEBUG] debug-file - Configuration phase cost:2 s 125 ms 
[2026-04-20T20:44:47.080] [DEBUG] debug-file - Clear worker 0.
[2026-04-20T20:44:47.053] [DEBUG] debug-file - Executing task ::clean
[2026-04-20T20:44:47.032] [DEBUG] debug-file - Start initialize module-target build option map, moduleName=entry, buildMode=debug
[2026-04-20T20:44:47.021] [DEBUG] debug-file - hvigorfile, binding system plugins { hapTasks: [Getter] }
[2026-04-20T20:44:47.050] [DEBUG] debug-file - Configuration task cost before running: 2 s 136 ms 
[2026-04-20T20:44:47.053] [DEBUG] debug-file - clean: Worker pool is inactive.
[2026-04-20T20:44:47.081] [DEBUG] debug-file - Worker 0 has been cleared.
[2026-04-20T20:44:47.043] [DEBUG] debug-file - Module CanvasComponent's total dependency: 0
[2026-04-20T20:44:47.032] [DEBUG] debug-file - Target 'default' config initialized
[2026-04-20T20:44:47.021] [DEBUG] debug-file - Starting plugin build process
[2026-04-20T20:44:47.051] [DEBUG] debug-file - Executing task :entry:clean
[2026-04-20T20:44:47.053] [DEBUG] debug-file - CanvasComponent : clean cost memory 0.020355224609375
[2026-04-20T20:44:47.081] [DEBUG] debug-file - Current idle worker size: 1.
[2026-04-20T20:44:47.032] [DEBUG] debug-file - Module 'entry' target 'default' build option initialized
[2026-04-20T20:44:47.081] [DEBUG] debug-file - Current busy worker size: 0.
[2026-04-20T20:44:47.053] [DEBUG] debug-file - runTaskFromQueue task cost before running: 2 s 139 ms 
[2026-04-20T20:44:47.021] [DEBUG] debug-file - Hap plugin creating...
[2026-04-20T20:44:47.032] [DEBUG] debug-file - End initialize module-target build option map, moduleName=entry
[2026-04-20T20:44:47.081] [DEBUG] debug-file - Clear worker 1.
[2026-04-20T20:44:47.054] [INFO] debug-file - Finished ::clean... after 1 ms 
[2026-04-20T20:44:47.051] [DEBUG] debug-file - clean: Worker pool is inactive.
[2026-04-20T20:44:47.081] [DEBUG] debug-file - Worker 1 has been cleared.
[2026-04-20T20:44:47.032] [DEBUG] debug-file - Start initialize module-target build option map, moduleName=entry, buildMode=debug
[2026-04-20T20:44:47.054] [DEBUG] debug-file - Executing task :entry:init
[2026-04-20T20:44:47.081] [DEBUG] debug-file - Current idle worker size: 0.
[2026-04-20T20:44:47.032] [DEBUG] debug-file - Target 'default' config initialized
[2026-04-20T20:44:47.054] [DEBUG] debug-file - entry : init cost memory 0.0126953125
[2026-04-20T20:44:47.081] [DEBUG] debug-file - Current busy worker size: 0.
[2026-04-20T20:44:47.032] [DEBUG] debug-file - Module 'entry' target 'default' build option initialized
[2026-04-20T20:44:47.054] [DEBUG] debug-file - runTaskFromQueue task cost before running: 2 s 139 ms 
[2026-04-20T20:44:47.081] [DEBUG] debug-file - hvigor build process will be closed.
[2026-04-20T20:44:47.054] [INFO] debug-file - Finished :entry:init... after 1 ms 
[2026-04-20T20:44:47.032] [DEBUG] debug-file - End initialize module-target build option map, moduleName=entry
[2026-04-20T20:44:47.085] [DEBUG] debug-file - worker[0] exits with exit code 0.
[2026-04-20T20:44:47.032] [DEBUG] debug-file - Obtain build option for module 'entry' target 'default'in this build.
[2026-04-20T20:44:47.054] [DEBUG] debug-file - Executing task ::init
[2026-04-20T20:44:47.085] [DEBUG] debug-file - worker[1] exits with exit code 0.
[2026-04-20T20:44:47.054] [DEBUG] debug-file - CanvasComponent : init cost memory 0.0118408203125
[2026-04-20T20:44:47.036] [DEBUG] debug-file - Module entry task initialization takes 3 ms 
[2026-04-20T20:44:47.086] [DEBUG] debug-file - Current worker pool is terminated.
[2026-04-20T20:44:47.054] [DEBUG] debug-file - runTaskFromQueue task cost before running: 2 s 140 ms 
[2026-04-20T20:44:47.036] [DEBUG] debug-file - Hap plugin register hook start...
[2026-04-20T20:44:47.054] [INFO] debug-file - Finished ::init... after 1 ms 
[2026-04-20T20:44:47.036] [DEBUG] debug-file - Hap plugin register hook end...
[2026-04-20T20:44:47.063] [DEBUG] debug-file - Obtain build option for module 'entry' target 'default'in this build.
[2026-04-20T20:44:47.036] [DEBUG] debug-file - Plugin build process completed
[2026-04-20T20:44:47.070] [DEBUG] debug-file - Since there is no instance or instance is terminated, create a new worker pool.
[2026-04-20T20:44:47.036] [DEBUG] debug-file - hvigorfile, resolve finished D:\harmonyos_code\CanvasComponent (2)\CanvasComponent\entry\hvigorfile.ts
[2026-04-20T20:44:47.070] [DEBUG] debug-file - Worker pool is initialized with config:  {
  minPoolNum: 2,
  maxPoolNum: undefined,
  maxCoreSize: undefined,
  cacheCapacity: undefined,
  cacheTtl: undefined
}
[2026-04-20T20:45:46.137] [DEBUG] debug-file - env: nodejsVersion=v18.20.1
[2026-04-20T20:45:46.199] [DEBUG] debug-file - env: daemon=true
[2026-04-20T20:45:46.139] [DEBUG] debug-file - env: hvigor-config.json5 content = { modelVersion: '5.0.0', dependencies: {} }
[2026-04-20T20:45:47.063] [DEBUG] debug-file - java daemon tryConnect failed Error: connect ECONNREFUSED 127.0.0.1:45050
[2026-04-20T20:45:47.084] [DEBUG] debug-file - java daemon started at port 45050 pid 46808
[2026-04-20T20:45:47.109] [DEBUG] debug-file - session manager: set active socket. socketId=HQ6PC5zS8vA_RQ7BAAAB
[2026-04-20T20:45:47.914] [DEBUG] debug-file - watch worker: worker id should be larger than 0. Nothing will be sent to any worker thread.
[2026-04-20T20:45:47.918] [DEBUG] debug-file - Since there is no instance or instance is terminated, create a new worker pool.
[2026-04-20T20:45:47.918] [DEBUG] debug-file - Worker pool is initialized with config:  {
  minPoolNum: 2,
  maxPoolNum: undefined,
  maxCoreSize: undefined,
  cacheCapacity: undefined,
  cacheTtl: undefined
}
[2026-04-20T20:45:47.919] [DEBUG] debug-file - Create  resident worker with id: 0.
[2026-04-20T20:45:47.921] [DEBUG] debug-file - Create  resident worker with id: 1.
[2026-04-20T20:45:47.923] [DEBUG] debug-file - Workers' log level updated to INFO
[2026-04-20T20:45:47.931] [DEBUG] debug-file - Hvigor init with startParameters:{
  hvigorfileTypeCheck: false,
  parallelExecution: true,
  incrementalExecution: true,
  printStackTrace: false,
  daemon: true,
  analyze: 0,
  logLevel: Level { level: 20000, levelStr: 'INFO', colour: 'green' },
  optimizationStrategy: 'memory',
  hotCompile: undefined,
  hotReloadBuild: undefined,
  customizedParam: undefined
}
[2026-04-20T20:45:47.932] [DEBUG] debug-file - Cache service initialization finished in 1 ms 
[2026-04-20T20:45:47.934] [DEBUG] debug-file - hvigorfile, resolving D:\harmonyos_code\CanvasComponent (2)\CanvasComponent\hvigorfile.ts
[2026-04-20T20:45:49.547] [DEBUG] debug-file - hvigorfile, require result:  {}
[2026-04-20T20:45:49.548] [DEBUG] debug-file - hvigorfile, binding system plugins {}
[2026-04-20T20:45:49.548] [DEBUG] debug-file - Starting plugin build process
[2026-04-20T20:45:49.548] [DEBUG] debug-file - App plugin prepare start...
[2026-04-20T20:45:49.548] [DEBUG] debug-file - App plugin prepare end...
[2026-04-20T20:45:49.548] [DEBUG] debug-file - App plugin creating...
[2026-04-20T20:45:49.711] [DEBUG] debug-file - App plugin register hook start...
[2026-04-20T20:45:49.712] [DEBUG] debug-file - App plugin register hook end...
[2026-04-20T20:45:49.712] [DEBUG] debug-file - Plugin build process completed
[2026-04-20T20:45:49.713] [DEBUG] debug-file - Start initialize project's product build option map with build mode debug.
[2026-04-20T20:45:49.714] [DEBUG] debug-file - Picking option from product 'default' with build mode 'debug'.
[2026-04-20T20:45:49.714] [DEBUG] debug-file - Product 'default' build option initialized
[2026-04-20T20:45:49.714] [DEBUG] debug-file - End initialize project's product build option map with build mode 'debug'.
[2026-04-20T20:45:49.716] [DEBUG] debug-file - Obtain build option for product 'default'in this build.
[2026-04-20T20:45:49.717] [DEBUG] debug-file - No signingConfig found, initRemoteHspCache failed.
[2026-04-20T20:45:49.719] [DEBUG] debug-file - Local scan or download HarmonyOS sdk components toolchains,ets,js,native,previewer
[2026-04-20T20:45:49.722] [DEBUG] debug-file - Local scan or download hmscore sdk components toolchains,ets,native
[2026-04-20T20:45:49.724] [DEBUG] debug-file - Start recording SDK configuration permission data.
[2026-04-20T20:45:49.755] [DEBUG] debug-file - Sdk init in 37 ms 
[2026-04-20T20:45:49.761] [DEBUG] debug-file - Project task initialization takes 5 ms 
[2026-04-20T20:45:49.761] [DEBUG] debug-file - hvigorfile, resolve finished D:\harmonyos_code\CanvasComponent (2)\CanvasComponent\hvigorfile.ts
[2026-04-20T20:45:49.762] [DEBUG] debug-file - hvigorfile, resolving D:\harmonyos_code\CanvasComponent (2)\CanvasComponent\entry\hvigorfile.ts
[2026-04-20T20:45:49.769] [DEBUG] debug-file - hvigorfile, require result:  {}
[2026-04-20T20:45:49.769] [DEBUG] debug-file - hvigorfile, binding system plugins {}
[2026-04-20T20:45:49.770] [DEBUG] debug-file - Starting plugin build process
[2026-04-20T20:45:49.770] [DEBUG] debug-file - Hap plugin creating...
[2026-04-20T20:45:49.771] [DEBUG] debug-file - failed to load cangjie to dynamically generate schemas: Error: Cannot find module '@ohos/cangjie-build-support/index'
Require stack:
- D:\DevEco Studio\tools\hvigor\hvigor-ohos-plugin\src\plugin\hooks\cangjie-register.js
- D:\DevEco Studio\tools\hvigor\hvigor-ohos-plugin\src\plugin\strategy\stage-init-strategy.js
- D:\DevEco Studio\tools\hvigor\hvigor-ohos-plugin\src\plugin\builder\abstract-plugin-builder.js
- D:\DevEco Studio\tools\hvigor\hvigor-ohos-plugin\src\plugin\builder\app-plugin-builder.js
- D:\DevEco Studio\tools\hvigor\hvigor-ohos-plugin\src\plugin\factory\plugin-factory.js
- D:\DevEco Studio\tools\hvigor\hvigor-ohos-plugin\index.js
- D:\harmonyos_code\CanvasComponent (2)\CanvasComponent\hvigorfile.ts
- D:\DevEco Studio\tools\hvigor\hvigor\src\base\internal\lifecycle\configuration.js
- D:\DevEco Studio\tools\hvigor\hvigor\src\base\boot\index.js
- D:\DevEco Studio\tools\hvigor\hvigor\src\base\daemon\cluster\worker-process-lifecycle.js
- D:\DevEco Studio\tools\hvigor\hvigor\src\base\daemon\process\daemon-process-boot-script.js
[2026-04-20T20:45:49.782] [DEBUG] debug-file - Start initialize module-target build option map, moduleName=entry, buildMode=release
[2026-04-20T20:45:49.783] [DEBUG] debug-file - Target 'default' config initialized
[2026-04-20T20:45:49.783] [DEBUG] debug-file - Module 'entry' target 'default' build option initialized
[2026-04-20T20:45:49.783] [DEBUG] debug-file - End initialize module-target build option map, moduleName=entry
[2026-04-20T20:45:49.783] [DEBUG] debug-file - Start initialize module-target build option map, moduleName=entry, buildMode=debug
[2026-04-20T20:45:49.783] [DEBUG] debug-file - Target 'default' config initialized
[2026-04-20T20:45:49.784] [DEBUG] debug-file - Module 'entry' target 'default' build option initialized
[2026-04-20T20:45:49.784] [DEBUG] debug-file - End initialize module-target build option map, moduleName=entry
[2026-04-20T20:45:49.784] [DEBUG] debug-file - Start initialize module-target build option map, moduleName=entry, buildMode=debug
[2026-04-20T20:45:49.784] [DEBUG] debug-file - Target 'default' config initialized
[2026-04-20T20:45:49.784] [DEBUG] debug-file - Module 'entry' target 'default' build option initialized
[2026-04-20T20:45:49.784] [DEBUG] debug-file - End initialize module-target build option map, moduleName=entry
[2026-04-20T20:45:49.784] [DEBUG] debug-file - Obtain build option for module 'entry' target 'default'in this build.
[2026-04-20T20:45:49.789] [DEBUG] debug-file - Module entry task initialization takes 4 ms 
[2026-04-20T20:45:49.789] [DEBUG] debug-file - Hap plugin register hook start...
[2026-04-20T20:45:49.789] [DEBUG] debug-file - Hap plugin register hook end...
[2026-04-20T20:45:49.789] [DEBUG] debug-file - Plugin build process completed
[2026-04-20T20:45:49.789] [DEBUG] debug-file - hvigorfile, resolve finished D:\harmonyos_code\CanvasComponent (2)\CanvasComponent\entry\hvigorfile.ts
[2026-04-20T20:45:49.807] [DEBUG] debug-file - hvigorfile, resolve hvigorfile dependencies in 18 ms 
[2026-04-20T20:45:49.807] [DEBUG] debug-file - project has submodules:entry
[2026-04-20T20:45:49.809] [DEBUG] debug-file - start to load updatedOhPackageInfo to the disk
[2026-04-20T20:45:49.812] [DEBUG] debug-file - load to the disk finished
[2026-04-20T20:45:49.813] [DEBUG] debug-file - Start to initialize dependency information.
[2026-04-20T20:45:49.815] [DEBUG] debug-file - Module CanvasComponent Collected Dependency: 
[2026-04-20T20:45:49.815] [DEBUG] debug-file - Module CanvasComponent's total dependency: 0
[2026-04-20T20:45:49.816] [DEBUG] debug-file - Start to initialize dependency information.
[2026-04-20T20:45:49.819] [DEBUG] debug-file - Module entry Collected Dependency: 
[2026-04-20T20:45:49.819] [DEBUG] debug-file - Module entry's total dependency: 0
[2026-04-20T20:45:49.823] [DEBUG] debug-file - Configuration phase cost:1 s 891 ms 
[2026-04-20T20:45:49.826] [DEBUG] debug-file - Configuration task cost before running: 1 s 903 ms 
[2026-04-20T20:45:49.826] [DEBUG] debug-file - Executing task :entry:clean
[2026-04-20T20:45:49.827] [DEBUG] debug-file - clean: Worker pool is inactive.
[2026-04-20T20:45:49.828] [DEBUG] debug-file - entry : clean cost memory 0.08489227294921875
[2026-04-20T20:45:49.828] [DEBUG] debug-file - runTaskFromQueue task cost before running: 1 s 905 ms 
[2026-04-20T20:45:49.828] [INFO] debug-file - Finished :entry:clean... after 2 ms 
[2026-04-20T20:45:49.838] [DEBUG] debug-file - Executing task :entry:default@PreBuild
[2026-04-20T20:45:49.840] [DEBUG] debug-file - Task 'entry:default@PreBuild' cost while wrapping incremental declarations: 1 ms 
[2026-04-20T20:45:49.956] [DEBUG] debug-file - current product is not Atomic service.
[2026-04-20T20:45:49.956] [DEBUG] debug-file - Use tool [win32: JAVA_HOME, CLASSPATH]
 [ { JAVA_HOME: 'D:\\DevEco Studio\\jbr' }, { CLASSPATH: undefined } ]
[2026-04-20T20:45:49.957] [DEBUG] debug-file - Use tool [win32: NODE_HOME]
 [ { NODE_HOME: 'D:\\DevEco Studio\\tools\\node' } ]
[2026-04-20T20:45:49.957] [DEBUG] debug-file - entry : default@PreBuild cost memory 9.101699829101562
[2026-04-20T20:45:49.957] [DEBUG] debug-file - runTaskFromQueue task cost before running: 2 s 34 ms 
[2026-04-20T20:45:49.959] [INFO] debug-file - Finished :entry:default@PreBuild... after 120 ms 
[2026-04-20T20:45:49.960] [DEBUG] debug-file - Executing task :entry:default@CreateModuleInfo
[2026-04-20T20:45:49.960] [DEBUG] debug-file - Task 'entry:default@CreateModuleInfo' cost while wrapping incremental declarations: 1 ms 
[2026-04-20T20:45:49.961] [DEBUG] debug-file - entry : default@CreateModuleInfo cost memory 0.04270172119140625
[2026-04-20T20:45:49.961] [DEBUG] debug-file - runTaskFromQueue task cost before running: 2 s 38 ms 
[2026-04-20T20:45:49.961] [INFO] debug-file - Finished :entry:default@CreateModuleInfo... after 1 ms 
[2026-04-20T20:45:49.962] [DEBUG] debug-file - Executing task :entry:default@GenerateMetadata
[2026-04-20T20:45:49.963] [DEBUG] debug-file - Task 'entry:default@GenerateMetadata' cost while wrapping incremental declarations: 1 ms 
[2026-04-20T20:45:49.965] [DEBUG] debug-file - entry : default@GenerateMetadata cost memory 0.0976715087890625
[2026-04-20T20:45:49.966] [DEBUG] debug-file - runTaskFromQueue task cost before running: 2 s 43 ms 
[2026-04-20T20:45:49.966] [INFO] debug-file - Finished :entry:default@GenerateMetadata... after 4 ms 
[2026-04-20T20:45:49.968] [DEBUG] debug-file - Executing task :entry:default@ConfigureCmake
[2026-04-20T20:45:49.968] [DEBUG] debug-file - entry : default@ConfigureCmake cost memory 0.01458740234375
[2026-04-20T20:45:49.968] [DEBUG] debug-file - runTaskFromQueue task cost before running: 2 s 45 ms 
[2026-04-20T20:45:49.968] [INFO] debug-file - Finished :entry:default@ConfigureCmake... after 1 ms 
[2026-04-20T20:45:49.969] [DEBUG] debug-file - Executing task :entry:default@MergeProfile
[2026-04-20T20:45:49.970] [DEBUG] debug-file - Task 'entry:default@MergeProfile' cost while wrapping incremental declarations: 1 ms 
[2026-04-20T20:45:49.970] [DEBUG] debug-file - Change app api release type with 'Release'
[2026-04-20T20:45:49.971] [DEBUG] debug-file - Change app compile API version with '6.1.0.105'
[2026-04-20T20:45:49.971] [DEBUG] debug-file - Change app target API version with '60002022'
[2026-04-20T20:45:49.971] [DEBUG] debug-file - Change app minimum API version with '50005017'
[2026-04-20T20:45:49.971] [DEBUG] debug-file - Use cli appEnvironment
[2026-04-20T20:45:49.973] [DEBUG] debug-file - entry : default@MergeProfile cost memory 0.23883056640625
[2026-04-20T20:45:49.973] [DEBUG] debug-file - runTaskFromQueue task cost before running: 2 s 50 ms 
[2026-04-20T20:45:49.973] [INFO] debug-file - Finished :entry:default@MergeProfile... after 4 ms 
[2026-04-20T20:45:49.974] [DEBUG] debug-file - Executing task :entry:default@CreateBuildProfile
[2026-04-20T20:45:49.975] [DEBUG] debug-file - Task 'entry:default@CreateBuildProfile' cost while wrapping incremental declarations: 1 ms 
[2026-04-20T20:45:49.976] [DEBUG] debug-file - entry : default@CreateBuildProfile cost memory 0.0718841552734375
[2026-04-20T20:45:49.976] [DEBUG] debug-file - runTaskFromQueue task cost before running: 2 s 53 ms 
[2026-04-20T20:45:49.976] [INFO] debug-file - Finished :entry:default@CreateBuildProfile... after 3 ms 
[2026-04-20T20:45:49.977] [DEBUG] debug-file - Executing task :entry:default@PreCheckSyscap
[2026-04-20T20:45:49.978] [DEBUG] debug-file - entry : default@PreCheckSyscap cost memory 0.01476287841796875
[2026-04-20T20:45:49.978] [DEBUG] debug-file - runTaskFromQueue task cost before running: 2 s 55 ms 
[2026-04-20T20:45:49.978] [INFO] debug-file - Finished :entry:default@PreCheckSyscap... after 1 ms 
[2026-04-20T20:45:49.980] [DEBUG] debug-file - Executing task :entry:default@GeneratePkgContextInfo
[2026-04-20T20:45:49.986] [DEBUG] debug-file - Task 'entry:default@GeneratePkgContextInfo' cost while wrapping incremental declarations: 1 ms 
[2026-04-20T20:45:49.987] [DEBUG] debug-file - entry : default@GeneratePkgContextInfo cost memory 0.6627578735351562
[2026-04-20T20:45:49.987] [DEBUG] debug-file - runTaskFromQueue task cost before running: 2 s 64 ms 
[2026-04-20T20:45:49.987] [INFO] debug-file - Finished :entry:default@GeneratePkgContextInfo... after 8 ms 
[2026-04-20T20:45:49.988] [DEBUG] debug-file - Executing task :entry:default@GeneratePkgSdkInfo
[2026-04-20T20:45:49.990] [DEBUG] debug-file - Task 'entry:default@GeneratePkgSdkInfo' cost while wrapping incremental declarations: 1 ms 
[2026-04-20T20:45:49.991] [DEBUG] debug-file - entry : default@GeneratePkgSdkInfo cost memory 0.11769866943359375
[2026-04-20T20:45:49.991] [DEBUG] debug-file - runTaskFromQueue task cost before running: 2 s 68 ms 
[2026-04-20T20:45:49.991] [INFO] debug-file - Finished :entry:default@GeneratePkgSdkInfo... after 3 ms 
[2026-04-20T20:45:49.994] [DEBUG] debug-file - Executing task :entry:default@ProcessIntegratedHsp
[2026-04-20T20:45:49.995] [DEBUG] debug-file - entry : default@ProcessIntegratedHsp cost memory 0.02923583984375
[2026-04-20T20:45:49.995] [DEBUG] debug-file - runTaskFromQueue task cost before running: 2 s 72 ms 
[2026-04-20T20:45:49.995] [INFO] debug-file - Finished :entry:default@ProcessIntegratedHsp... after 1 ms 
[2026-04-20T20:45:49.996] [DEBUG] debug-file - Executing task :entry:default@BuildNativeWithCmake
[2026-04-20T20:45:49.997] [DEBUG] debug-file - entry : default@BuildNativeWithCmake cost memory 0.0152587890625
[2026-04-20T20:45:49.997] [DEBUG] debug-file - runTaskFromQueue task cost before running: 2 s 74 ms 
[2026-04-20T20:45:49.997] [INFO] debug-file - Finished :entry:default@BuildNativeWithCmake... after 1 ms 
[2026-04-20T20:45:49.998] [DEBUG] debug-file - Executing task :entry:default@MakePackInfo
[2026-04-20T20:45:49.999] [DEBUG] debug-file - Module Pack Info:  {
  summary: {
    app: { bundleName: 'c***t', bundleType: 'app', version: [Object] },
    modules: [ [Object] ]
  },
  packages: [
    {
      deviceType: [Array],
      moduleType: 'entry',
      deliveryWithInstall: true,
      name: 'entry-default'
    }
  ]
}
[2026-04-20T20:45:50.001] [DEBUG] debug-file - entry : default@MakePackInfo cost memory 0.1002960205078125
[2026-04-20T20:45:50.001] [DEBUG] debug-file - runTaskFromQueue task cost before running: 2 s 78 ms 
[2026-04-20T20:45:50.001] [INFO] debug-file - Finished :entry:default@MakePackInfo... after 4 ms 
[2026-04-20T20:45:50.002] [DEBUG] debug-file - Executing task :entry:default@SyscapTransform
[2026-04-20T20:45:50.002] [DEBUG] debug-file - File: 'D:\harmonyos_code\CanvasComponent (2)\CanvasComponent\entry\src\main\syscap.json' from 'sysCapJsonPath' is not exists, just ignore.
[2026-04-20T20:45:50.003] [DEBUG] debug-file - Task 'entry:default@SyscapTransform' cost while wrapping incremental declarations: 1 ms 
[2026-04-20T20:45:50.003] [DEBUG] debug-file - entry : default@SyscapTransform cost memory 0.053802490234375
[2026-04-20T20:45:50.004] [DEBUG] debug-file - runTaskFromQueue task cost before running: 2 s 81 ms 
[2026-04-20T20:45:50.004] [INFO] debug-file - Finished :entry:default@SyscapTransform... after 2 ms 
[2026-04-20T20:45:50.005] [DEBUG] debug-file - Executing task :entry:default@ProcessProfile
[2026-04-20T20:45:50.006] [DEBUG] debug-file - Task 'entry:default@ProcessProfile' cost while wrapping incremental declarations: 1 ms 
[2026-04-20T20:45:50.007] [DEBUG] debug-file - [
  'D:\\DevEco Studio\\tools\\node\\node.exe',
  'D:\\DevEco Studio\\sdk\\default\\openharmony\\ets\\build-tools\\ets-loader\\bin\\ark\\ts2abc.js',
  '--target-api-version',
  '17'
]
[2026-04-20T20:45:51.157] [DEBUG] debug-file - 12.0.6.0
[2026-04-20T20:45:51.158] [DEBUG] debug-file - No need to add fake ui ability because of not in preview process.
[2026-04-20T20:45:51.159] [DEBUG] debug-file - entry : default@ProcessProfile cost memory 2.1644058227539062
[2026-04-20T20:45:51.159] [DEBUG] debug-file - runTaskFromQueue task cost before running: 3 s 236 ms 
[2026-04-20T20:45:51.159] [INFO] debug-file - Finished :entry:default@ProcessProfile... after 1 s 155 ms 
[2026-04-20T20:45:51.161] [DEBUG] debug-file - Executing task :entry:default@ProcessRouterMap
[2026-04-20T20:45:51.164] [DEBUG] debug-file - entry : default@ProcessRouterMap cost memory 0.08866119384765625
[2026-04-20T20:45:51.164] [DEBUG] debug-file - runTaskFromQueue task cost before running: 3 s 241 ms 
[2026-04-20T20:45:51.164] [INFO] debug-file - Finished :entry:default@ProcessRouterMap... after 4 ms 
[2026-04-20T20:45:51.166] [DEBUG] debug-file - Executing task :entry:default@ProcessShareConfig
[2026-04-20T20:45:51.169] [DEBUG] debug-file - entry : default@ProcessShareConfig cost memory 0.06800079345703125
[2026-04-20T20:45:51.169] [DEBUG] debug-file - runTaskFromQueue task cost before running: 3 s 246 ms 
[2026-04-20T20:45:51.169] [INFO] debug-file - Finished :entry:default@ProcessShareConfig... after 4 ms 
[2026-04-20T20:45:51.171] [DEBUG] debug-file - Executing task :entry:default@ProcessStartupConfig
[2026-04-20T20:45:51.172] [DEBUG] debug-file - Task 'entry:default@ProcessStartupConfig' cost while wrapping incremental declarations: 1 ms 
[2026-04-20T20:45:51.173] [DEBUG] debug-file - entry : default@ProcessStartupConfig cost memory 0.06160736083984375
[2026-04-20T20:45:51.173] [DEBUG] debug-file - runTaskFromQueue task cost before running: 3 s 250 ms 
[2026-04-20T20:45:51.173] [INFO] debug-file - Finished :entry:default@ProcessStartupConfig... after 2 ms 
[2026-04-20T20:45:51.174] [DEBUG] debug-file - Executing task :entry:default@BuildNativeWithNinja
[2026-04-20T20:45:51.175] [DEBUG] debug-file - entry : default@BuildNativeWithNinja cost memory 0.02762603759765625
[2026-04-20T20:45:51.176] [DEBUG] debug-file - runTaskFromQueue task cost before running: 3 s 253 ms 
[2026-04-20T20:45:51.176] [INFO] debug-file - Finished :entry:default@BuildNativeWithNinja... after 2 ms 
[2026-04-20T20:45:51.177] [DEBUG] debug-file - restool module names: entry; moduleName=entry, taskName=default@ProcessResource
[2026-04-20T20:45:51.179] [DEBUG] debug-file - Executing task :entry:default@ProcessResource
[2026-04-20T20:45:51.179] [DEBUG] debug-file - Task 'entry:default@ProcessResource' cost while wrapping incremental declarations: 1 ms 
[2026-04-20T20:45:51.181] [DEBUG] debug-file - entry : default@ProcessResource cost memory 0.126495361328125
[2026-04-20T20:45:51.182] [DEBUG] debug-file - runTaskFromQueue task cost before running: 3 s 259 ms 
[2026-04-20T20:45:51.183] [INFO] debug-file - Finished :entry:default@ProcessResource... after 3 ms 
[2026-04-20T20:45:51.185] [DEBUG] debug-file - Executing task :entry:default@GenerateLoaderJson
[2026-04-20T20:45:51.186] [DEBUG] debug-file - Task 'entry:default@GenerateLoaderJson' cost while wrapping incremental declarations: 1 ms 
[2026-04-20T20:45:51.193] [DEBUG] debug-file - entry : default@GenerateLoaderJson cost memory 0.5389480590820312
[2026-04-20T20:45:51.193] [DEBUG] debug-file - runTaskFromQueue task cost before running: 3 s 270 ms 
[2026-04-20T20:45:51.195] [INFO] debug-file - Finished :entry:default@GenerateLoaderJson... after 8 ms 
[2026-04-20T20:45:51.196] [DEBUG] debug-file - Executing task :entry:default@ProcessLibs
[2026-04-20T20:45:51.202] [DEBUG] debug-file - Worker dispatch failed, running processLibs on main thread.
[2026-04-20T20:45:51.204] [DEBUG] debug-file - entry : default@ProcessLibs cost memory 0.28264617919921875
[2026-04-20T20:45:51.204] [DEBUG] debug-file - runTaskFromQueue task cost before running: 3 s 281 ms 
[2026-04-20T20:45:51.205] [INFO] debug-file - Finished :entry:default@ProcessLibs... after 8 ms 
[2026-04-20T20:45:51.206] [DEBUG] debug-file - restool module names: entry; moduleName=entry, taskName=default@CompileResource
[2026-04-20T20:45:51.207] [DEBUG] debug-file - Executing task :entry:default@CompileResource
[2026-04-20T20:45:51.214] [DEBUG] debug-file - Use tool [D:\DevEco Studio\sdk\default\openharmony\toolchains\restool.exe]
 [
  'D:\\DevEco Studio\\sdk\\default\\openharmony\\toolchains\\restool.exe',
  '-l',
  'D:\\harmonyos_code\\CanvasComponent (2)\\CanvasComponent\\entry\\build\\default\\intermediates\\res\\default\\resConfig.json'
]
[2026-04-20T20:45:51.215] [DEBUG] debug-file - current process  memoryUsage: {
  rss: 264593408,
  heapTotal: 163426304,
  heapUsed: 137980656,
  external: 3090828,
  arrayBuffers: 194227
} os memoryUsage :13.009933471679688
[2026-04-20T20:45:51.894] [DEBUG] debug-file - Info: Pack: normal pack mode

[2026-04-20T20:45:51.967] [DEBUG] debug-file - Info: hardware concurrency count is : 32
Info: thread count is : 32

[2026-04-20T20:45:51.967] [DEBUG] debug-file - Info: thread pool is started

[2026-04-20T20:45:51.969] [DEBUG] debug-file - Info: GenericCompiler::CompileFiles

[2026-04-20T20:45:51.976] [DEBUG] debug-file - Info: GenericCompiler::CompileFiles

[2026-04-20T20:45:51.981] [DEBUG] debug-file - Info: GenericCompiler::CompileFiles

[2026-04-20T20:45:51.989] [DEBUG] debug-file - 04-20 20:45:51.989 36516 49512 E C01400/ImageTranscoderUtils: DecodeToRGBA IN
04-20 20:45:51.989 36516 49512 E C01400/ImageTranscoderUtils: ImageFilter IN D:\harmonyos_code\CanvasComponent (2)\CanvasComponent\AppScope\resources\base\media\app_icon.png

[2026-04-20T20:45:51.994] [DEBUG] debug-file - 04-20 20:45:51.994 36516 49512 E C01400/ImageTranscoder: TranscodeSLR Only zoom-out is supported.

[2026-04-20T20:45:51.994] [DEBUG] debug-file - Warning: ScaleImage failed, error message: INVALID_PARAMETERS, file path = D:\harmonyos_code\CanvasComponent (2)\CanvasComponent\AppScope\resources\base\media\app_icon.png

[2026-04-20T20:45:51.996] [DEBUG] debug-file - 04-20 20:45:51.996 36516 49512 E C01400/ImageTranscoderUtils: DecodeToRGBA IN
04-20 20:45:51.996 36516 49512 E C01400/ImageTranscoderUtils: ImageFilter IN D:\harmonyos_code\CanvasComponent (2)\CanvasComponent\entry\src\main\resources\base\media\icon.png

[2026-04-20T20:45:51.996] [DEBUG] debug-file - 04-20 20:45:51.996 36516 49512 E C01400/ImageTranscoder: TranscodeSLR Only zoom-out is supported.
Warning: ScaleImage failed, error message: INVALID_PARAMETERS, file path = D:\harmonyos_code\CanvasComponent (2)\CanvasComponent\entry\src\main\resources\base\media\icon.png

[2026-04-20T20:45:51.997] [DEBUG] debug-file - Warning: The width or height of the png file referenced by the icon exceeds the limit (41 pixels)
at D:\harmonyos_code\CanvasComponent (2)\CanvasComponent\AppScope\resources\base\media\app_icon.png

[2026-04-20T20:45:51.997] [DEBUG] debug-file - Warning: The width or height of the png file referenced by the icon exceeds the limit (41 pixels)
at D:\harmonyos_code\CanvasComponent (2)\CanvasComponent\entry\src\main\resources\base\media\icon.png

[2026-04-20T20:45:51.999] [DEBUG] debug-file - Info: restool resources compile success.

[2026-04-20T20:45:51.999] [DEBUG] debug-file - Info: thread pool is stopped

[2026-04-20T20:45:52.077] [DEBUG] debug-file - entry : default@CompileResource cost memory 0.8740081787109375
[2026-04-20T20:45:52.077] [DEBUG] debug-file - runTaskFromQueue task cost before running: 4 s 154 ms 
[2026-04-20T20:45:52.078] [INFO] debug-file - Finished :entry:default@CompileResource... after 870 ms 
[2026-04-20T20:45:52.079] [DEBUG] debug-file - Executing task :entry:default@DoNativeStrip
[2026-04-20T20:45:52.079] [DEBUG] debug-file - File: 'D:\harmonyos_code\CanvasComponent (2)\CanvasComponent\entry\build\default\intermediates\binxo\default' from 'doBinxoNativeLibs' is not exists, just ignore.
[2026-04-20T20:45:52.080] [DEBUG] debug-file - Task 'entry:default@DoNativeStrip' cost while wrapping incremental declarations: 1 ms 
[2026-04-20T20:45:52.082] [DEBUG] debug-file - entry : default@DoNativeStrip cost memory 0.07669830322265625
[2026-04-20T20:45:52.082] [DEBUG] debug-file - runTaskFromQueue task cost before running: 4 s 159 ms 
[2026-04-20T20:45:52.082] [INFO] debug-file - Finished :entry:default@DoNativeStrip... after 3 ms 
[2026-04-20T20:45:52.084] [DEBUG] debug-file - Executing task :entry:default@CompileArkTS
[2026-04-20T20:45:52.085] [DEBUG] debug-file - obfuscationOptions: undefined
[2026-04-20T20:45:52.086] [DEBUG] debug-file - Task 'entry:default@CompileArkTS' cost while wrapping incremental declarations: 1 ms 
[2026-04-20T20:45:52.103] [DEBUG] debug-file - build config:
[2026-04-20T20:45:52.103] [DEBUG] debug-file - {
  moduleType: 'entry',
  perf: 0,
  targetName: '.default',
  packageManagerType: 'ohpm',
  localPropertiesPath: 'D:\\harmonyos_code\\CanvasComponent (2)\\CanvasComponent\\local.properties',
  isPreview: false,
  isOhosTest: false,
  isLocalTest: false,
  buildMode: 'Debug',
  hotReloadBuild: undefined,
  watchMode: 'false',
  aceProfilePath: 'D:\\harmonyos_code\\CanvasComponent (2)\\CanvasComponent\\entry\\build\\default\\intermediates\\res\\default\\resources\\base\\profile',
  etsLoaderPath: 'D:\\DevEco Studio\\sdk\\default\\openharmony\\ets\\build-tools\\ets-loader',
  modulePath: 'D:\\harmonyos_code\\CanvasComponent (2)\\CanvasComponent\\entry',
  testFrameworkPar: {
    testMode: undefined,
    coveragePathFilter: undefined,
    coverageMode: undefined
  },
  needCoverageInsert: false,
  debugLine: false,
  projectTopDir: 'D:\\harmonyos_code\\CanvasComponent (2)\\CanvasComponent',
  compileSdkVersion: 23,
  compatibleSdkVersion: 17,
  originCompatibleSdkVersion: '5.0.5(17)',
  compatibleSdkVersionStage: undefined,
  bundleName: 'c***t',
  etsLoaderVersion: '6.1.0.105',
  etsLoaderReleaseType: 'Release',
  aotCompileMode: 'type',
  apPath: 'D:\\harmonyos_code\\CanvasComponent (2)\\CanvasComponent\\entry\\modules.ap',
  entryModuleName: 'entry',
  entryModuleVersion: '1.0.0',
  entryPackageName: 'entry',
  allModuleNameHash: 'ada346678338dc9a8da5153c12691950bd0c04ef882881820972864caaba4818',
  externalApiPaths: [ 'D:\\DevEco Studio\\sdk\\default\\hms\\ets' ],
  compilerTypes: [],
  isCrossplatform: false,
  hvigorPluginFile: undefined,
  compilePluginPath: undefined,
  buildGeneratedProfilePath: 'D:\\harmonyos_code\\CanvasComponent (2)\\CanvasComponent\\entry\\build\\default\\generated\\profile\\default',
  bundleType: 'app',
  arkTSVersion: undefined,
  apiVersion: 23,
  needCompleteSourcesMap: false,
  isFaMode: false,
  buildDir: 'D:\\harmonyos_code\\CanvasComponent (2)\\CanvasComponent\\entry\\build',
  deviceTypes: [ 'phone' ],
  pkgContextInfo: undefined,
  ohPackagePathMap: {},
  dependencyAliasMap: {},
  permission: { requestPermissions: undefined, definePermissions: undefined },
  useGetCurrentBundleName: false,
  projectArkOption: undefined,
  sourceMapDir: undefined,
  branchElimination: false,
  transformLib: undefined,
  tsImportSendable: false,
  resolveConflictMode: true,
  depName2RootPath: {},
  depName2DepInfo: {},
  depName2OhExports: {},
  rootPathSet: [ 'D:\\harmonyos_code\\CanvasComponent (2)\\CanvasComponent' ],
  useNativeResolver: true,
  shouldEmitJs: true,
  useTscResolve: false,
  singleFileEmit: false,
  userProjectConfig: {
    autoLazyImport: false,
    allowEmptyBundleName: false,
    reExportCheckMode: 'noCheck',
    executionMode: 'memory',
    usePathPlaceholder: false,
    writeRollupCache: true,
    isExpandImportEnabled: false,
    expandImportExclude: '',
    lazyImportExclude: '',
    lazyImportInclude: '',
    ignoreCrossplatformCheck: false,
    isHarDeduplicateEnabled: false,
    skipOhModulesLint: false,
    enableStrictCheckOHModule: false,
    disableSendableCheckRules: [],
    useDeclarationFileSignature: false,
    customizedOptions: undefined,
    integratedHsp: false,
    isPreloadSoEnabled: false
  },
  executionMode: 'memory',
  arkCompileCachePath: 'D:\\harmonyos_code\\CanvasComponent (2)\\CanvasComponent\\entry\\build\\default\\cache\\default\\default@CompileArkTS\\esmodule',
  autoLazyFilter: undefined,
  isHarDeduplicateEnabled: false,
  intermediateHarDuplicateDirPath: 'D:\\harmonyos_code\\CanvasComponent (2)\\CanvasComponent\\entry\\build\\default\\intermediates\\har_duplicate\\default',
  autoLazyImport: false,
  allowEmptyBundleName: false,
  reExportCheckMode: 'noCheck',
  usePathPlaceholder: false,
  writeRollupCache: true,
  isExpandImportEnabled: false,
  expandImportExclude: '',
  lazyImportExclude: '',
  lazyImportInclude: '',
  ignoreCrossplatformCheck: false,
  skipOhModulesLint: false,
  enableStrictCheckOHModule: false,
  disableSendableCheckRules: [],
  useDeclarationFileSignature: false,
  customizedOptions: undefined,
  integratedHsp: false,
  isPreloadSoEnabled: false,
  strictMode: undefined,
  useNormalizedOHMUrl: false,
  caseSensitiveCheck: false,
  aceModuleJsonPath: 'D:\\harmonyos_code\\CanvasComponent (2)\\CanvasComponent\\entry\\build\\default\\intermediates\\res\\default\\ark_module.json',
  appResource: 'D:\\harmonyos_code\\CanvasComponent (2)\\CanvasComponent\\entry\\build\\default\\intermediates\\res\\default\\ResourceTable.txt',
  rawFileResource: 'D:\\harmonyos_code\\CanvasComponent (2)\\CanvasComponent\\entry\\build\\default\\intermediates\\res\\default\\resources\\rawfile',
  resourceTableHash: '7c7074dae912900f7b83cefbd3360983175b3eb7eb722877d879afdbb8edcd2b',
  runtimeOS: 'HarmonyOS',
  sdkInfo: 'false:23:6.1.0.105:Release',
  aceModuleRoot: 'D:\\harmonyos_code\\CanvasComponent (2)\\CanvasComponent\\entry\\src\\main\\ets',
  compileMode: 'esmodule',
  aceSuperVisualPath: 'D:\\harmonyos_code\\CanvasComponent (2)\\CanvasComponent\\entry\\src\\main\\supervisual',
  aceBuildJson: 'D:\\harmonyos_code\\CanvasComponent (2)\\CanvasComponent\\entry\\build\\default\\intermediates\\loader\\default\\loader.json',
  cachePath: 'D:\\harmonyos_code\\CanvasComponent (2)\\CanvasComponent\\entry\\build\\default\\cache\\default\\default@CompileArkTS\\esmodule\\debug',
  aceModuleBuild: 'D:\\harmonyos_code\\CanvasComponent (2)\\CanvasComponent\\entry\\build\\default\\intermediates\\loader_out\\default\\ets',
  supportChunks: true,
  declaredFilesPath: undefined,
  shouldCollectDirectImportees: false,
  isByteCodeHarOptimize: false,
  expandImportPath: undefined,
  resourceTableTs: 'D:\\harmonyos_code\\CanvasComponent (2)\\CanvasComponent\\entry\\build\\default\\generated\\r\\default\\ResourceTable.ts',
  moduleMetaInfoFiles: [
    {
      filePath: 'D:\\harmonyos_code\\CanvasComponent (2)\\CanvasComponent\\entry\\build\\default\\generated\\r\\default\\ResourceTable.ts',
      ohmurl: 'com.example.canvascomponent/entry/build/generated/r/ResourceTable'
    }
  ],
  pkgNameToPkgBriefInfo: {
    entry: {
      pkgRoot: 'D:\\harmonyos_code\\CanvasComponent (2)\\CanvasComponent\\entry',
      originalSourceRoots: undefined,
      sourceRoots: [Array],
      pkgName: 'entry'
    }
  },
  projectModel: {
    'D:\\harmonyos_code\\CanvasComponent (2)\\CanvasComponent\\entry\\src\\main': {
      moduleName: 'entry',
      modulePkgPath: 'D:\\harmonyos_code\\CanvasComponent (2)\\CanvasComponent\\entry',
      belongProjectPath: 'D:\\harmonyos_code\\CanvasComponent (2)\\CanvasComponent'
    },
    'D:\\harmonyos_code\\CanvasComponent (2)\\CanvasComponent\\entry': {
      moduleName: 'entry',
      modulePkgPath: 'D:\\harmonyos_code\\CanvasComponent (2)\\CanvasComponent\\entry',
      belongProjectPath: 'D:\\harmonyos_code\\CanvasComponent (2)\\CanvasComponent'
    },
    'D:\\harmonyos_code\\CanvasComponent (2)\\CanvasComponent': {
      moduleName: 'CanvasComponent',
      modulePkgPath: 'D:\\harmonyos_code\\CanvasComponent (2)\\CanvasComponent',
      belongProjectPath: 'D:\\harmonyos_code\\CanvasComponent (2)\\CanvasComponent'
    }
  },
  pkgJsonFileHash: '2afff4febdc36911eef91f56078f85eadae932cafc4985f481ba3dd356730d69',
  allModulePaths: [ 'D:\\harmonyos_code\\CanvasComponent (2)\\CanvasComponent\\entry' ],
  routerMap: {},
  obfuscationOptions: undefined,
  byteCodeHarToDependencyKeys: undefined,
  compileBlockPkg: [],
  mockParams: {
    decorator: '@MockSetup',
    packageName: '@ohos/hamock',
    etsSourceRootPath: 'src/main/ets',
    mockConfigPath: undefined,
    mockConfigKey2ModuleInfo: {},
    source2ModuleIdMap: {}
  },
  copyCodeResourceEnable: true,
  copyCodeResourceExcludes: [],
  copyCodeResourceIncludes: undefined,
  uiTransformOptimization: false,
  sdkPath: 'D:/DevEco Studio/sdk',
  needPreloadSoFileSet: {},
  preloadSoFilePath: 'D:\\harmonyos_code\\CanvasComponent (2)\\CanvasComponent\\entry\\build\\default\\intermediates\\preload\\default\\preload.json',
  useSourceHash: false,
  localModuleParamMap: {},
  otherPaths: {
    'entry/*': [
      '..\\*',
      '..\\..\\..\\build\\default\\generated\\profile\\default\\*'
    ]
  },
  collectImportersConfig: undefined
}
[2026-04-20T20:45:52.103] [DEBUG] debug-file - Compile arkts with external api path: D:\DevEco Studio\sdk\default\hms\ets
[2026-04-20T20:45:52.105] [DEBUG] debug-file - default@CompileArkTS work[0] is submitted.
[2026-04-20T20:45:52.105] [DEBUG] debug-file - default@CompileArkTS work[0] is pushed to ready queue.
[2026-04-20T20:45:52.105] [DEBUG] debug-file - A work dispatched to worker[31] failed because unable to get work from ready queue.
[2026-04-20T20:45:52.105] [DEBUG] debug-file - A work dispatched to worker[30] failed because unable to get work from ready queue.
[2026-04-20T20:45:52.106] [DEBUG] debug-file - A work dispatched to worker[29] failed because unable to get work from ready queue.
[2026-04-20T20:45:52.106] [DEBUG] debug-file - A work dispatched to worker[28] failed because unable to get work from ready queue.
[2026-04-20T20:45:52.106] [DEBUG] debug-file - A work dispatched to worker[27] failed because unable to get work from ready queue.
[2026-04-20T20:45:52.106] [DEBUG] debug-file - A work dispatched to worker[26] failed because unable to get work from ready queue.
[2026-04-20T20:45:52.106] [DEBUG] debug-file - A work dispatched to worker[25] failed because unable to get work from ready queue.
[2026-04-20T20:45:52.106] [DEBUG] debug-file - A work dispatched to worker[24] failed because unable to get work from ready queue.
[2026-04-20T20:45:52.106] [DEBUG] debug-file - A work dispatched to worker[23] failed because unable to get work from ready queue.
[2026-04-20T20:45:52.106] [DEBUG] debug-file - A work dispatched to worker[22] failed because unable to get work from ready queue.
[2026-04-20T20:45:52.106] [DEBUG] debug-file - A work dispatched to worker[21] failed because unable to get work from ready queue.
[2026-04-20T20:45:52.106] [DEBUG] debug-file - A work dispatched to worker[20] failed because unable to get work from ready queue.
[2026-04-20T20:45:52.106] [DEBUG] debug-file - A work dispatched to worker[19] failed because unable to get work from ready queue.
[2026-04-20T20:45:52.106] [DEBUG] debug-file - A work dispatched to worker[18] failed because unable to get work from ready queue.
[2026-04-20T20:45:52.106] [DEBUG] debug-file - A work dispatched to worker[17] failed because unable to get work from ready queue.
[2026-04-20T20:45:52.106] [DEBUG] debug-file - A work dispatched to worker[16] failed because unable to get work from ready queue.
[2026-04-20T20:45:52.106] [DEBUG] debug-file - A work dispatched to worker[15] failed because unable to get work from ready queue.
[2026-04-20T20:45:52.106] [DEBUG] debug-file - A work dispatched to worker[14] failed because unable to get work from ready queue.
[2026-04-20T20:45:52.106] [DEBUG] debug-file - A work dispatched to worker[13] failed because unable to get work from ready queue.
[2026-04-20T20:45:52.106] [DEBUG] debug-file - A work dispatched to worker[12] failed because unable to get work from ready queue.
[2026-04-20T20:45:52.106] [DEBUG] debug-file - A work dispatched to worker[11] failed because unable to get work from ready queue.
[2026-04-20T20:45:52.106] [DEBUG] debug-file - A work dispatched to worker[10] failed because unable to get work from ready queue.
[2026-04-20T20:45:52.106] [DEBUG] debug-file - A work dispatched to worker[9] failed because unable to get work from ready queue.
[2026-04-20T20:45:52.106] [DEBUG] debug-file - A work dispatched to worker[8] failed because unable to get work from ready queue.
[2026-04-20T20:45:52.106] [DEBUG] debug-file - A work dispatched to worker[7] failed because unable to get work from ready queue.
[2026-04-20T20:45:52.106] [DEBUG] debug-file - A work dispatched to worker[6] failed because unable to get work from ready queue.
[2026-04-20T20:45:52.106] [DEBUG] debug-file - A work dispatched to worker[5] failed because unable to get work from ready queue.
[2026-04-20T20:45:52.106] [DEBUG] debug-file - Create  resident worker with id: 4.
[2026-04-20T20:45:52.107] [DEBUG] debug-file - default@CompileArkTS work[0] has been dispatched to worker[4].
[2026-04-20T20:45:52.108] [DEBUG] debug-file - default@CompileArkTS work[0] is dispatched.
[2026-04-20T20:45:52.108] [DEBUG] debug-file - CopyResources startTime: 23613223657900
[2026-04-20T20:45:52.108] [DEBUG] debug-file - default@CompileArkTS work[1] is submitted.
[2026-04-20T20:45:52.109] [DEBUG] debug-file - default@CompileArkTS work[1] is pushed to ready queue.
[2026-04-20T20:45:52.109] [DEBUG] debug-file - A work dispatched to worker[31] failed because unable to get work from ready queue.
[2026-04-20T20:45:52.109] [DEBUG] debug-file - Create  resident worker with id: 30.
[2026-04-20T20:45:52.110] [DEBUG] debug-file - default@CompileArkTS work[1] has been dispatched to worker[30].
[2026-04-20T20:45:52.110] [DEBUG] debug-file - default@CompileArkTS work[1] is dispatched.
[2026-04-20T20:45:52.111] [DEBUG] debug-file - entry : default@CompileArkTS cost memory 1.9348983764648438
[2026-04-20T20:45:52.113] [DEBUG] debug-file - Executing task :entry:default@BuildJS
[2026-04-20T20:45:52.113] [DEBUG] debug-file - Task 'entry:default@BuildJS' cost while wrapping incremental declarations: 1 ms 
[2026-04-20T20:45:52.116] [DEBUG] debug-file - entry : default@BuildJS cost memory 0.38913726806640625
[2026-04-20T20:45:52.116] [DEBUG] debug-file - runTaskFromQueue task cost before running: 4 s 193 ms 
[2026-04-20T20:45:52.116] [INFO] debug-file - Finished :entry:default@BuildJS... after 4 ms 
[2026-04-20T20:45:52.117] [DEBUG] debug-file - Executing task :entry:default@CacheNativeLibs
[2026-04-20T20:45:52.118] [DEBUG] debug-file - File: 'D:\harmonyos_code\CanvasComponent (2)\CanvasComponent\entry\build\default\intermediates\binxo\default' from 'cacheBinxoNativeLibs' is not exists, just ignore.
[2026-04-20T20:45:52.118] [DEBUG] debug-file - Task 'entry:default@CacheNativeLibs' cost while wrapping incremental declarations: 1 ms 
[2026-04-20T20:45:52.118] [DEBUG] debug-file - default@CacheNativeLibs work[2] is submitted.
[2026-04-20T20:45:52.118] [DEBUG] debug-file - default@CacheNativeLibs work[2] is pushed to ready queue.
[2026-04-20T20:45:52.118] [DEBUG] debug-file - A work dispatched to worker[31] failed because unable to get work from ready queue.
[2026-04-20T20:45:52.118] [DEBUG] debug-file - A work dispatched to worker[30] failed because of worker busy.
[2026-04-20T20:45:52.118] [DEBUG] debug-file - Create  resident worker with id: 29.
[2026-04-20T20:45:52.119] [DEBUG] debug-file - default@CacheNativeLibs work[2] has been dispatched to worker[29].
[2026-04-20T20:45:52.119] [DEBUG] debug-file - default@CacheNativeLibs work[2] is dispatched.
[2026-04-20T20:45:52.119] [DEBUG] debug-file - entry : default@CacheNativeLibs cost memory 0.16948699951171875
[2026-04-20T20:45:53.072] [DEBUG] debug-file - worker[30] has one work done.
[2026-04-20T20:45:53.072] [DEBUG] debug-file - CopyResources is end, endTime: 23614188150000
[2026-04-20T20:45:53.072] [DEBUG] debug-file - default@CompileArkTS work[1] done.
[2026-04-20T20:45:53.073] [DEBUG] debug-file - A work dispatched to worker[30] failed because unable to get work from ready queue.
[2026-04-20T20:45:53.135] [DEBUG] debug-file - worker[29] has one work done.
[2026-04-20T20:45:53.135] [DEBUG] debug-file - default@CacheNativeLibs work[2] done.
[2026-04-20T20:45:53.136] [DEBUG] debug-file - A work dispatched to worker[29] failed because unable to get work from ready queue.
[2026-04-20T20:45:53.136] [INFO] debug-file - Finished :entry:default@CacheNativeLibs... after 8 ms 
[2026-04-20T20:45:58.035] [DEBUG] debug-file - worker[4] has one work done.
[2026-04-20T20:45:58.036] [DEBUG] debug-file - Ark compile task finished.finished time is 23619151289800
[2026-04-20T20:45:58.037] [DEBUG] debug-file - default@CompileArkTS work[0] done.
[2026-04-20T20:45:58.037] [DEBUG] debug-file - A work dispatched to worker[4] failed because unable to get work from ready queue.
[2026-04-20T20:45:58.038] [INFO] debug-file - Finished :entry:default@CompileArkTS... after 3 s 862 ms 
[2026-04-20T20:45:58.039] [DEBUG] debug-file - Executing task :entry:default@GeneratePkgModuleJson
[2026-04-20T20:45:58.039] [DEBUG] debug-file - File: 'D:\harmonyos_code\CanvasComponent (2)\CanvasComponent\entry\build\default\intermediates\preload\default\preload.json' from 'preloadSoJsonPath' is not exists, just ignore.
[2026-04-20T20:45:58.040] [DEBUG] debug-file - Error occurs while handling @Input 'shouldDeduplicateHar': The "data" argument must be of type string or an instance of Buffer, TypedArray, or DataView. Received undefined
[2026-04-20T20:45:58.040] [DEBUG] debug-file - Task 'entry:default@GeneratePkgModuleJson' cost while wrapping incremental declarations: 1 ms 
[2026-04-20T20:45:58.041] [DEBUG] debug-file - entry : default@GeneratePkgModuleJson cost memory 0.155487060546875
[2026-04-20T20:45:58.041] [DEBUG] debug-file - runTaskFromQueue task cost before running: 10 s 119 ms 
[2026-04-20T20:45:58.042] [INFO] debug-file - Finished :entry:default@GeneratePkgModuleJson... after 3 ms 
[2026-04-20T20:45:58.042] [DEBUG] debug-file - Executing task :entry:default@ProcessCompiledResources
[2026-04-20T20:45:58.042] [DEBUG] debug-file - File: 'D:\harmonyos_code\CanvasComponent (2)\CanvasComponent\entry\build\default\intermediates\preload\default\preload.json' from 'preloadSoJsonPath' is not exists, just ignore.
[2026-04-20T20:45:58.042] [DEBUG] debug-file - Task 'entry:default@ProcessCompiledResources' cost while wrapping incremental declarations: 1 ms 
[2026-04-20T20:45:58.043] [DEBUG] debug-file - entry : default@ProcessCompiledResources cost memory 0.0595550537109375
[2026-04-20T20:45:58.043] [DEBUG] debug-file - runTaskFromQueue task cost before running: 10 s 120 ms 
[2026-04-20T20:45:58.043] [INFO] debug-file - Finished :entry:default@ProcessCompiledResources... after 1 ms 
[2026-04-20T20:45:58.044] [DEBUG] debug-file - Executing task :entry:default@PackageHap
[2026-04-20T20:45:58.047] [DEBUG] debug-file - Use tool [D:\DevEco Studio\sdk\default\openharmony\toolchains\lib\app_packing_tool.jar]
 [
  'java',
  '-Dfile.encoding=GBK',
  '-jar',
  'D:\\DevEco Studio\\sdk\\default\\openharmony\\toolchains\\lib\\app_packing_tool.jar',
  '--mode',
  'hap',
  '--force',
  'true',
  '--lib-path',
  'D:\\harmonyos_code\\CanvasComponent (2)\\CanvasComponent\\entry\\build\\default\\intermediates\\stripped_native_libs\\default',
  '--json-path',
  'D:\\harmonyos_code\\CanvasComponent (2)\\CanvasComponent\\entry\\build\\default\\intermediates\\package\\default\\module.json',
  '--resources-path',
  'D:\\harmonyos_code\\CanvasComponent (2)\\CanvasComponent\\entry\\build\\default\\intermediates\\res\\default\\resources',
  '--index-path',
  'D:\\harmonyos_code\\CanvasComponent (2)\\CanvasComponent\\entry\\build\\default\\intermediates\\res\\default\\resources.index',
  '--pack-info-path',
  'D:\\harmonyos_code\\CanvasComponent (2)\\CanvasComponent\\entry\\build\\default\\outputs\\default\\pack.info',
  '--out-path',
  'D:\\harmonyos_code\\CanvasComponent (2)\\CanvasComponent\\entry\\build\\default\\outputs\\default\\entry-default-unsigned.hap',
  '--ets-path',
  'D:\\harmonyos_code\\CanvasComponent (2)\\CanvasComponent\\entry\\build\\default\\intermediates\\loader_out\\default\\ets',
  '--pkg-sdk-info-path',
  'D:\\harmonyos_code\\CanvasComponent (2)\\CanvasComponent\\entry\\build\\default\\intermediates\\loader\\default\\pkgSdkInfo.json'
]
[2026-04-20T20:45:58.048] [DEBUG] debug-file - default@PackageHap work[3] is submitted.
[2026-04-20T20:45:58.048] [DEBUG] debug-file - default@PackageHap work[3] is pushed to ready queue.
[2026-04-20T20:45:58.048] [DEBUG] debug-file - A work dispatched to worker[31] failed because unable to get work from ready queue.
[2026-04-20T20:45:58.048] [DEBUG] debug-file - default@PackageHap work[3] has been dispatched to worker[30].
[2026-04-20T20:45:58.048] [DEBUG] debug-file - default@PackageHap work[3] is dispatched.
[2026-04-20T20:45:58.050] [DEBUG] debug-file - entry : default@PackageHap cost memory 0.36884307861328125
[2026-04-20T20:45:58.209] [DEBUG] debug-file - current process  memoryUsage: {
  rss: 725729280,
  heapTotal: 81297408,
  heapUsed: 51956336,
  external: 2365469,
  arrayBuffers: 123792
} os memoryUsage :13.257667541503906
[2026-04-20T20:45:58.602] [DEBUG] debug-file - worker[30] has one work done.
[2026-04-20T20:45:58.603] [DEBUG] debug-file - default@PackageHap work[3] done.
[2026-04-20T20:45:58.603] [DEBUG] debug-file - A work dispatched to worker[30] failed because unable to get work from ready queue.
[2026-04-20T20:45:58.604] [INFO] debug-file - Finished :entry:default@PackageHap... after 402 ms 
[2026-04-20T20:45:58.605] [DEBUG] debug-file - Executing task :entry:default@PackingCheck
[2026-04-20T20:45:58.609] [DEBUG] debug-file - entry : default@PackingCheck cost memory 0.40164947509765625
[2026-04-20T20:45:58.609] [DEBUG] debug-file - runTaskFromQueue task cost before running: 10 s 686 ms 
[2026-04-20T20:45:58.609] [INFO] debug-file - Finished :entry:default@PackingCheck... after 5 ms 
[2026-04-20T20:45:58.610] [DEBUG] debug-file - Executing task :entry:default@SignHap
[2026-04-20T20:45:58.610] [WARN] debug-file - Will skip sign 'hos_hap'. No signingConfigs profile is configured in current project.
             If needed, configure the signingConfigs in D:\harmonyos_code\CanvasComponent (2)\CanvasComponent\build-profile.json5.
[2026-04-20T20:45:58.611] [DEBUG] debug-file - entry : default@SignHap cost memory 0.05609893798828125
[2026-04-20T20:45:58.612] [DEBUG] debug-file - runTaskFromQueue task cost before running: 10 s 689 ms 
[2026-04-20T20:45:58.612] [INFO] debug-file - Finished :entry:default@SignHap... after 2 ms 
[2026-04-20T20:45:58.613] [DEBUG] debug-file - Executing task :entry:default@CollectDebugSymbol
[2026-04-20T20:45:58.615] [DEBUG] debug-file - entry : default@CollectDebugSymbol cost memory 0.093658447265625
[2026-04-20T20:45:58.615] [DEBUG] debug-file - runTaskFromQueue task cost before running: 10 s 692 ms 
[2026-04-20T20:45:58.615] [INFO] debug-file - Finished :entry:default@CollectDebugSymbol... after 2 ms 
[2026-04-20T20:45:58.615] [DEBUG] debug-file - Executing task :entry:assembleHap
[2026-04-20T20:45:58.615] [DEBUG] debug-file - entry : assembleHap cost memory 0.0128326416015625
[2026-04-20T20:45:58.615] [DEBUG] debug-file - runTaskFromQueue task cost before running: 10 s 692 ms 
[2026-04-20T20:45:58.615] [INFO] debug-file - Finished :entry:assembleHap... after 1 ms 
[2026-04-20T20:45:58.629] [INFO] debug-file - BUILD SUCCESSFUL in 10 s 705 ms 
[2026-04-20T20:45:58.630] [DEBUG] debug-file - Update task entry:default@PreBuild input file:D:\harmonyos_code\CanvasComponent (2)\CanvasComponent\AppScope\app.json5 cache by regenerate.
[2026-04-20T20:45:58.631] [DEBUG] debug-file - Update task entry:default@PreBuild input file:D:\harmonyos_code\CanvasComponent (2)\CanvasComponent\entry\src\main\module.json5 cache by regenerate.
[2026-04-20T20:45:58.631] [DEBUG] debug-file - Update task entry:default@PreBuild input file:D:\harmonyos_code\CanvasComponent (2)\CanvasComponent\build-profile.json5 cache by regenerate.
[2026-04-20T20:45:58.631] [DEBUG] debug-file - Update task entry:default@PreBuild input file:D:\harmonyos_code\CanvasComponent (2)\CanvasComponent\entry\build-profile.json5 cache by regenerate.
[2026-04-20T20:45:58.631] [DEBUG] debug-file - Update task entry:default@PreBuild input file:D:\harmonyos_code\CanvasComponent (2)\CanvasComponent\entry\src\main\resources\base\profile\main_pages.json cache by regenerate.
[2026-04-20T20:45:58.631] [DEBUG] debug-file - Update task entry:default@PreBuild input file:D:\harmonyos_code\CanvasComponent (2)\CanvasComponent\hvigor\hvigor-config.json5 cache by regenerate.
[2026-04-20T20:45:58.631] [DEBUG] debug-file - Update task entry:default@PreBuild input file:D:\harmonyos_code\CanvasComponent (2)\CanvasComponent\entry\oh-package.json5 cache by regenerate.
[2026-04-20T20:45:58.632] [DEBUG] debug-file - Update task entry:default@PreBuild input file:D:\harmonyos_code\CanvasComponent (2)\CanvasComponent\oh-package.json5 cache by regenerate.
[2026-04-20T20:45:58.632] [DEBUG] debug-file - Incremental task entry:default@PreBuild post-execution cost:3 ms .
[2026-04-20T20:45:58.632] [DEBUG] debug-file - Update task entry:default@CreateModuleInfo output file:D:\harmonyos_code\CanvasComponent (2)\CanvasComponent\entry\build\default\generated\profile\default\ModuleInfo.ts cache.
[2026-04-20T20:45:58.632] [DEBUG] debug-file - Incremental task entry:default@CreateModuleInfo post-execution cost:1 ms .
[2026-04-20T20:45:58.633] [DEBUG] debug-file - Update task entry:default@GenerateMetadata input file:D:\harmonyos_code\CanvasComponent (2)\CanvasComponent\entry\src\main\module.json5 cache by regenerate.
[2026-04-20T20:45:58.633] [DEBUG] debug-file - Update task entry:default@GenerateMetadata output file:D:\harmonyos_code\CanvasComponent (2)\CanvasComponent\entry\build\default\intermediates\hap_metadata\default\output_metadata.json cache.
[2026-04-20T20:45:58.633] [DEBUG] debug-file - Incremental task entry:default@GenerateMetadata post-execution cost:1 ms .
[2026-04-20T20:45:58.633] [DEBUG] debug-file - Update task entry:default@MergeProfile input file:D:\harmonyos_code\CanvasComponent (2)\CanvasComponent\AppScope\app.json5 cache by regenerate.
[2026-04-20T20:45:58.634] [DEBUG] debug-file - Update task entry:default@MergeProfile input file:D:\harmonyos_code\CanvasComponent (2)\CanvasComponent\build-profile.json5 cache by regenerate.
[2026-04-20T20:45:58.634] [DEBUG] debug-file - Update task entry:default@MergeProfile input file:D:\harmonyos_code\CanvasComponent (2)\CanvasComponent\entry\src\main\module.json5 cache by regenerate.
[2026-04-20T20:45:58.634] [DEBUG] debug-file - Update task entry:default@MergeProfile output file:D:\harmonyos_code\CanvasComponent (2)\CanvasComponent\entry\build\default\intermediates\merge_profile\default\module.json cache.
[2026-04-20T20:45:58.634] [DEBUG] debug-file - Incremental task entry:default@MergeProfile post-execution cost:2 ms .
[2026-04-20T20:45:58.634] [DEBUG] debug-file - Update task entry:default@CreateBuildProfile input file:D:\harmonyos_code\CanvasComponent (2)\CanvasComponent\AppScope\app.json5 cache by regenerate.
[2026-04-20T20:45:58.635] [DEBUG] debug-file - Update task entry:default@CreateBuildProfile input file:D:\harmonyos_code\CanvasComponent (2)\CanvasComponent\build-profile.json5 cache by regenerate.
[2026-04-20T20:45:58.635] [DEBUG] debug-file - Update task entry:default@CreateBuildProfile output file:D:\harmonyos_code\CanvasComponent (2)\CanvasComponent\entry\build\default\generated\profile\default\BuildProfile.ets cache.
[2026-04-20T20:45:58.635] [DEBUG] debug-file - Incremental task entry:default@CreateBuildProfile post-execution cost:1 ms .
[2026-04-20T20:45:58.635] [DEBUG] debug-file - Update task entry:default@GeneratePkgContextInfo output file:D:\harmonyos_code\CanvasComponent (2)\CanvasComponent\entry\build\default\intermediates\loader\default\pkgContextInfo.json cache.
[2026-04-20T20:45:58.635] [DEBUG] debug-file - Incremental task entry:default@GeneratePkgContextInfo post-execution cost:1 ms .
[2026-04-20T20:45:58.635] [DEBUG] debug-file - Update task entry:default@GeneratePkgSdkInfo output file:D:\harmonyos_code\CanvasComponent (2)\CanvasComponent\entry\build\default\intermediates\loader\default\pkgSdkInfo.json cache.
[2026-04-20T20:45:58.636] [DEBUG] debug-file - Incremental task entry:default@GeneratePkgSdkInfo post-execution cost:1 ms .
[2026-04-20T20:45:58.636] [DEBUG] debug-file - Update task entry:default@ProcessIntegratedHsp output file:D:\harmonyos_code\CanvasComponent (2)\CanvasComponent\build\cache\default\integrated_hsp\integratedHspCache.json cache.
[2026-04-20T20:45:58.636] [DEBUG] debug-file - Incremental task entry:default@ProcessIntegratedHsp post-execution cost:1 ms .
[2026-04-20T20:45:58.636] [DEBUG] debug-file - Update task entry:default@MakePackInfo input file:D:\harmonyos_code\CanvasComponent (2)\CanvasComponent\AppScope\app.json5 cache by regenerate.
[2026-04-20T20:45:58.636] [DEBUG] debug-file - Update task entry:default@MakePackInfo input file:D:\harmonyos_code\CanvasComponent (2)\CanvasComponent\entry\src\main\module.json5 cache by regenerate.
[2026-04-20T20:45:58.636] [DEBUG] debug-file - Update task entry:default@MakePackInfo input file:D:\harmonyos_code\CanvasComponent (2)\CanvasComponent\build-profile.json5 cache by regenerate.
[2026-04-20T20:45:58.636] [DEBUG] debug-file - Update task entry:default@MakePackInfo output file:D:\harmonyos_code\CanvasComponent (2)\CanvasComponent\entry\build\default\outputs\default\pack.info cache.
[2026-04-20T20:45:58.637] [DEBUG] debug-file - Incremental task entry:default@MakePackInfo post-execution cost:1 ms .
[2026-04-20T20:45:58.637] [DEBUG] debug-file - Update task entry:default@SyscapTransform input file:D:\DevEco Studio\sdk\default\openharmony\toolchains\syscap_tool.exe cache by regenerate.
[2026-04-20T20:45:58.637] [DEBUG] debug-file - Update task entry:default@SyscapTransform input file:D:\DevEco Studio\sdk\default\openharmony\ets\api\device-define cache by regenerate.
[2026-04-20T20:45:58.638] [DEBUG] debug-file - Update task entry:default@SyscapTransform output file:D:\harmonyos_code\CanvasComponent (2)\CanvasComponent\entry\build\default\intermediates\syscap\default\rpcid.sc cache.
[2026-04-20T20:45:58.638] [DEBUG] debug-file - Incremental task entry:default@SyscapTransform post-execution cost:2 ms .
[2026-04-20T20:45:58.638] [DEBUG] debug-file - Update task entry:default@ProcessProfile input file:D:\harmonyos_code\CanvasComponent (2)\CanvasComponent\entry\build\default\intermediates\merge_profile\default\module.json cache by regenerate.
[2026-04-20T20:45:58.638] [DEBUG] debug-file - Update task entry:default@ProcessProfile output file:D:\harmonyos_code\CanvasComponent (2)\CanvasComponent\entry\build\default\intermediates\process_profile\default\module.json cache.
[2026-04-20T20:45:58.639] [DEBUG] debug-file - Incremental task entry:default@ProcessProfile post-execution cost:1 ms .
[2026-04-20T20:45:58.639] [DEBUG] debug-file - Update task entry:default@ProcessRouterMap input file:D:\harmonyos_code\CanvasComponent (2)\CanvasComponent\entry\oh-package.json5 cache by regenerate.
[2026-04-20T20:45:58.639] [DEBUG] debug-file - Update task entry:default@ProcessRouterMap input file:D:\harmonyos_code\CanvasComponent (2)\CanvasComponent\oh-package.json5 cache by regenerate.
[2026-04-20T20:45:58.639] [DEBUG] debug-file - Update task entry:default@ProcessRouterMap input file:D:\harmonyos_code\CanvasComponent (2)\CanvasComponent\entry\src\main\module.json5 cache by regenerate.
[2026-04-20T20:45:58.639] [DEBUG] debug-file - Update task entry:default@ProcessRouterMap output file:D:\harmonyos_code\CanvasComponent (2)\CanvasComponent\entry\build\default\intermediates\router_map\default\temp-router-map.json cache.
[2026-04-20T20:45:58.640] [DEBUG] debug-file - Update task entry:default@ProcessRouterMap output file:D:\harmonyos_code\CanvasComponent (2)\CanvasComponent\entry\build\default\intermediates\router_map\default\loader-router-map.json cache.
[2026-04-20T20:45:58.640] [DEBUG] debug-file - Incremental task entry:default@ProcessRouterMap post-execution cost:2 ms .
[2026-04-20T20:45:58.640] [DEBUG] debug-file - Update task entry:default@ProcessShareConfig input file:D:\harmonyos_code\CanvasComponent (2)\CanvasComponent\entry\oh-package.json5 cache by regenerate.
[2026-04-20T20:45:58.640] [DEBUG] debug-file - Update task entry:default@ProcessShareConfig input file:D:\harmonyos_code\CanvasComponent (2)\CanvasComponent\oh-package.json5 cache by regenerate.
[2026-04-20T20:45:58.640] [DEBUG] debug-file - Update task entry:default@ProcessShareConfig input file:D:\harmonyos_code\CanvasComponent (2)\CanvasComponent\entry\src\main\module.json5 cache by regenerate.
[2026-04-20T20:45:58.640] [DEBUG] debug-file - Update task entry:default@ProcessShareConfig output file:D:\harmonyos_code\CanvasComponent (2)\CanvasComponent\entry\build\default\intermediates\share_config\default\temp-share-config.json cache.
[2026-04-20T20:45:58.641] [DEBUG] debug-file - Incremental task entry:default@ProcessShareConfig post-execution cost:1 ms .
[2026-04-20T20:45:58.641] [DEBUG] debug-file - Update task entry:default@ProcessStartupConfig output file:D:\harmonyos_code\CanvasComponent (2)\CanvasComponent\entry\build\default\intermediates\startup\default\startup_config.json cache.
[2026-04-20T20:45:58.641] [DEBUG] debug-file - Incremental task entry:default@ProcessStartupConfig post-execution cost:1 ms .
[2026-04-20T20:45:58.641] [DEBUG] debug-file - Update task entry:default@ProcessResource output file:D:\harmonyos_code\CanvasComponent (2)\CanvasComponent\entry\build\default\intermediates\res\default\resConfig.json cache.
[2026-04-20T20:45:58.641] [DEBUG] debug-file - Update task entry:default@ProcessResource output file:D:\harmonyos_code\CanvasComponent (2)\CanvasComponent\entry\build\default\intermediates\res\default\opt-compression.json cache.
[2026-04-20T20:45:58.641] [DEBUG] debug-file - Incremental task entry:default@ProcessResource post-execution cost:1 ms .
[2026-04-20T20:45:58.642] [DEBUG] debug-file - Update task entry:default@GenerateLoaderJson input file:D:\harmonyos_code\CanvasComponent (2)\CanvasComponent\entry\build\default\intermediates\router_map\default\temp-router-map.json cache by regenerate.
[2026-04-20T20:45:58.642] [DEBUG] debug-file - Update task entry:default@GenerateLoaderJson output file:D:\harmonyos_code\CanvasComponent (2)\CanvasComponent\entry\build\default\intermediates\loader\default\loader.json cache.
[2026-04-20T20:45:58.643] [DEBUG] debug-file - Incremental task entry:default@GenerateLoaderJson post-execution cost:2 ms .
[2026-04-20T20:45:58.643] [DEBUG] debug-file - Update task entry:default@ProcessLibs input file:D:\harmonyos_code\CanvasComponent (2)\CanvasComponent\build-profile.json5 cache by regenerate.
[2026-04-20T20:45:58.643] [DEBUG] debug-file - Update task entry:default@ProcessLibs input file:D:\harmonyos_code\CanvasComponent (2)\CanvasComponent\entry\build-profile.json5 cache by regenerate.
[2026-04-20T20:45:58.643] [DEBUG] debug-file - Update task entry:default@ProcessLibs output file:D:\harmonyos_code\CanvasComponent (2)\CanvasComponent\entry\build\default\intermediates\libs\default cache.
[2026-04-20T20:45:58.643] [DEBUG] debug-file - Incremental task entry:default@ProcessLibs post-execution cost:1 ms .
[2026-04-20T20:45:58.644] [DEBUG] debug-file - Update task entry:default@CompileResource input file:D:\harmonyos_code\CanvasComponent (2)\CanvasComponent\entry\src\main\resources cache by regenerate.
[2026-04-20T20:45:58.647] [DEBUG] debug-file - Update task entry:default@CompileResource input file:D:\harmonyos_code\CanvasComponent (2)\CanvasComponent\AppScope\resources cache by regenerate.
[2026-04-20T20:45:58.648] [DEBUG] debug-file - Update task entry:default@CompileResource input file:D:\harmonyos_code\CanvasComponent (2)\CanvasComponent\entry\build\default\intermediates\process_profile\default\module.json cache by regenerate.
[2026-04-20T20:45:58.648] [DEBUG] debug-file - Update task entry:default@CompileResource input file:D:\harmonyos_code\CanvasComponent (2)\CanvasComponent\entry\build\default\intermediates\res\default\resConfig.json cache by regenerate.
[2026-04-20T20:45:58.649] [DEBUG] debug-file - Update task entry:default@CompileResource output file:D:\harmonyos_code\CanvasComponent (2)\CanvasComponent\entry\build\default\intermediates\res\default cache.
[2026-04-20T20:45:58.652] [DEBUG] debug-file - Update task entry:default@CompileResource output file:D:\harmonyos_code\CanvasComponent (2)\CanvasComponent\entry\build\default\generated\r\default\ResourceTable.h cache.
[2026-04-20T20:45:58.653] [DEBUG] debug-file - Update task entry:default@CompileResource output file:D:\harmonyos_code\CanvasComponent (2)\CanvasComponent\entry\build\default\generated\r\default\ResourceTable.ts cache.
[2026-04-20T20:45:58.653] [DEBUG] debug-file - Update task entry:default@CompileResource output file:D:\harmonyos_code\CanvasComponent (2)\CanvasComponent\entry\build\default\generated\r\default cache.
[2026-04-20T20:45:58.653] [DEBUG] debug-file - Incremental task entry:default@CompileResource post-execution cost:10 ms .
[2026-04-20T20:45:58.653] [DEBUG] debug-file - Update task entry:default@DoNativeStrip input file:D:\harmonyos_code\CanvasComponent (2)\CanvasComponent\entry\build\default\intermediates\libs\default cache by regenerate.
[2026-04-20T20:45:58.654] [DEBUG] debug-file - Update task entry:default@DoNativeStrip output file:D:\harmonyos_code\CanvasComponent (2)\CanvasComponent\entry\build\default\intermediates\stripped_native_libs\default cache.
[2026-04-20T20:45:58.654] [DEBUG] debug-file - Incremental task entry:default@DoNativeStrip post-execution cost:1 ms .
[2026-04-20T20:45:58.655] [DEBUG] debug-file - Update task entry:default@CompileArkTS input file:D:\harmonyos_code\CanvasComponent (2)\CanvasComponent\entry\build\default\intermediates\loader\default cache by regenerate.
[2026-04-20T20:45:58.655] [DEBUG] debug-file - Update task entry:default@CompileArkTS input file:D:\harmonyos_code\CanvasComponent (2)\CanvasComponent\entry\build\default\intermediates\res\default\ResourceTable.txt cache by regenerate.
[2026-04-20T20:45:58.655] [DEBUG] debug-file - Update task entry:default@CompileArkTS input file:D:\harmonyos_code\CanvasComponent (2)\CanvasComponent\entry\build\default\intermediates\res\default\ark_module.json cache by regenerate.
[2026-04-20T20:45:58.656] [DEBUG] debug-file - Update task entry:default@CompileArkTS input file:D:\harmonyos_code\CanvasComponent (2)\CanvasComponent\entry\build\default\intermediates\res\default\resources\base\profile cache by regenerate.
[2026-04-20T20:45:58.656] [DEBUG] debug-file - Update task entry:default@CompileArkTS input file:D:\harmonyos_code\CanvasComponent (2)\CanvasComponent\entry\src\main\ets cache by regenerate.
[2026-04-20T20:45:58.658] [DEBUG] debug-file - Update task entry:default@CompileArkTS input file:D:\harmonyos_code\CanvasComponent (2)\CanvasComponent\entry\build\default\generated\profile\default\BuildProfile.ets cache by regenerate.
[2026-04-20T20:45:58.658] [DEBUG] debug-file - Update task entry:default@CompileArkTS output file:D:\harmonyos_code\CanvasComponent (2)\CanvasComponent\entry\build\default\intermediates\loader_out\default\ets cache.
[2026-04-20T20:45:58.659] [DEBUG] debug-file - Incremental task entry:default@CompileArkTS post-execution cost:5 ms .
[2026-04-20T20:45:58.659] [DEBUG] debug-file - Update task entry:default@BuildJS input file:D:\harmonyos_code\CanvasComponent (2)\CanvasComponent\entry\build\default\intermediates\loader\default cache by regenerate.
[2026-04-20T20:45:58.660] [DEBUG] debug-file - Update task entry:default@BuildJS input file:D:\harmonyos_code\CanvasComponent (2)\CanvasComponent\entry\build\default\intermediates\res\default\ResourceTable.txt cache by regenerate.
[2026-04-20T20:45:58.660] [DEBUG] debug-file - Update task entry:default@BuildJS input file:D:\harmonyos_code\CanvasComponent (2)\CanvasComponent\entry\build\default\intermediates\res\default\ark_module.json cache by regenerate.
[2026-04-20T20:45:58.660] [DEBUG] debug-file - Update task entry:default@BuildJS input file:D:\harmonyos_code\CanvasComponent (2)\CanvasComponent\entry\build\default\intermediates\res\default\resources\base\profile cache by regenerate.
[2026-04-20T20:45:58.661] [DEBUG] debug-file - Update task entry:default@BuildJS output file:D:\harmonyos_code\CanvasComponent (2)\CanvasComponent\entry\build\default\intermediates\loader_out\default\js cache.
[2026-04-20T20:45:58.661] [DEBUG] debug-file - Incremental task entry:default@BuildJS post-execution cost:3 ms .
[2026-04-20T20:45:58.661] [DEBUG] debug-file - Update task entry:default@CacheNativeLibs input file:D:\harmonyos_code\CanvasComponent (2)\CanvasComponent\entry\build\default\intermediates\stripped_native_libs\default cache by regenerate.
[2026-04-20T20:45:58.661] [DEBUG] debug-file - Update task entry:default@CacheNativeLibs input file:D:\harmonyos_code\CanvasComponent (2)\CanvasComponent\entry\build\default\intermediates\libs\default cache by regenerate.
[2026-04-20T20:45:58.661] [DEBUG] debug-file - Update task entry:default@CacheNativeLibs output file:D:\harmonyos_code\CanvasComponent (2)\CanvasComponent\entry\build\default\intermediates\patch\default\base_native_libs.json cache.
[2026-04-20T20:45:58.661] [DEBUG] debug-file - Update task entry:default@CacheNativeLibs output file:D:\harmonyos_code\CanvasComponent (2)\CanvasComponent\entry\build\default\intermediates\patch\default\binxo_native_libs.json cache.
[2026-04-20T20:45:58.662] [DEBUG] debug-file - Incremental task entry:default@CacheNativeLibs post-execution cost:1 ms .
[2026-04-20T20:45:58.662] [DEBUG] debug-file - Update task entry:default@GeneratePkgModuleJson input file:D:\harmonyos_code\CanvasComponent (2)\CanvasComponent\entry\build\default\intermediates\res\default\module.json cache by regenerate.
[2026-04-20T20:45:58.662] [DEBUG] debug-file - Update task entry:default@GeneratePkgModuleJson output file:D:\harmonyos_code\CanvasComponent (2)\CanvasComponent\entry\build\default\intermediates\package\default\module.json cache.
[2026-04-20T20:45:58.662] [DEBUG] debug-file - Incremental task entry:default@GeneratePkgModuleJson post-execution cost:1 ms .
[2026-04-20T20:45:58.662] [DEBUG] debug-file - Incremental task entry:default@ProcessCompiledResources post-execution cost:1 ms .
[2026-04-20T20:45:58.663] [DEBUG] debug-file - Update task entry:default@PackageHap input file:D:\harmonyos_code\CanvasComponent (2)\CanvasComponent\entry\build\default\intermediates\stripped_native_libs\default cache by regenerate.
[2026-04-20T20:45:58.663] [DEBUG] debug-file - Update task entry:default@PackageHap input file:D:\harmonyos_code\CanvasComponent (2)\CanvasComponent\entry\build\default\intermediates\res\default\module.json cache by regenerate.
[2026-04-20T20:45:58.663] [DEBUG] debug-file - Update task entry:default@PackageHap input file:D:\harmonyos_code\CanvasComponent (2)\CanvasComponent\entry\build\default\intermediates\res\default\resources cache by regenerate.
[2026-04-20T20:45:58.665] [DEBUG] debug-file - Update task entry:default@PackageHap input file:D:\harmonyos_code\CanvasComponent (2)\CanvasComponent\entry\build\default\intermediates\res\default\resources.index cache by regenerate.
[2026-04-20T20:45:58.666] [DEBUG] debug-file - Update task entry:default@PackageHap input file:D:\harmonyos_code\CanvasComponent (2)\CanvasComponent\entry\build\default\outputs\default\pack.info cache by regenerate.
[2026-04-20T20:45:58.666] [DEBUG] debug-file - Update task entry:default@PackageHap input file:D:\harmonyos_code\CanvasComponent (2)\CanvasComponent\entry\build\default\intermediates\loader_out\default\ets cache by regenerate.
[2026-04-20T20:45:58.666] [DEBUG] debug-file - Update task entry:default@PackageHap input file:D:\harmonyos_code\CanvasComponent (2)\CanvasComponent\entry\build\default\intermediates\loader\default\pkgSdkInfo.json cache by regenerate.
[2026-04-20T20:45:58.666] [DEBUG] debug-file - Update task entry:default@PackageHap input file:D:\harmonyos_code\CanvasComponent (2)\CanvasComponent\entry\build\default\intermediates\loader_out\default\ets\sourceMaps.map cache by regenerate.
[2026-04-20T20:45:58.667] [DEBUG] debug-file - Update task entry:default@PackageHap input file:D:\harmonyos_code\CanvasComponent (2)\CanvasComponent\entry\build\default\generated\profile\default\BuildProfile.ets cache by regenerate.
[2026-04-20T20:45:58.667] [DEBUG] debug-file - Update task entry:default@PackageHap output file:D:\harmonyos_code\CanvasComponent (2)\CanvasComponent\entry\build\default\outputs\default\entry-default-unsigned.hap cache.
[2026-04-20T20:45:58.667] [DEBUG] debug-file - Update task entry:default@PackageHap output file:D:\harmonyos_code\CanvasComponent (2)\CanvasComponent\entry\build\default\intermediates\source_map\default\sourceMaps.map cache.
[2026-04-20T20:45:58.667] [DEBUG] debug-file - Update task entry:default@PackageHap output file:D:\harmonyos_code\CanvasComponent (2)\CanvasComponent\entry\build\default\outputs\default\mapping\sourceMaps.map cache.
[2026-04-20T20:45:58.667] [DEBUG] debug-file - Incremental task entry:default@PackageHap post-execution cost:6 ms .
[2026-04-20T20:45:58.668] [DEBUG] debug-file - Update task entry:default@SignHap input file:D:\harmonyos_code\CanvasComponent (2)\CanvasComponent\entry\build\default\outputs\default\entry-default-unsigned.hap cache by regenerate.
[2026-04-20T20:45:58.668] [DEBUG] debug-file - Update task entry:default@SignHap output file:D:\harmonyos_code\CanvasComponent (2)\CanvasComponent\entry\build\default\outputs\default\entry-default-signed.hap cache.
[2026-04-20T20:45:58.668] [DEBUG] debug-file - Incremental task entry:default@SignHap post-execution cost:1 ms .
[2026-04-20T20:45:58.668] [DEBUG] debug-file - Update task entry:default@CollectDebugSymbol input file:D:\harmonyos_code\CanvasComponent (2)\CanvasComponent\entry\build\default\intermediates\loader_out\default\ets\sourceMaps.map cache by regenerate.
[2026-04-20T20:45:58.668] [DEBUG] debug-file - Update task entry:default@CollectDebugSymbol input file:D:\harmonyos_code\CanvasComponent (2)\CanvasComponent\entry\build\default\intermediates\libs\default cache by regenerate.
[2026-04-20T20:45:58.669] [DEBUG] debug-file - Update task entry:default@CollectDebugSymbol output file:D:\harmonyos_code\CanvasComponent (2)\CanvasComponent\entry\build\default\outputs\default\symbol cache.
[2026-04-20T20:45:58.669] [DEBUG] debug-file - Incremental task entry:default@CollectDebugSymbol post-execution cost:1 ms .
[2026-04-20T20:45:58.689] [DEBUG] debug-file - Cleanup worker 0.
[2026-04-20T20:45:58.689] [DEBUG] debug-file - Worker 0 has been cleaned up.
[2026-04-20T20:45:58.689] [DEBUG] debug-file - Current idle worker size: 4.
[2026-04-20T20:45:58.689] [DEBUG] debug-file - Current resident worker size: 5.
[2026-04-20T20:45:58.689] [DEBUG] debug-file - Cleanup worker 1.
[2026-04-20T20:45:58.689] [DEBUG] debug-file - Worker 1 has been cleaned up.
[2026-04-20T20:45:58.689] [DEBUG] debug-file - Current idle worker size: 3.
[2026-04-20T20:45:58.689] [DEBUG] debug-file - Current resident worker size: 5.
[2026-04-20T20:45:58.689] [DEBUG] debug-file - Cleanup worker 29.
[2026-04-20T20:45:58.689] [DEBUG] debug-file - Worker 29 has been cleaned up.
[2026-04-20T20:45:58.689] [DEBUG] debug-file - Current idle worker size: 2.
[2026-04-20T20:45:58.689] [DEBUG] debug-file - Current resident worker size: 5.
[2026-04-20T20:45:58.689] [DEBUG] debug-file - Cleanup worker 30.
[2026-04-20T20:45:58.689] [DEBUG] debug-file - Worker 30 has been cleaned up.
[2026-04-20T20:45:58.689] [DEBUG] debug-file - Current idle worker size: 1.
[2026-04-20T20:45:58.689] [DEBUG] debug-file - Current resident worker size: 5.
[2026-04-20T20:45:58.691] [DEBUG] debug-file - hvigor build process will be closed.
[2026-04-20T20:45:58.693] [DEBUG] debug-file - session manager: send message to worker process.
[2026-04-20T20:45:58.694] [DEBUG] debug-file - session manager: send message to worker process.
[2026-04-20T20:45:58.692] [DEBUG] debug-file - worker[0] exits with exit code 1.
[2026-04-20T20:45:58.693] [DEBUG] debug-file - worker[1] exits with exit code 1.
[2026-04-20T20:45:58.694] [DEBUG] debug-file - watch worker: worker id should be larger than 0. Nothing will be sent to any worker thread.
[2026-04-20T20:45:58.694] [DEBUG] debug-file - watch worker: worker id should be larger than 0. Nothing will be sent to any worker thread.
[2026-04-20T20:45:58.701] [DEBUG] debug-file - worker[29] exits with exit code 1.
[2026-04-20T20:45:58.703] [DEBUG] debug-file - worker[30] exits with exit code 1.
[2026-04-20T20:46:36.550] [DEBUG] debug-file - session manager: set active socket. socketId=0EuqZU0OCb-xSjM6AAAD
[2026-04-20T20:46:36.558] [DEBUG] debug-file - watch worker: worker id should be larger than 0. Nothing will be sent to any worker thread.
[2026-04-20T20:46:36.563] [DEBUG] debug-file - Workers' log level updated to INFO
[2026-04-20T20:46:36.567] [DEBUG] debug-file - Hvigor init with startParameters:{
  hvigorfileTypeCheck: false,
  parallelExecution: true,
  incrementalExecution: true,
  printStackTrace: false,
  daemon: true,
  analyze: 0,
  logLevel: Level { level: 20000, levelStr: 'INFO', colour: 'green' },
  optimizationStrategy: 'memory',
  hotCompile: undefined,
  hotReloadBuild: undefined,
  customizedParam: undefined
}
[2026-04-20T20:46:36.572] [DEBUG] debug-file - Cache service initialization finished in 5 ms 
[2026-04-20T20:46:36.573] [DEBUG] debug-file - hvigorfile, resolving D:\harmonyos_code\CanvasComponent (2)\CanvasComponent\hvigorfile.ts
[2026-04-20T20:46:36.578] [DEBUG] debug-file - hvigorfile, require result:  {}
[2026-04-20T20:46:36.579] [DEBUG] debug-file - hvigorfile, binding system plugins {}
[2026-04-20T20:46:36.579] [DEBUG] debug-file - Starting plugin build process
[2026-04-20T20:46:36.579] [DEBUG] debug-file - App plugin prepare start...
[2026-04-20T20:46:36.579] [DEBUG] debug-file - App plugin prepare end...
[2026-04-20T20:46:36.579] [DEBUG] debug-file - App plugin creating...
[2026-04-20T20:46:36.582] [DEBUG] debug-file - App plugin register hook start...
[2026-04-20T20:46:36.583] [DEBUG] debug-file - App plugin register hook end...
[2026-04-20T20:46:36.583] [DEBUG] debug-file - Plugin build process completed
[2026-04-20T20:46:36.583] [DEBUG] debug-file - Start initialize project's product build option map with build mode debug.
[2026-04-20T20:46:36.583] [DEBUG] debug-file - Picking option from product 'default' with build mode 'debug'.
[2026-04-20T20:46:36.583] [DEBUG] debug-file - Product 'default' build option initialized
[2026-04-20T20:46:36.583] [DEBUG] debug-file - End initialize project's product build option map with build mode 'debug'.
[2026-04-20T20:46:36.584] [DEBUG] debug-file - Obtain build option for product 'default'in this build.
[2026-04-20T20:46:36.585] [DEBUG] debug-file - No signingConfig found, initRemoteHspCache failed.
[2026-04-20T20:46:36.588] [DEBUG] debug-file - Start recording SDK configuration permission data.
[2026-04-20T20:46:36.618] [DEBUG] debug-file - Sdk init in 33 ms 
[2026-04-20T20:46:36.622] [DEBUG] debug-file - Project task initialization takes 4 ms 
[2026-04-20T20:46:36.622] [DEBUG] debug-file - hvigorfile, resolve finished D:\harmonyos_code\CanvasComponent (2)\CanvasComponent\hvigorfile.ts
[2026-04-20T20:46:36.623] [DEBUG] debug-file - hvigorfile, resolving D:\harmonyos_code\CanvasComponent (2)\CanvasComponent\entry\hvigorfile.ts
[2026-04-20T20:46:36.626] [DEBUG] debug-file - hvigorfile, require result:  {}
[2026-04-20T20:46:36.626] [DEBUG] debug-file - hvigorfile, binding system plugins {}
[2026-04-20T20:46:36.626] [DEBUG] debug-file - Starting plugin build process
[2026-04-20T20:46:36.626] [DEBUG] debug-file - Hap plugin creating...
[2026-04-20T20:46:36.628] [DEBUG] debug-file - failed to load cangjie to dynamically generate schemas: Error: Cannot find module '@ohos/cangjie-build-support/index'
Require stack:
- D:\DevEco Studio\tools\hvigor\hvigor-ohos-plugin\src\plugin\hooks\cangjie-register.js
- D:\DevEco Studio\tools\hvigor\hvigor-ohos-plugin\src\plugin\strategy\stage-init-strategy.js
- D:\DevEco Studio\tools\hvigor\hvigor-ohos-plugin\src\plugin\builder\abstract-plugin-builder.js
- D:\DevEco Studio\tools\hvigor\hvigor-ohos-plugin\src\plugin\builder\app-plugin-builder.js
- D:\DevEco Studio\tools\hvigor\hvigor-ohos-plugin\src\plugin\factory\plugin-factory.js
- D:\DevEco Studio\tools\hvigor\hvigor-ohos-plugin\index.js
- D:\harmonyos_code\CanvasComponent (2)\CanvasComponent\hvigorfile.ts
- D:\DevEco Studio\tools\hvigor\hvigor\src\base\internal\lifecycle\configuration.js
- D:\DevEco Studio\tools\hvigor\hvigor\src\base\boot\index.js
- D:\DevEco Studio\tools\hvigor\hvigor\src\base\daemon\cluster\worker-process-lifecycle.js
- D:\DevEco Studio\tools\hvigor\hvigor\src\base\daemon\process\daemon-process-boot-script.js
[2026-04-20T20:46:36.633] [DEBUG] debug-file - Start initialize module-target build option map, moduleName=entry, buildMode=release
[2026-04-20T20:46:36.633] [DEBUG] debug-file - Target 'default' config initialized
[2026-04-20T20:46:36.633] [DEBUG] debug-file - Module 'entry' target 'default' build option initialized
[2026-04-20T20:46:36.633] [DEBUG] debug-file - End initialize module-target build option map, moduleName=entry
[2026-04-20T20:46:36.633] [DEBUG] debug-file - Start initialize module-target build option map, moduleName=entry, buildMode=debug
[2026-04-20T20:46:36.633] [DEBUG] debug-file - Target 'default' config initialized
[2026-04-20T20:46:36.633] [DEBUG] debug-file - Module 'entry' target 'default' build option initialized
[2026-04-20T20:46:36.633] [DEBUG] debug-file - End initialize module-target build option map, moduleName=entry
[2026-04-20T20:46:36.633] [DEBUG] debug-file - Start initialize module-target build option map, moduleName=entry, buildMode=debug
[2026-04-20T20:46:36.633] [DEBUG] debug-file - Target 'default' config initialized
[2026-04-20T20:46:36.633] [DEBUG] debug-file - Module 'entry' target 'default' build option initialized
[2026-04-20T20:46:36.633] [DEBUG] debug-file - End initialize module-target build option map, moduleName=entry
[2026-04-20T20:46:36.633] [DEBUG] debug-file - Obtain build option for module 'entry' target 'default'in this build.
[2026-04-20T20:46:36.634] [DEBUG] debug-file - Module entry task initialization takes 1 ms 
[2026-04-20T20:46:36.634] [DEBUG] debug-file - Hap plugin register hook start...
[2026-04-20T20:46:36.634] [DEBUG] debug-file - Hap plugin register hook end...
[2026-04-20T20:46:36.634] [DEBUG] debug-file - Plugin build process completed
[2026-04-20T20:46:36.635] [DEBUG] debug-file - hvigorfile, resolve finished D:\harmonyos_code\CanvasComponent (2)\CanvasComponent\entry\hvigorfile.ts
[2026-04-20T20:46:36.652] [DEBUG] debug-file - hvigorfile, resolve hvigorfile dependencies in 18 ms 
[2026-04-20T20:46:36.652] [DEBUG] debug-file - project has submodules:entry
[2026-04-20T20:46:36.653] [DEBUG] debug-file - Start to initialize dependency information.
[2026-04-20T20:46:36.654] [DEBUG] debug-file - Module CanvasComponent Collected Dependency: 
[2026-04-20T20:46:36.654] [DEBUG] debug-file - Module CanvasComponent's total dependency: 0
[2026-04-20T20:46:36.654] [DEBUG] debug-file - Start to initialize dependency information.
[2026-04-20T20:46:36.656] [DEBUG] debug-file - Module entry Collected Dependency: 
[2026-04-20T20:46:36.656] [DEBUG] debug-file - Module entry's total dependency: 0
[2026-04-20T20:46:36.657] [DEBUG] debug-file - Configuration phase cost:85 ms 
[2026-04-20T20:46:36.658] [DEBUG] debug-file - Configuration task cost before running: 95 ms 
[2026-04-20T20:46:36.658] [DEBUG] debug-file - Executing task :entry:clean
[2026-04-20T20:46:36.658] [DEBUG] debug-file - clean: Start terminating worker pool.
[2026-04-20T20:46:36.658] [DEBUG] debug-file - Current worker pool is stopped or closed.
[2026-04-20T20:46:36.658] [DEBUG] debug-file - Clear worker 4.
[2026-04-20T20:46:36.658] [DEBUG] debug-file - Worker 4 has been cleared.
[2026-04-20T20:46:36.658] [DEBUG] debug-file - Current idle worker size: 0.
[2026-04-20T20:46:36.658] [DEBUG] debug-file - Current busy worker size: 0.
[2026-04-20T20:46:36.660] [DEBUG] debug-file - Current worker pool is terminated.
[2026-04-20T20:46:36.660] [DEBUG] debug-file - clean: Terminating worker pool finished.
[2026-04-20T20:46:36.737] [DEBUG] debug-file - entry : clean cost memory 0.7565689086914062
[2026-04-20T20:46:36.737] [DEBUG] debug-file - runTaskFromQueue task cost before running: 174 ms 
[2026-04-20T20:46:36.737] [INFO] debug-file - Finished :entry:clean... after 80 ms 
[2026-04-20T20:46:36.737] [DEBUG] debug-file - Executing task ::clean
[2026-04-20T20:46:36.738] [DEBUG] debug-file - clean: Worker pool is inactive.
[2026-04-20T20:46:36.738] [DEBUG] debug-file - CanvasComponent : clean cost memory 0.02587890625
[2026-04-20T20:46:36.738] [DEBUG] debug-file - runTaskFromQueue task cost before running: 175 ms 
[2026-04-20T20:46:36.738] [INFO] debug-file - Finished ::clean... after 1 ms 
[2026-04-20T20:46:36.749] [INFO] debug-file - BUILD SUCCESSFUL in 186 ms 
[2026-04-20T20:46:36.780] [DEBUG] debug-file - worker[4] exits with exit code 1.
[2026-04-20T20:46:36.781] [DEBUG] debug-file - Since there is no instance or instance is terminated, create a new worker pool.
[2026-04-20T20:46:36.781] [DEBUG] debug-file - Worker pool is initialized with config:  {
  minPoolNum: 2,
  maxPoolNum: undefined,
  maxCoreSize: undefined,
  cacheCapacity: undefined,
  cacheTtl: undefined
}
[2026-04-20T20:46:36.782] [DEBUG] debug-file - Create  resident worker with id: 0.
[2026-04-20T20:46:36.783] [DEBUG] debug-file - Create  resident worker with id: 1.
[2026-04-20T20:46:36.784] [DEBUG] debug-file - Cleanup worker 0.
[2026-04-20T20:46:36.784] [DEBUG] debug-file - Worker 0 has been cleaned up.
[2026-04-20T20:46:36.784] [DEBUG] debug-file - Current idle worker size: 1.
[2026-04-20T20:46:36.784] [DEBUG] debug-file - Current resident worker size: 2.
[2026-04-20T20:46:36.784] [DEBUG] debug-file - Cleanup worker 1.
[2026-04-20T20:46:36.784] [DEBUG] debug-file - Worker 1 has been cleaned up.
[2026-04-20T20:46:36.784] [DEBUG] debug-file - Current idle worker size: 0.
[2026-04-20T20:46:36.784] [DEBUG] debug-file - Current resident worker size: 2.
[2026-04-20T20:46:36.785] [DEBUG] debug-file - hvigor build process will be closed.
[2026-04-20T20:46:36.790] [DEBUG] debug-file - worker[0] exits with exit code 0.
[2026-04-20T20:46:36.790] [DEBUG] debug-file - worker[1] exits with exit code 0.
[2026-04-20T20:46:36.793] [DEBUG] debug-file - session manager: send message to worker process.
[2026-04-20T20:46:36.794] [DEBUG] debug-file - session manager: send message to worker process.
[2026-04-20T20:46:36.794] [DEBUG] debug-file - watch worker: worker id should be larger than 0. Nothing will be sent to any worker thread.
[2026-04-20T20:46:36.794] [DEBUG] debug-file - watch worker: worker id should be larger than 0. Nothing will be sent to any worker thread.
[2026-04-20T20:46:43.943] [DEBUG] debug-file - session manager: set active socket. socketId=CsIWPjMqeeWL4kmdAAAF
[2026-04-20T20:46:43.948] [DEBUG] debug-file - watch worker: worker id should be larger than 0. Nothing will be sent to any worker thread.
[2026-04-20T20:46:43.950] [DEBUG] debug-file - Workers' log level updated to INFO
[2026-04-20T20:46:43.952] [DEBUG] debug-file - Hvigor init with startParameters:{
  hvigorfileTypeCheck: false,
  parallelExecution: true,
  incrementalExecution: true,
  printStackTrace: false,
  daemon: true,
  analyze: 0,
  logLevel: Level { level: 20000, levelStr: 'INFO', colour: 'green' },
  optimizationStrategy: 'memory',
  hotCompile: undefined,
  hotReloadBuild: undefined,
  customizedParam: undefined
}
[2026-04-20T20:46:43.955] [DEBUG] debug-file - Cache service initialization finished in 3 ms 
[2026-04-20T20:46:43.956] [DEBUG] debug-file - hvigorfile, resolving D:\harmonyos_code\CanvasComponent (2)\CanvasComponent\hvigorfile.ts
[2026-04-20T20:46:43.960] [DEBUG] debug-file - hvigorfile, require result:  {}
[2026-04-20T20:46:43.960] [DEBUG] debug-file - hvigorfile, binding system plugins {}
[2026-04-20T20:46:43.961] [DEBUG] debug-file - Starting plugin build process
[2026-04-20T20:46:43.961] [DEBUG] debug-file - App plugin prepare start...
[2026-04-20T20:46:43.961] [DEBUG] debug-file - App plugin prepare end...
[2026-04-20T20:46:43.961] [DEBUG] debug-file - App plugin creating...
[2026-04-20T20:46:44.122] [DEBUG] debug-file - App plugin register hook start...
[2026-04-20T20:46:44.122] [DEBUG] debug-file - App plugin register hook end...
[2026-04-20T20:46:44.122] [DEBUG] debug-file - Plugin build process completed
[2026-04-20T20:46:44.123] [DEBUG] debug-file - Start initialize project's product build option map with build mode debug.
[2026-04-20T20:46:44.123] [DEBUG] debug-file - Picking option from product 'default' with build mode 'debug'.
[2026-04-20T20:46:44.123] [DEBUG] debug-file - Product 'default' build option initialized
[2026-04-20T20:46:44.123] [DEBUG] debug-file - End initialize project's product build option map with build mode 'debug'.
[2026-04-20T20:46:44.123] [DEBUG] debug-file - Obtain build option for product 'default'in this build.
[2026-04-20T20:46:44.124] [DEBUG] debug-file - No signingConfig found, initRemoteHspCache failed.
[2026-04-20T20:46:44.126] [DEBUG] debug-file - Start recording SDK configuration permission data.
[2026-04-20T20:46:44.144] [DEBUG] debug-file - Sdk init in 20 ms 
[2026-04-20T20:46:44.147] [DEBUG] debug-file - Project task initialization takes 3 ms 
[2026-04-20T20:46:44.147] [DEBUG] debug-file - hvigorfile, resolve finished D:\harmonyos_code\CanvasComponent (2)\CanvasComponent\hvigorfile.ts
[2026-04-20T20:46:44.148] [DEBUG] debug-file - hvigorfile, resolving D:\harmonyos_code\CanvasComponent (2)\CanvasComponent\entry\hvigorfile.ts
[2026-04-20T20:46:44.151] [DEBUG] debug-file - hvigorfile, require result:  {}
[2026-04-20T20:46:44.151] [DEBUG] debug-file - hvigorfile, binding system plugins {}
[2026-04-20T20:46:44.152] [DEBUG] debug-file - Starting plugin build process
[2026-04-20T20:46:44.152] [DEBUG] debug-file - Hap plugin creating...
[2026-04-20T20:46:44.153] [DEBUG] debug-file - failed to load cangjie to dynamically generate schemas: Error: Cannot find module '@ohos/cangjie-build-support/index'
Require stack:
- D:\DevEco Studio\tools\hvigor\hvigor-ohos-plugin\src\plugin\hooks\cangjie-register.js
- D:\DevEco Studio\tools\hvigor\hvigor-ohos-plugin\src\plugin\strategy\stage-init-strategy.js
- D:\DevEco Studio\tools\hvigor\hvigor-ohos-plugin\src\plugin\builder\abstract-plugin-builder.js
- D:\DevEco Studio\tools\hvigor\hvigor-ohos-plugin\src\plugin\builder\app-plugin-builder.js
- D:\DevEco Studio\tools\hvigor\hvigor-ohos-plugin\src\plugin\factory\plugin-factory.js
- D:\DevEco Studio\tools\hvigor\hvigor-ohos-plugin\index.js
- D:\harmonyos_code\CanvasComponent (2)\CanvasComponent\hvigorfile.ts
- D:\DevEco Studio\tools\hvigor\hvigor\src\base\internal\lifecycle\configuration.js
- D:\DevEco Studio\tools\hvigor\hvigor\src\base\boot\index.js
- D:\DevEco Studio\tools\hvigor\hvigor\src\base\daemon\cluster\worker-process-lifecycle.js
- D:\DevEco Studio\tools\hvigor\hvigor\src\base\daemon\process\daemon-process-boot-script.js
[2026-04-20T20:46:44.157] [DEBUG] debug-file - Start initialize module-target build option map, moduleName=entry, buildMode=release
[2026-04-20T20:46:44.157] [DEBUG] debug-file - Target 'default' config initialized
[2026-04-20T20:46:44.157] [DEBUG] debug-file - Module 'entry' target 'default' build option initialized
[2026-04-20T20:46:44.158] [DEBUG] debug-file - End initialize module-target build option map, moduleName=entry
[2026-04-20T20:46:44.158] [DEBUG] debug-file - Start initialize module-target build option map, moduleName=entry, buildMode=debug
[2026-04-20T20:46:44.158] [DEBUG] debug-file - Target 'default' config initialized
[2026-04-20T20:46:44.158] [DEBUG] debug-file - Module 'entry' target 'default' build option initialized
[2026-04-20T20:46:44.158] [DEBUG] debug-file - End initialize module-target build option map, moduleName=entry
[2026-04-20T20:46:44.158] [DEBUG] debug-file - Start initialize module-target build option map, moduleName=entry, buildMode=debug
[2026-04-20T20:46:44.158] [DEBUG] debug-file - Target 'default' config initialized
[2026-04-20T20:46:44.158] [DEBUG] debug-file - Module 'entry' target 'default' build option initialized
[2026-04-20T20:46:44.158] [DEBUG] debug-file - End initialize module-target build option map, moduleName=entry
[2026-04-20T20:46:44.158] [DEBUG] debug-file - Obtain build option for module 'entry' target 'default'in this build.
[2026-04-20T20:46:44.159] [DEBUG] debug-file - Module entry task initialization takes 1 ms 
[2026-04-20T20:46:44.159] [DEBUG] debug-file - Hap plugin register hook start...
[2026-04-20T20:46:44.159] [DEBUG] debug-file - Hap plugin register hook end...
[2026-04-20T20:46:44.159] [DEBUG] debug-file - Plugin build process completed
[2026-04-20T20:46:44.159] [DEBUG] debug-file - hvigorfile, resolve finished D:\harmonyos_code\CanvasComponent (2)\CanvasComponent\entry\hvigorfile.ts
[2026-04-20T20:46:44.172] [DEBUG] debug-file - hvigorfile, resolve hvigorfile dependencies in 13 ms 
[2026-04-20T20:46:44.172] [DEBUG] debug-file - project has submodules:entry
[2026-04-20T20:46:44.173] [DEBUG] debug-file - start to load updatedOhPackageInfo to the disk
[2026-04-20T20:46:44.175] [DEBUG] debug-file - load to the disk finished
[2026-04-20T20:46:44.176] [DEBUG] debug-file - Start to initialize dependency information.
[2026-04-20T20:46:44.177] [DEBUG] debug-file - Module CanvasComponent Collected Dependency: 
[2026-04-20T20:46:44.177] [DEBUG] debug-file - Module CanvasComponent's total dependency: 0
[2026-04-20T20:46:44.177] [DEBUG] debug-file - Start to initialize dependency information.
[2026-04-20T20:46:44.179] [DEBUG] debug-file - Module entry Collected Dependency: 
[2026-04-20T20:46:44.179] [DEBUG] debug-file - Module entry's total dependency: 0
[2026-04-20T20:46:44.180] [DEBUG] debug-file - Configuration phase cost:225 ms 
[2026-04-20T20:46:44.181] [DEBUG] debug-file - Configuration task cost before running: 230 ms 
[2026-04-20T20:46:44.181] [DEBUG] debug-file - Executing task :entry:clean
[2026-04-20T20:46:44.181] [DEBUG] debug-file - clean: Worker pool is inactive.
[2026-04-20T20:46:44.181] [DEBUG] debug-file - entry : clean cost memory 0.08145904541015625
[2026-04-20T20:46:44.181] [DEBUG] debug-file - runTaskFromQueue task cost before running: 231 ms 
[2026-04-20T20:46:44.182] [INFO] debug-file - Finished :entry:clean... after 1 ms 
[2026-04-20T20:46:44.186] [DEBUG] debug-file - Executing task :entry:default@PreBuild
[2026-04-20T20:46:44.187] [DEBUG] debug-file - Task 'entry:default@PreBuild' cost while wrapping incremental declarations: 1 ms 
[2026-04-20T20:46:44.193] [DEBUG] debug-file - Incremental task entry:default@PreBuild pre-execution cost: 5 ms .
[2026-04-20T20:46:44.193] [DEBUG] debug-file - entry : default@PreBuild cost memory 0.3602142333984375
[2026-04-20T20:46:44.195] [INFO] debug-file - UP-TO-DATE :entry:default@PreBuild...  
[2026-04-20T20:46:44.196] [DEBUG] debug-file - Executing task :entry:default@CreateModuleInfo
[2026-04-20T20:46:44.197] [DEBUG] debug-file - Task 'entry:default@CreateModuleInfo' cost while wrapping incremental declarations: 1 ms 
[2026-04-20T20:46:44.197] [DEBUG] debug-file - entry : default@CreateModuleInfo cost memory 0.0455474853515625
[2026-04-20T20:46:44.197] [DEBUG] debug-file - runTaskFromQueue task cost before running: 247 ms 
[2026-04-20T20:46:44.197] [INFO] debug-file - Finished :entry:default@CreateModuleInfo... after 2 ms 
[2026-04-20T20:46:44.198] [DEBUG] debug-file - Executing task :entry:default@GenerateMetadata
[2026-04-20T20:46:44.199] [DEBUG] debug-file - Task 'entry:default@GenerateMetadata' cost while wrapping incremental declarations: 1 ms 
[2026-04-20T20:46:44.200] [DEBUG] debug-file - entry:default@GenerateMetadata is not up-to-date, since the output file 'D:\harmonyos_code\CanvasComponent (2)\CanvasComponent\entry\build\default\intermediates\hap_metadata\default\output_metadata.json' does not exist.
[2026-04-20T20:46:44.200] [DEBUG] debug-file - Incremental task entry:default@GenerateMetadata pre-execution cost: 1 ms .
[2026-04-20T20:46:44.202] [DEBUG] debug-file - entry : default@GenerateMetadata cost memory 0.1159820556640625
[2026-04-20T20:46:44.202] [DEBUG] debug-file - runTaskFromQueue task cost before running: 252 ms 
[2026-04-20T20:46:44.202] [INFO] debug-file - Finished :entry:default@GenerateMetadata... after 4 ms 
[2026-04-20T20:46:44.203] [DEBUG] debug-file - Executing task :entry:default@ConfigureCmake
[2026-04-20T20:46:44.203] [DEBUG] debug-file - entry : default@ConfigureCmake cost memory 0.01859283447265625
[2026-04-20T20:46:44.204] [DEBUG] debug-file - runTaskFromQueue task cost before running: 253 ms 
[2026-04-20T20:46:44.204] [INFO] debug-file - Finished :entry:default@ConfigureCmake... after 1 ms 
[2026-04-20T20:46:44.205] [DEBUG] debug-file - Executing task :entry:default@MergeProfile
[2026-04-20T20:46:44.205] [DEBUG] debug-file - Task 'entry:default@MergeProfile' cost while wrapping incremental declarations: 1 ms 
[2026-04-20T20:46:44.206] [DEBUG] debug-file - entry:default@MergeProfile is not up-to-date, since the output file 'D:\harmonyos_code\CanvasComponent (2)\CanvasComponent\entry\build\default\intermediates\merge_profile\default\module.json' does not exist.
[2026-04-20T20:46:44.206] [DEBUG] debug-file - Incremental task entry:default@MergeProfile pre-execution cost: 1 ms .
[2026-04-20T20:46:44.207] [DEBUG] debug-file - Change app api release type with 'Release'
[2026-04-20T20:46:44.207] [DEBUG] debug-file - Change app compile API version with '6.1.0.105'
[2026-04-20T20:46:44.207] [DEBUG] debug-file - Change app target API version with '60002022'
[2026-04-20T20:46:44.207] [DEBUG] debug-file - Change app minimum API version with '50005017'
[2026-04-20T20:46:44.207] [DEBUG] debug-file - Use cli appEnvironment
[2026-04-20T20:46:44.209] [DEBUG] debug-file - entry : default@MergeProfile cost memory 0.21752166748046875
[2026-04-20T20:46:44.209] [DEBUG] debug-file - runTaskFromQueue task cost before running: 259 ms 
[2026-04-20T20:46:44.209] [INFO] debug-file - Finished :entry:default@MergeProfile... after 4 ms 
[2026-04-20T20:46:44.210] [DEBUG] debug-file - Executing task :entry:default@CreateBuildProfile
[2026-04-20T20:46:44.211] [DEBUG] debug-file - Task 'entry:default@CreateBuildProfile' cost while wrapping incremental declarations: 1 ms 
[2026-04-20T20:46:44.211] [DEBUG] debug-file - entry:default@CreateBuildProfile is not up-to-date, since the output file 'D:\harmonyos_code\CanvasComponent (2)\CanvasComponent\entry\build\default\generated\profile\default\BuildProfile.ets' does not exist.
[2026-04-20T20:46:44.211] [DEBUG] debug-file - Incremental task entry:default@CreateBuildProfile pre-execution cost: 1 ms .
[2026-04-20T20:46:44.213] [DEBUG] debug-file - entry : default@CreateBuildProfile cost memory 0.11890411376953125
[2026-04-20T20:46:44.213] [DEBUG] debug-file - runTaskFromQueue task cost before running: 263 ms 
[2026-04-20T20:46:44.213] [INFO] debug-file - Finished :entry:default@CreateBuildProfile... after 3 ms 
[2026-04-20T20:46:44.214] [DEBUG] debug-file - Executing task :entry:default@PreCheckSyscap
[2026-04-20T20:46:44.214] [DEBUG] debug-file - entry : default@PreCheckSyscap cost memory 0.01906585693359375
[2026-04-20T20:46:44.214] [DEBUG] debug-file - runTaskFromQueue task cost before running: 264 ms 
[2026-04-20T20:46:44.214] [INFO] debug-file - Finished :entry:default@PreCheckSyscap... after 1 ms 
[2026-04-20T20:46:44.216] [DEBUG] debug-file - Executing task :entry:default@GeneratePkgContextInfo
[2026-04-20T20:46:44.221] [DEBUG] debug-file - Task 'entry:default@GeneratePkgContextInfo' cost while wrapping incremental declarations: 1 ms 
[2026-04-20T20:46:44.222] [DEBUG] debug-file - entry : default@GeneratePkgContextInfo cost memory 0.27332305908203125
[2026-04-20T20:46:44.222] [DEBUG] debug-file - runTaskFromQueue task cost before running: 272 ms 
[2026-04-20T20:46:44.222] [INFO] debug-file - Finished :entry:default@GeneratePkgContextInfo... after 6 ms 
[2026-04-20T20:46:44.223] [DEBUG] debug-file - Executing task :entry:default@GeneratePkgSdkInfo
[2026-04-20T20:46:44.224] [DEBUG] debug-file - Task 'entry:default@GeneratePkgSdkInfo' cost while wrapping incremental declarations: 1 ms 
[2026-04-20T20:46:44.225] [DEBUG] debug-file - entry:default@GeneratePkgSdkInfo is not up-to-date, since the output file 'D:\harmonyos_code\CanvasComponent (2)\CanvasComponent\entry\build\default\intermediates\loader\default\pkgSdkInfo.json' does not exist.
[2026-04-20T20:46:44.225] [DEBUG] debug-file - Incremental task entry:default@GeneratePkgSdkInfo pre-execution cost: 1 ms .
[2026-04-20T20:46:44.225] [DEBUG] debug-file - entry : default@GeneratePkgSdkInfo cost memory 0.15090179443359375
[2026-04-20T20:46:44.225] [DEBUG] debug-file - runTaskFromQueue task cost before running: 275 ms 
[2026-04-20T20:46:44.226] [INFO] debug-file - Finished :entry:default@GeneratePkgSdkInfo... after 3 ms 
[2026-04-20T20:46:44.228] [DEBUG] debug-file - Executing task :entry:default@ProcessIntegratedHsp
[2026-04-20T20:46:44.229] [DEBUG] debug-file - entry:default@ProcessIntegratedHsp is not up-to-date, since the output file 'D:\harmonyos_code\CanvasComponent (2)\CanvasComponent\build\cache\default\integrated_hsp\integratedHspCache.json' does not exist.
[2026-04-20T20:46:44.229] [DEBUG] debug-file - Incremental task entry:default@ProcessIntegratedHsp pre-execution cost: 1 ms .
[2026-04-20T20:46:44.229] [DEBUG] debug-file - entry : default@ProcessIntegratedHsp cost memory 0.06024932861328125
[2026-04-20T20:46:44.229] [DEBUG] debug-file - runTaskFromQueue task cost before running: 279 ms 
[2026-04-20T20:46:44.229] [INFO] debug-file - Finished :entry:default@ProcessIntegratedHsp... after 1 ms 
[2026-04-20T20:46:44.230] [DEBUG] debug-file - Executing task :entry:default@BuildNativeWithCmake
[2026-04-20T20:46:44.230] [DEBUG] debug-file - entry : default@BuildNativeWithCmake cost memory 0.0215301513671875
[2026-04-20T20:46:44.230] [DEBUG] debug-file - runTaskFromQueue task cost before running: 280 ms 
[2026-04-20T20:46:44.230] [INFO] debug-file - Finished :entry:default@BuildNativeWithCmake... after 1 ms 
[2026-04-20T20:46:44.231] [DEBUG] debug-file - Executing task :entry:default@MakePackInfo
[2026-04-20T20:46:44.232] [DEBUG] debug-file - entry:default@MakePackInfo is not up-to-date, since the output file 'D:\harmonyos_code\CanvasComponent (2)\CanvasComponent\entry\build\default\outputs\default\pack.info' does not exist.
[2026-04-20T20:46:44.232] [DEBUG] debug-file - Incremental task entry:default@MakePackInfo pre-execution cost: 1 ms .
[2026-04-20T20:46:44.232] [DEBUG] debug-file - Module Pack Info:  {
  summary: {
    app: { bundleName: 'c***t', bundleType: 'app', version: [Object] },
    modules: [ [Object] ]
  },
  packages: [
    {
      deviceType: [Array],
      moduleType: 'entry',
      deliveryWithInstall: true,
      name: 'entry-default'
    }
  ]
}
[2026-04-20T20:46:44.233] [DEBUG] debug-file - entry : default@MakePackInfo cost memory 0.16461181640625
[2026-04-20T20:46:44.234] [DEBUG] debug-file - runTaskFromQueue task cost before running: 283 ms 
[2026-04-20T20:46:44.234] [INFO] debug-file - Finished :entry:default@MakePackInfo... after 3 ms 
[2026-04-20T20:46:44.235] [DEBUG] debug-file - Executing task :entry:default@SyscapTransform
[2026-04-20T20:46:44.235] [DEBUG] debug-file - File: 'D:\harmonyos_code\CanvasComponent (2)\CanvasComponent\entry\src\main\syscap.json' from 'sysCapJsonPath' is not exists, just ignore.
[2026-04-20T20:46:44.235] [DEBUG] debug-file - Task 'entry:default@SyscapTransform' cost while wrapping incremental declarations: 1 ms 
[2026-04-20T20:46:44.237] [DEBUG] debug-file - entry:default@SyscapTransform is not up-to-date, since the output file 'D:\harmonyos_code\CanvasComponent (2)\CanvasComponent\entry\build\default\intermediates\syscap\default\rpcid.sc' does not exist.
[2026-04-20T20:46:44.237] [DEBUG] debug-file - Incremental task entry:default@SyscapTransform pre-execution cost: 2 ms .
[2026-04-20T20:46:44.237] [DEBUG] debug-file - entry : default@SyscapTransform cost memory 0.17060089111328125
[2026-04-20T20:46:44.237] [DEBUG] debug-file - runTaskFromQueue task cost before running: 287 ms 
[2026-04-20T20:46:44.237] [INFO] debug-file - Finished :entry:default@SyscapTransform... after 3 ms 
[2026-04-20T20:46:44.238] [DEBUG] debug-file - Executing task :entry:default@ProcessProfile
[2026-04-20T20:46:44.239] [DEBUG] debug-file - Task 'entry:default@ProcessProfile' cost while wrapping incremental declarations: 1 ms 
[2026-04-20T20:46:44.240] [DEBUG] debug-file - entry:default@ProcessProfile is not up-to-date, since the input file 'D:\harmonyos_code\CanvasComponent (2)\CanvasComponent\entry\build\default\intermediates\merge_profile\default\module.json' has been changed.
[2026-04-20T20:46:44.240] [DEBUG] debug-file - Incremental task entry:default@ProcessProfile pre-execution cost: 1 ms .
[2026-04-20T20:46:44.240] [DEBUG] debug-file - [
  'D:\\DevEco Studio\\tools\\node\\node.exe',
  'D:\\DevEco Studio\\sdk\\default\\openharmony\\ets\\build-tools\\ets-loader\\bin\\ark\\ts2abc.js',
  '--target-api-version',
  '17'
]
[2026-04-20T20:46:44.334] [DEBUG] debug-file - 12.0.6.0
[2026-04-20T20:46:44.336] [DEBUG] debug-file - No need to add fake ui ability because of not in preview process.
[2026-04-20T20:46:44.336] [DEBUG] debug-file - entry : default@ProcessProfile cost memory 0.315948486328125
[2026-04-20T20:46:44.337] [DEBUG] debug-file - runTaskFromQueue task cost before running: 386 ms 
[2026-04-20T20:46:44.337] [INFO] debug-file - Finished :entry:default@ProcessProfile... after 99 ms 
[2026-04-20T20:46:44.338] [DEBUG] debug-file - Executing task :entry:default@ProcessRouterMap
[2026-04-20T20:46:44.340] [DEBUG] debug-file - entry:default@ProcessRouterMap is not up-to-date, since the output file 'D:\harmonyos_code\CanvasComponent (2)\CanvasComponent\entry\build\default\intermediates\router_map\default\temp-router-map.json' does not exist.
[2026-04-20T20:46:44.340] [DEBUG] debug-file - Incremental task entry:default@ProcessRouterMap pre-execution cost: 2 ms .
[2026-04-20T20:46:44.342] [DEBUG] debug-file - entry : default@ProcessRouterMap cost memory 0.1607513427734375
[2026-04-20T20:46:44.342] [DEBUG] debug-file - runTaskFromQueue task cost before running: 392 ms 
[2026-04-20T20:46:44.342] [INFO] debug-file - Finished :entry:default@ProcessRouterMap... after 4 ms 
[2026-04-20T20:46:44.343] [DEBUG] debug-file - Executing task :entry:default@ProcessShareConfig
[2026-04-20T20:46:44.345] [DEBUG] debug-file - entry:default@ProcessShareConfig is not up-to-date, since the output file 'D:\harmonyos_code\CanvasComponent (2)\CanvasComponent\entry\build\default\intermediates\share_config\default\temp-share-config.json' does not exist.
[2026-04-20T20:46:44.345] [DEBUG] debug-file - Incremental task entry:default@ProcessShareConfig pre-execution cost: 1 ms .
[2026-04-20T20:46:44.347] [DEBUG] debug-file - entry : default@ProcessShareConfig cost memory 0.13684844970703125
[2026-04-20T20:46:44.347] [DEBUG] debug-file - runTaskFromQueue task cost before running: 397 ms 
[2026-04-20T20:46:44.348] [INFO] debug-file - Finished :entry:default@ProcessShareConfig... after 4 ms 
[2026-04-20T20:46:44.349] [DEBUG] debug-file - Executing task :entry:default@ProcessStartupConfig
[2026-04-20T20:46:44.349] [DEBUG] debug-file - Task 'entry:default@ProcessStartupConfig' cost while wrapping incremental declarations: 1 ms 
[2026-04-20T20:46:44.349] [DEBUG] debug-file - entry:default@ProcessStartupConfig is not up-to-date, since the output file 'D:\harmonyos_code\CanvasComponent (2)\CanvasComponent\entry\build\default\intermediates\startup\default\startup_config.json' does not exist.
[2026-04-20T20:46:44.350] [DEBUG] debug-file - Incremental task entry:default@ProcessStartupConfig pre-execution cost: 1 ms .
[2026-04-20T20:46:44.350] [DEBUG] debug-file - entry : default@ProcessStartupConfig cost memory 0.10314178466796875
[2026-04-20T20:46:44.350] [DEBUG] debug-file - runTaskFromQueue task cost before running: 400 ms 
[2026-04-20T20:46:44.350] [INFO] debug-file - Finished :entry:default@ProcessStartupConfig... after 2 ms 
[2026-04-20T20:46:44.351] [DEBUG] debug-file - Executing task :entry:default@BuildNativeWithNinja
[2026-04-20T20:46:44.352] [DEBUG] debug-file - entry : default@BuildNativeWithNinja cost memory 0.0274810791015625
[2026-04-20T20:46:44.352] [DEBUG] debug-file - runTaskFromQueue task cost before running: 402 ms 
[2026-04-20T20:46:44.353] [INFO] debug-file - Finished :entry:default@BuildNativeWithNinja... after 2 ms 
[2026-04-20T20:46:44.354] [DEBUG] debug-file - restool module names: entry; moduleName=entry, taskName=default@ProcessResource
[2026-04-20T20:46:44.356] [DEBUG] debug-file - Executing task :entry:default@ProcessResource
[2026-04-20T20:46:44.356] [DEBUG] debug-file - Task 'entry:default@ProcessResource' cost while wrapping incremental declarations: 1 ms 
[2026-04-20T20:46:44.357] [DEBUG] debug-file - entry:default@ProcessResource is not up-to-date, since the output file 'D:\harmonyos_code\CanvasComponent (2)\CanvasComponent\entry\build\default\intermediates\res\default\resConfig.json' does not exist.
[2026-04-20T20:46:44.357] [DEBUG] debug-file - Incremental task entry:default@ProcessResource pre-execution cost: 1 ms .
[2026-04-20T20:46:44.359] [DEBUG] debug-file - entry : default@ProcessResource cost memory 0.16934967041015625
[2026-04-20T20:46:44.360] [DEBUG] debug-file - runTaskFromQueue task cost before running: 410 ms 
[2026-04-20T20:46:44.361] [INFO] debug-file - Finished :entry:default@ProcessResource... after 4 ms 
[2026-04-20T20:46:44.363] [DEBUG] debug-file - Executing task :entry:default@GenerateLoaderJson
[2026-04-20T20:46:44.364] [DEBUG] debug-file - Task 'entry:default@GenerateLoaderJson' cost while wrapping incremental declarations: 1 ms 
[2026-04-20T20:46:44.371] [DEBUG] debug-file - entry:default@GenerateLoaderJson is not up-to-date, since the input file 'D:\harmonyos_code\CanvasComponent (2)\CanvasComponent\entry\build\default\intermediates\router_map\default\temp-router-map.json' has been changed.
[2026-04-20T20:46:44.371] [DEBUG] debug-file - Incremental task entry:default@GenerateLoaderJson pre-execution cost: 5 ms .
[2026-04-20T20:46:44.374] [DEBUG] debug-file - entry : default@GenerateLoaderJson cost memory 0.43083953857421875
[2026-04-20T20:46:44.374] [DEBUG] debug-file - runTaskFromQueue task cost before running: 424 ms 
[2026-04-20T20:46:44.376] [INFO] debug-file - Finished :entry:default@GenerateLoaderJson... after 11 ms 
[2026-04-20T20:46:44.377] [DEBUG] debug-file - Executing task :entry:default@ProcessLibs
[2026-04-20T20:46:44.379] [DEBUG] debug-file - entry:default@ProcessLibs is not up-to-date, since the output file 'D:\harmonyos_code\CanvasComponent (2)\CanvasComponent\entry\build\default\intermediates\libs\default' does not exist.
[2026-04-20T20:46:44.379] [DEBUG] debug-file - Incremental task entry:default@ProcessLibs pre-execution cost: 1 ms .
[2026-04-20T20:46:44.381] [DEBUG] debug-file - Worker dispatch failed, running processLibs on main thread.
[2026-04-20T20:46:44.381] [DEBUG] debug-file - entry : default@ProcessLibs cost memory 0.31551361083984375
[2026-04-20T20:46:44.382] [DEBUG] debug-file - runTaskFromQueue task cost before running: 431 ms 
[2026-04-20T20:46:44.382] [INFO] debug-file - Finished :entry:default@ProcessLibs... after 5 ms 
[2026-04-20T20:46:44.383] [DEBUG] debug-file - restool module names: entry; moduleName=entry, taskName=default@CompileResource
[2026-04-20T20:46:44.384] [DEBUG] debug-file - Executing task :entry:default@CompileResource
[2026-04-20T20:46:44.392] [DEBUG] debug-file - entry:default@CompileResource is not up-to-date, since the input file 'D:\harmonyos_code\CanvasComponent (2)\CanvasComponent\entry\build\default\intermediates\process_profile\default\module.json' has been changed.
[2026-04-20T20:46:44.393] [DEBUG] debug-file - Incremental task entry:default@CompileResource pre-execution cost: 7 ms .
[2026-04-20T20:46:44.397] [DEBUG] debug-file - Use tool [D:\DevEco Studio\sdk\default\openharmony\toolchains\restool.exe]
 [
  'D:\\DevEco Studio\\sdk\\default\\openharmony\\toolchains\\restool.exe',
  '-l',
  'D:\\harmonyos_code\\CanvasComponent (2)\\CanvasComponent\\entry\\build\\default\\intermediates\\res\\default\\resConfig.json'
]
[2026-04-20T20:46:44.398] [DEBUG] debug-file - current process  memoryUsage: {
  rss: 203845632,
  heapTotal: 156540928,
  heapUsed: 114238912,
  external: 3137709,
  arrayBuffers: 169437
} os memoryUsage :11.968643188476562
[2026-04-20T20:46:44.446] [DEBUG] debug-file - Info: Pack: normal pack mode

[2026-04-20T20:46:44.499] [DEBUG] debug-file - Info: hardware concurrency count is : 32
Info: thread count is : 32

[2026-04-20T20:46:44.500] [DEBUG] debug-file - Info: thread pool is started

[2026-04-20T20:46:44.501] [DEBUG] debug-file - Info: GenericCompiler::CompileFiles

[2026-04-20T20:46:44.507] [DEBUG] debug-file - Info: GenericCompiler::CompileFiles

[2026-04-20T20:46:44.512] [DEBUG] debug-file - Info: GenericCompiler::CompileFiles

[2026-04-20T20:46:44.516] [DEBUG] debug-file - 04-20 20:46:44.517 37916 41444 E C01400/ImageTranscoderUtils: DecodeToRGBA IN
04-20 20:46:44.517 37916 41444 E C01400/ImageTranscoderUtils: ImageFilter IN D:\harmonyos_code\CanvasComponent (2)\CanvasComponent\AppScope\resources\base\media\app_icon.png

[2026-04-20T20:46:44.517] [DEBUG] debug-file - 04-20 20:46:44.517 37916 41444 E C01400/ImageTranscoder: TranscodeSLR Only zoom-out is supported.

[2026-04-20T20:46:44.517] [DEBUG] debug-file - Warning: ScaleImage failed, error message: INVALID_PARAMETERS, file path = D:\harmonyos_code\CanvasComponent (2)\CanvasComponent\AppScope\resources\base\media\app_icon.png

[2026-04-20T20:46:44.518] [DEBUG] debug-file - 04-20 20:46:44.518 37916 41444 E C01400/ImageTranscoderUtils: DecodeToRGBA IN
04-20 20:46:44.518 37916 41444 E C01400/ImageTranscoderUtils: ImageFilter IN D:\harmonyos_code\CanvasComponent (2)\CanvasComponent\entry\src\main\resources\base\media\icon.png

[2026-04-20T20:46:44.518] [DEBUG] debug-file - 04-20 20:46:44.518 37916 41444 E C01400/ImageTranscoder: TranscodeSLR Only zoom-out is supported.

[2026-04-20T20:46:44.518] [DEBUG] debug-file - Warning: ScaleImage failed, error message: INVALID_PARAMETERS, file path = D:\harmonyos_code\CanvasComponent (2)\CanvasComponent\entry\src\main\resources\base\media\icon.png

[2026-04-20T20:46:44.519] [DEBUG] debug-file - Warning: The width or height of the png file referenced by the icon exceeds the limit (41 pixels)
at D:\harmonyos_code\CanvasComponent (2)\CanvasComponent\AppScope\resources\base\media\app_icon.png

[2026-04-20T20:46:44.519] [DEBUG] debug-file - Warning: The width or height of the png file referenced by the icon exceeds the limit (41 pixels)
at D:\harmonyos_code\CanvasComponent (2)\CanvasComponent\entry\src\main\resources\base\media\icon.png

[2026-04-20T20:46:44.519] [DEBUG] debug-file - Info: restool resources compile success.

[2026-04-20T20:46:44.520] [DEBUG] debug-file - Info: thread pool is stopped

[2026-04-20T20:46:44.593] [DEBUG] debug-file - entry : default@CompileResource cost memory -10.472618103027344
[2026-04-20T20:46:44.593] [DEBUG] debug-file - runTaskFromQueue task cost before running: 643 ms 
[2026-04-20T20:46:44.594] [INFO] debug-file - Finished :entry:default@CompileResource... after 209 ms 
[2026-04-20T20:46:44.595] [DEBUG] debug-file - Executing task :entry:default@DoNativeStrip
[2026-04-20T20:46:44.595] [DEBUG] debug-file - File: 'D:\harmonyos_code\CanvasComponent (2)\CanvasComponent\entry\build\default\intermediates\binxo\default' from 'doBinxoNativeLibs' is not exists, just ignore.
[2026-04-20T20:46:44.596] [DEBUG] debug-file - Task 'entry:default@DoNativeStrip' cost while wrapping incremental declarations: 1 ms 
[2026-04-20T20:46:44.596] [DEBUG] debug-file - entry:default@DoNativeStrip is not up-to-date, since the output file 'D:\harmonyos_code\CanvasComponent (2)\CanvasComponent\entry\build\default\intermediates\stripped_native_libs\default' does not exist.
[2026-04-20T20:46:44.596] [DEBUG] debug-file - Incremental task entry:default@DoNativeStrip pre-execution cost: 1 ms .
[2026-04-20T20:46:44.598] [DEBUG] debug-file - entry : default@DoNativeStrip cost memory 0.14311981201171875
[2026-04-20T20:46:44.598] [DEBUG] debug-file - runTaskFromQueue task cost before running: 648 ms 
[2026-04-20T20:46:44.599] [INFO] debug-file - Finished :entry:default@DoNativeStrip... after 4 ms 
[2026-04-20T20:46:44.600] [DEBUG] debug-file - Executing task :entry:default@CompileArkTS
[2026-04-20T20:46:44.601] [DEBUG] debug-file - obfuscationOptions: undefined
[2026-04-20T20:46:44.602] [DEBUG] debug-file - Task 'entry:default@CompileArkTS' cost while wrapping incremental declarations: 1 ms 
[2026-04-20T20:46:44.607] [DEBUG] debug-file - entry:default@CompileArkTS is not up-to-date, since the input file 'D:\harmonyos_code\CanvasComponent (2)\CanvasComponent\entry\build\default\intermediates\loader\default' has been changed.
[2026-04-20T20:46:44.607] [DEBUG] debug-file - Incremental task entry:default@CompileArkTS pre-execution cost: 3 ms .
[2026-04-20T20:46:44.617] [DEBUG] debug-file - build config:
[2026-04-20T20:46:44.618] [DEBUG] debug-file - {
  moduleType: 'entry',
  perf: 0,
  targetName: '.default',
  packageManagerType: 'ohpm',
  localPropertiesPath: 'D:\\harmonyos_code\\CanvasComponent (2)\\CanvasComponent\\local.properties',
  isPreview: false,
  isOhosTest: false,
  isLocalTest: false,
  buildMode: 'Debug',
  hotReloadBuild: undefined,
  watchMode: 'false',
  aceProfilePath: 'D:\\harmonyos_code\\CanvasComponent (2)\\CanvasComponent\\entry\\build\\default\\intermediates\\res\\default\\resources\\base\\profile',
  etsLoaderPath: 'D:\\DevEco Studio\\sdk\\default\\openharmony\\ets\\build-tools\\ets-loader',
  modulePath: 'D:\\harmonyos_code\\CanvasComponent (2)\\CanvasComponent\\entry',
  testFrameworkPar: {
    testMode: undefined,
    coveragePathFilter: undefined,
    coverageMode: undefined
  },
  needCoverageInsert: false,
  debugLine: false,
  projectTopDir: 'D:\\harmonyos_code\\CanvasComponent (2)\\CanvasComponent',
  compileSdkVersion: 23,
  compatibleSdkVersion: 17,
  originCompatibleSdkVersion: '5.0.5(17)',
  compatibleSdkVersionStage: undefined,
  bundleName: 'c***t',
  etsLoaderVersion: '6.1.0.105',
  etsLoaderReleaseType: 'Release',
  aotCompileMode: 'type',
  apPath: 'D:\\harmonyos_code\\CanvasComponent (2)\\CanvasComponent\\entry\\modules.ap',
  entryModuleName: 'entry',
  entryModuleVersion: '1.0.0',
  entryPackageName: 'entry',
  allModuleNameHash: 'ada346678338dc9a8da5153c12691950bd0c04ef882881820972864caaba4818',
  externalApiPaths: [ 'D:\\DevEco Studio\\sdk\\default\\hms\\ets' ],
  compilerTypes: [],
  isCrossplatform: false,
  hvigorPluginFile: undefined,
  compilePluginPath: undefined,
  buildGeneratedProfilePath: 'D:\\harmonyos_code\\CanvasComponent (2)\\CanvasComponent\\entry\\build\\default\\generated\\profile\\default',
  bundleType: 'app',
  arkTSVersion: undefined,
  apiVersion: 23,
  needCompleteSourcesMap: false,
  isFaMode: false,
  buildDir: 'D:\\harmonyos_code\\CanvasComponent (2)\\CanvasComponent\\entry\\build',
  deviceTypes: [ 'phone' ],
  pkgContextInfo: undefined,
  ohPackagePathMap: {},
  dependencyAliasMap: {},
  permission: { requestPermissions: undefined, definePermissions: undefined },
  useGetCurrentBundleName: false,
  projectArkOption: undefined,
  sourceMapDir: undefined,
  branchElimination: false,
  transformLib: undefined,
  tsImportSendable: false,
  resolveConflictMode: true,
  depName2RootPath: {},
  depName2DepInfo: {},
  depName2OhExports: {},
  rootPathSet: [ 'D:\\harmonyos_code\\CanvasComponent (2)\\CanvasComponent' ],
  useNativeResolver: true,
  shouldEmitJs: true,
  useTscResolve: false,
  singleFileEmit: false,
  userProjectConfig: {
    autoLazyImport: false,
    allowEmptyBundleName: false,
    reExportCheckMode: 'noCheck',
    executionMode: 'memory',
    usePathPlaceholder: false,
    writeRollupCache: true,
    isExpandImportEnabled: false,
    expandImportExclude: '',
    lazyImportExclude: '',
    lazyImportInclude: '',
    ignoreCrossplatformCheck: false,
    isHarDeduplicateEnabled: false,
    skipOhModulesLint: false,
    enableStrictCheckOHModule: false,
    disableSendableCheckRules: [],
    useDeclarationFileSignature: false,
    customizedOptions: undefined,
    integratedHsp: false,
    isPreloadSoEnabled: false
  },
  executionMode: 'memory',
  arkCompileCachePath: 'D:\\harmonyos_code\\CanvasComponent (2)\\CanvasComponent\\entry\\build\\default\\cache\\default\\default@CompileArkTS\\esmodule',
  autoLazyFilter: undefined,
  isHarDeduplicateEnabled: false,
  intermediateHarDuplicateDirPath: 'D:\\harmonyos_code\\CanvasComponent (2)\\CanvasComponent\\entry\\build\\default\\intermediates\\har_duplicate\\default',
  autoLazyImport: false,
  allowEmptyBundleName: false,
  reExportCheckMode: 'noCheck',
  usePathPlaceholder: false,
  writeRollupCache: true,
  isExpandImportEnabled: false,
  expandImportExclude: '',
  lazyImportExclude: '',
  lazyImportInclude: '',
  ignoreCrossplatformCheck: false,
  skipOhModulesLint: false,
  enableStrictCheckOHModule: false,
  disableSendableCheckRules: [],
  useDeclarationFileSignature: false,
  customizedOptions: undefined,
  integratedHsp: false,
  isPreloadSoEnabled: false,
  strictMode: undefined,
  useNormalizedOHMUrl: false,
  caseSensitiveCheck: false,
  aceModuleJsonPath: 'D:\\harmonyos_code\\CanvasComponent (2)\\CanvasComponent\\entry\\build\\default\\intermediates\\res\\default\\ark_module.json',
  appResource: 'D:\\harmonyos_code\\CanvasComponent (2)\\CanvasComponent\\entry\\build\\default\\intermediates\\res\\default\\ResourceTable.txt',
  rawFileResource: 'D:\\harmonyos_code\\CanvasComponent (2)\\CanvasComponent\\entry\\build\\default\\intermediates\\res\\default\\resources\\rawfile',
  resourceTableHash: '7c7074dae912900f7b83cefbd3360983175b3eb7eb722877d879afdbb8edcd2b',
  runtimeOS: 'HarmonyOS',
  sdkInfo: 'false:23:6.1.0.105:Release',
  aceModuleRoot: 'D:\\harmonyos_code\\CanvasComponent (2)\\CanvasComponent\\entry\\src\\main\\ets',
  compileMode: 'esmodule',
  aceSuperVisualPath: 'D:\\harmonyos_code\\CanvasComponent (2)\\CanvasComponent\\entry\\src\\main\\supervisual',
  aceBuildJson: 'D:\\harmonyos_code\\CanvasComponent (2)\\CanvasComponent\\entry\\build\\default\\intermediates\\loader\\default\\loader.json',
  cachePath: 'D:\\harmonyos_code\\CanvasComponent (2)\\CanvasComponent\\entry\\build\\default\\cache\\default\\default@CompileArkTS\\esmodule\\debug',
  aceModuleBuild: 'D:\\harmonyos_code\\CanvasComponent (2)\\CanvasComponent\\entry\\build\\default\\intermediates\\loader_out\\default\\ets',
  supportChunks: true,
  declaredFilesPath: undefined,
  shouldCollectDirectImportees: false,
  isByteCodeHarOptimize: false,
  expandImportPath: undefined,
  resourceTableTs: 'D:\\harmonyos_code\\CanvasComponent (2)\\CanvasComponent\\entry\\build\\default\\generated\\r\\default\\ResourceTable.ts',
  moduleMetaInfoFiles: [
    {
      filePath: 'D:\\harmonyos_code\\CanvasComponent (2)\\CanvasComponent\\entry\\build\\default\\generated\\r\\default\\ResourceTable.ts',
      ohmurl: 'com.example.canvascomponent/entry/build/generated/r/ResourceTable'
    }
  ],
  pkgNameToPkgBriefInfo: {
    entry: {
      pkgRoot: 'D:\\harmonyos_code\\CanvasComponent (2)\\CanvasComponent\\entry',
      originalSourceRoots: undefined,
      sourceRoots: [Array],
      pkgName: 'entry'
    }
  },
  projectModel: {
    'D:\\harmonyos_code\\CanvasComponent (2)\\CanvasComponent\\entry\\src\\main': {
      moduleName: 'entry',
      modulePkgPath: 'D:\\harmonyos_code\\CanvasComponent (2)\\CanvasComponent\\entry',
      belongProjectPath: 'D:\\harmonyos_code\\CanvasComponent (2)\\CanvasComponent'
    },
    'D:\\harmonyos_code\\CanvasComponent (2)\\CanvasComponent\\entry': {
      moduleName: 'entry',
      modulePkgPath: 'D:\\harmonyos_code\\CanvasComponent (2)\\CanvasComponent\\entry',
      belongProjectPath: 'D:\\harmonyos_code\\CanvasComponent (2)\\CanvasComponent'
    },
    'D:\\harmonyos_code\\CanvasComponent (2)\\CanvasComponent': {
      moduleName: 'CanvasComponent',
      modulePkgPath: 'D:\\harmonyos_code\\CanvasComponent (2)\\CanvasComponent',
      belongProjectPath: 'D:\\harmonyos_code\\CanvasComponent (2)\\CanvasComponent'
    }
  },
  pkgJsonFileHash: '2afff4febdc36911eef91f56078f85eadae932cafc4985f481ba3dd356730d69',
  allModulePaths: [ 'D:\\harmonyos_code\\CanvasComponent (2)\\CanvasComponent\\entry' ],
  routerMap: {},
  obfuscationOptions: undefined,
  byteCodeHarToDependencyKeys: undefined,
  compileBlockPkg: [],
  mockParams: {
    decorator: '@MockSetup',
    packageName: '@ohos/hamock',
    etsSourceRootPath: 'src/main/ets',
    mockConfigPath: undefined,
    mockConfigKey2ModuleInfo: {},
    source2ModuleIdMap: {}
  },
  copyCodeResourceEnable: true,
  copyCodeResourceExcludes: [],
  copyCodeResourceIncludes: undefined,
  uiTransformOptimization: false,
  sdkPath: 'D:/DevEco Studio/sdk',
  needPreloadSoFileSet: {},
  preloadSoFilePath: 'D:\\harmonyos_code\\CanvasComponent (2)\\CanvasComponent\\entry\\build\\default\\intermediates\\preload\\default\\preload.json',
  useSourceHash: false,
  localModuleParamMap: {},
  otherPaths: {
    'entry/*': [
      '..\\*',
      '..\\..\\..\\build\\default\\generated\\profile\\default\\*'
    ]
  },
  collectImportersConfig: undefined
}
[2026-04-20T20:46:44.618] [DEBUG] debug-file - Compile arkts with external api path: D:\DevEco Studio\sdk\default\hms\ets
[2026-04-20T20:46:44.619] [DEBUG] debug-file - default@CompileArkTS work[4] is submitted.
[2026-04-20T20:46:44.620] [DEBUG] debug-file - default@CompileArkTS work[4] is pushed to ready queue.
[2026-04-20T20:46:44.620] [DEBUG] debug-file - A work dispatched to worker[31] failed because unable to get work from ready queue.
[2026-04-20T20:46:44.620] [DEBUG] debug-file - A work dispatched to worker[30] failed because unable to get work from ready queue.
[2026-04-20T20:46:44.620] [DEBUG] debug-file - A work dispatched to worker[29] failed because unable to get work from ready queue.
[2026-04-20T20:46:44.620] [DEBUG] debug-file - A work dispatched to worker[28] failed because unable to get work from ready queue.
[2026-04-20T20:46:44.620] [DEBUG] debug-file - A work dispatched to worker[27] failed because unable to get work from ready queue.
[2026-04-20T20:46:44.620] [DEBUG] debug-file - A work dispatched to worker[26] failed because unable to get work from ready queue.
[2026-04-20T20:46:44.620] [DEBUG] debug-file - A work dispatched to worker[25] failed because unable to get work from ready queue.
[2026-04-20T20:46:44.620] [DEBUG] debug-file - A work dispatched to worker[24] failed because unable to get work from ready queue.
[2026-04-20T20:46:44.620] [DEBUG] debug-file - A work dispatched to worker[23] failed because unable to get work from ready queue.
[2026-04-20T20:46:44.620] [DEBUG] debug-file - A work dispatched to worker[22] failed because unable to get work from ready queue.
[2026-04-20T20:46:44.620] [DEBUG] debug-file - A work dispatched to worker[21] failed because unable to get work from ready queue.
[2026-04-20T20:46:44.620] [DEBUG] debug-file - A work dispatched to worker[20] failed because unable to get work from ready queue.
[2026-04-20T20:46:44.620] [DEBUG] debug-file - A work dispatched to worker[19] failed because unable to get work from ready queue.
[2026-04-20T20:46:44.620] [DEBUG] debug-file - A work dispatched to worker[18] failed because unable to get work from ready queue.
[2026-04-20T20:46:44.620] [DEBUG] debug-file - A work dispatched to worker[17] failed because unable to get work from ready queue.
[2026-04-20T20:46:44.620] [DEBUG] debug-file - A work dispatched to worker[16] failed because unable to get work from ready queue.
[2026-04-20T20:46:44.620] [DEBUG] debug-file - A work dispatched to worker[15] failed because unable to get work from ready queue.
[2026-04-20T20:46:44.620] [DEBUG] debug-file - A work dispatched to worker[14] failed because unable to get work from ready queue.
[2026-04-20T20:46:44.620] [DEBUG] debug-file - A work dispatched to worker[13] failed because unable to get work from ready queue.
[2026-04-20T20:46:44.620] [DEBUG] debug-file - A work dispatched to worker[12] failed because unable to get work from ready queue.
[2026-04-20T20:46:44.620] [DEBUG] debug-file - A work dispatched to worker[11] failed because unable to get work from ready queue.
[2026-04-20T20:46:44.620] [DEBUG] debug-file - A work dispatched to worker[10] failed because unable to get work from ready queue.
[2026-04-20T20:46:44.620] [DEBUG] debug-file - A work dispatched to worker[9] failed because unable to get work from ready queue.
[2026-04-20T20:46:44.620] [DEBUG] debug-file - A work dispatched to worker[8] failed because unable to get work from ready queue.
[2026-04-20T20:46:44.620] [DEBUG] debug-file - A work dispatched to worker[7] failed because unable to get work from ready queue.
[2026-04-20T20:46:44.621] [DEBUG] debug-file - A work dispatched to worker[6] failed because unable to get work from ready queue.
[2026-04-20T20:46:44.621] [DEBUG] debug-file - A work dispatched to worker[5] failed because unable to get work from ready queue.
[2026-04-20T20:46:44.621] [DEBUG] debug-file - Create  resident worker with id: 4.
[2026-04-20T20:46:44.622] [DEBUG] debug-file - default@CompileArkTS work[4] has been dispatched to worker[4].
[2026-04-20T20:46:44.622] [DEBUG] debug-file - default@CompileArkTS work[4] is dispatched.
[2026-04-20T20:46:44.622] [DEBUG] debug-file - CopyResources startTime: 23665737631300
[2026-04-20T20:46:44.622] [DEBUG] debug-file - default@CompileArkTS work[5] is submitted.
[2026-04-20T20:46:44.622] [DEBUG] debug-file - default@CompileArkTS work[5] is pushed to ready queue.
[2026-04-20T20:46:44.622] [DEBUG] debug-file - A work dispatched to worker[31] failed because unable to get work from ready queue.
[2026-04-20T20:46:44.622] [DEBUG] debug-file - Create  resident worker with id: 30.
[2026-04-20T20:46:44.623] [DEBUG] debug-file - default@CompileArkTS work[5] has been dispatched to worker[30].
[2026-04-20T20:46:44.623] [DEBUG] debug-file - default@CompileArkTS work[5] is dispatched.
[2026-04-20T20:46:44.623] [DEBUG] debug-file - entry : default@CompileArkTS cost memory 1.630401611328125
[2026-04-20T20:46:44.624] [DEBUG] debug-file - Executing task :entry:default@BuildJS
[2026-04-20T20:46:44.624] [DEBUG] debug-file - Task 'entry:default@BuildJS' cost while wrapping incremental declarations: 1 ms 
[2026-04-20T20:46:44.626] [DEBUG] debug-file - entry : default@BuildJS cost memory 0.151031494140625
[2026-04-20T20:46:44.626] [DEBUG] debug-file - runTaskFromQueue task cost before running: 676 ms 
[2026-04-20T20:46:44.626] [INFO] debug-file - Finished :entry:default@BuildJS... after 3 ms 
[2026-04-20T20:46:44.627] [DEBUG] debug-file - Executing task :entry:default@CacheNativeLibs
[2026-04-20T20:46:44.628] [DEBUG] debug-file - File: 'D:\harmonyos_code\CanvasComponent (2)\CanvasComponent\entry\build\default\intermediates\binxo\default' from 'cacheBinxoNativeLibs' is not exists, just ignore.
[2026-04-20T20:46:44.628] [DEBUG] debug-file - Task 'entry:default@CacheNativeLibs' cost while wrapping incremental declarations: 1 ms 
[2026-04-20T20:46:44.629] [DEBUG] debug-file - entry:default@CacheNativeLibs is not up-to-date, since the output file 'D:\harmonyos_code\CanvasComponent (2)\CanvasComponent\entry\build\default\intermediates\patch\default\base_native_libs.json' does not exist.
[2026-04-20T20:46:44.629] [DEBUG] debug-file - Incremental task entry:default@CacheNativeLibs pre-execution cost: 1 ms .
[2026-04-20T20:46:44.629] [DEBUG] debug-file - default@CacheNativeLibs work[6] is submitted.
[2026-04-20T20:46:44.629] [DEBUG] debug-file - default@CacheNativeLibs work[6] is pushed to ready queue.
[2026-04-20T20:46:44.629] [DEBUG] debug-file - A work dispatched to worker[31] failed because unable to get work from ready queue.
[2026-04-20T20:46:44.629] [DEBUG] debug-file - A work dispatched to worker[30] failed because of worker busy.
[2026-04-20T20:46:44.629] [DEBUG] debug-file - Create  resident worker with id: 29.
[2026-04-20T20:46:44.630] [DEBUG] debug-file - default@CacheNativeLibs work[6] has been dispatched to worker[29].
[2026-04-20T20:46:44.630] [DEBUG] debug-file - default@CacheNativeLibs work[6] is dispatched.
[2026-04-20T20:46:44.630] [DEBUG] debug-file - entry : default@CacheNativeLibs cost memory 0.23284912109375
[2026-04-20T20:46:45.462] [DEBUG] debug-file - worker[30] has one work done.
[2026-04-20T20:46:45.462] [DEBUG] debug-file - CopyResources is end, endTime: 23666577955100
[2026-04-20T20:46:45.462] [DEBUG] debug-file - default@CompileArkTS work[5] done.
[2026-04-20T20:46:45.463] [DEBUG] debug-file - A work dispatched to worker[30] failed because unable to get work from ready queue.
[2026-04-20T20:46:45.511] [DEBUG] debug-file - worker[29] has one work done.
[2026-04-20T20:46:45.511] [DEBUG] debug-file - default@CacheNativeLibs work[6] done.
[2026-04-20T20:46:45.511] [DEBUG] debug-file - A work dispatched to worker[29] failed because unable to get work from ready queue.
[2026-04-20T20:46:45.511] [INFO] debug-file - Finished :entry:default@CacheNativeLibs... after 9 ms 
[2026-04-20T20:46:50.212] [DEBUG] debug-file - worker[4] has one work done.
[2026-04-20T20:46:50.212] [DEBUG] debug-file - Ark compile task finished.finished time is 23671327017500
[2026-04-20T20:46:50.213] [DEBUG] debug-file - default@CompileArkTS work[4] done.
[2026-04-20T20:46:50.213] [DEBUG] debug-file - A work dispatched to worker[4] failed because unable to get work from ready queue.
[2026-04-20T20:46:50.215] [INFO] debug-file - Finished :entry:default@CompileArkTS... after 3 s 670 ms 
[2026-04-20T20:46:50.216] [DEBUG] debug-file - Executing task :entry:default@GeneratePkgModuleJson
[2026-04-20T20:46:50.216] [DEBUG] debug-file - File: 'D:\harmonyos_code\CanvasComponent (2)\CanvasComponent\entry\build\default\intermediates\preload\default\preload.json' from 'preloadSoJsonPath' is not exists, just ignore.
[2026-04-20T20:46:50.217] [DEBUG] debug-file - Error occurs while handling @Input 'shouldDeduplicateHar': The "data" argument must be of type string or an instance of Buffer, TypedArray, or DataView. Received undefined
[2026-04-20T20:46:50.217] [DEBUG] debug-file - Task 'entry:default@GeneratePkgModuleJson' cost while wrapping incremental declarations: 1 ms 
[2026-04-20T20:46:50.218] [DEBUG] debug-file - entry:default@GeneratePkgModuleJson is not up-to-date, since the input file 'D:\harmonyos_code\CanvasComponent (2)\CanvasComponent\entry\build\default\intermediates\res\default\module.json' has been changed.
[2026-04-20T20:46:50.218] [DEBUG] debug-file - Incremental task entry:default@GeneratePkgModuleJson pre-execution cost: 1 ms .
[2026-04-20T20:46:50.220] [DEBUG] debug-file - entry : default@GeneratePkgModuleJson cost memory 0.1774139404296875
[2026-04-20T20:46:50.220] [DEBUG] debug-file - runTaskFromQueue task cost before running: 6 s 269 ms 
[2026-04-20T20:46:50.220] [INFO] debug-file - Finished :entry:default@GeneratePkgModuleJson... after 4 ms 
[2026-04-20T20:46:50.221] [DEBUG] debug-file - Executing task :entry:default@ProcessCompiledResources
[2026-04-20T20:46:50.221] [DEBUG] debug-file - File: 'D:\harmonyos_code\CanvasComponent (2)\CanvasComponent\entry\build\default\intermediates\preload\default\preload.json' from 'preloadSoJsonPath' is not exists, just ignore.
[2026-04-20T20:46:50.221] [DEBUG] debug-file - Task 'entry:default@ProcessCompiledResources' cost while wrapping incremental declarations: 1 ms 
[2026-04-20T20:46:50.221] [DEBUG] debug-file - entry : default@ProcessCompiledResources cost memory 0.089080810546875
[2026-04-20T20:46:50.221] [DEBUG] debug-file - runTaskFromQueue task cost before running: 6 s 271 ms 
[2026-04-20T20:46:50.221] [INFO] debug-file - Finished :entry:default@ProcessCompiledResources... after 1 ms 
[2026-04-20T20:46:50.223] [DEBUG] debug-file - Executing task :entry:default@PackageHap
[2026-04-20T20:46:50.227] [DEBUG] debug-file - entry:default@PackageHap is not up-to-date, since the input file 'D:\harmonyos_code\CanvasComponent (2)\CanvasComponent\entry\build\default\intermediates\res\default\module.json' has been changed.
[2026-04-20T20:46:50.227] [DEBUG] debug-file - Incremental task entry:default@PackageHap pre-execution cost: 3 ms .
[2026-04-20T20:46:50.228] [DEBUG] debug-file - Use tool [D:\DevEco Studio\sdk\default\openharmony\toolchains\lib\app_packing_tool.jar]
 [
  'java',
  '-Dfile.encoding=GBK',
  '-jar',
  'D:\\DevEco Studio\\sdk\\default\\openharmony\\toolchains\\lib\\app_packing_tool.jar',
  '--mode',
  'hap',
  '--force',
  'true',
  '--lib-path',
  'D:\\harmonyos_code\\CanvasComponent (2)\\CanvasComponent\\entry\\build\\default\\intermediates\\stripped_native_libs\\default',
  '--json-path',
  'D:\\harmonyos_code\\CanvasComponent (2)\\CanvasComponent\\entry\\build\\default\\intermediates\\package\\default\\module.json',
  '--resources-path',
  'D:\\harmonyos_code\\CanvasComponent (2)\\CanvasComponent\\entry\\build\\default\\intermediates\\res\\default\\resources',
  '--index-path',
  'D:\\harmonyos_code\\CanvasComponent (2)\\CanvasComponent\\entry\\build\\default\\intermediates\\res\\default\\resources.index',
  '--pack-info-path',
  'D:\\harmonyos_code\\CanvasComponent (2)\\CanvasComponent\\entry\\build\\default\\outputs\\default\\pack.info',
  '--out-path',
  'D:\\harmonyos_code\\CanvasComponent (2)\\CanvasComponent\\entry\\build\\default\\outputs\\default\\entry-default-unsigned.hap',
  '--ets-path',
  'D:\\harmonyos_code\\CanvasComponent (2)\\CanvasComponent\\entry\\build\\default\\intermediates\\loader_out\\default\\ets',
  '--pkg-sdk-info-path',
  'D:\\harmonyos_code\\CanvasComponent (2)\\CanvasComponent\\entry\\build\\default\\intermediates\\loader\\default\\pkgSdkInfo.json'
]
[2026-04-20T20:46:50.229] [DEBUG] debug-file - default@PackageHap work[7] is submitted.
[2026-04-20T20:46:50.229] [DEBUG] debug-file - default@PackageHap work[7] is pushed to ready queue.
[2026-04-20T20:46:50.229] [DEBUG] debug-file - A work dispatched to worker[31] failed because unable to get work from ready queue.
[2026-04-20T20:46:50.229] [DEBUG] debug-file - default@PackageHap work[7] has been dispatched to worker[30].
[2026-04-20T20:46:50.229] [DEBUG] debug-file - default@PackageHap work[7] is dispatched.
[2026-04-20T20:46:50.232] [DEBUG] debug-file - entry : default@PackageHap cost memory 0.47547149658203125
[2026-04-20T20:46:50.421] [DEBUG] debug-file - current process  memoryUsage: {
  rss: 674430976,
  heapTotal: 81559552,
  heapUsed: 52015720,
  external: 2365469,
  arrayBuffers: 123792
} os memoryUsage :12.399776458740234
[2026-04-20T20:46:50.846] [DEBUG] debug-file - worker[30] has one work done.
[2026-04-20T20:46:50.846] [DEBUG] debug-file - default@PackageHap work[7] done.
[2026-04-20T20:46:50.847] [DEBUG] debug-file - A work dispatched to worker[30] failed because unable to get work from ready queue.
[2026-04-20T20:46:50.848] [INFO] debug-file - Finished :entry:default@PackageHap... after 437 ms 
[2026-04-20T20:46:50.849] [DEBUG] debug-file - Executing task :entry:default@PackingCheck
[2026-04-20T20:46:50.853] [DEBUG] debug-file - entry : default@PackingCheck cost memory 0.3769073486328125
[2026-04-20T20:46:50.854] [DEBUG] debug-file - runTaskFromQueue task cost before running: 6 s 903 ms 
[2026-04-20T20:46:50.854] [INFO] debug-file - Finished :entry:default@PackingCheck... after 5 ms 
[2026-04-20T20:46:50.856] [DEBUG] debug-file - Executing task :entry:default@SignHap
[2026-04-20T20:46:50.856] [WARN] debug-file - Will skip sign 'hos_hap'. No signingConfigs profile is configured in current project.
             If needed, configure the signingConfigs in D:\harmonyos_code\CanvasComponent (2)\CanvasComponent\build-profile.json5.
[2026-04-20T20:46:50.857] [DEBUG] debug-file - entry:default@SignHap is not up-to-date, since the input file 'D:\harmonyos_code\CanvasComponent (2)\CanvasComponent\entry\build\default\outputs\default\entry-default-unsigned.hap' has been changed.
[2026-04-20T20:46:50.857] [DEBUG] debug-file - Incremental task entry:default@SignHap pre-execution cost: 1 ms .
[2026-04-20T20:46:50.857] [DEBUG] debug-file - entry : default@SignHap cost memory 0.091400146484375
[2026-04-20T20:46:50.857] [DEBUG] debug-file - runTaskFromQueue task cost before running: 6 s 907 ms 
[2026-04-20T20:46:50.858] [INFO] debug-file - Finished :entry:default@SignHap... after 2 ms 
[2026-04-20T20:46:50.859] [DEBUG] debug-file - Executing task :entry:default@CollectDebugSymbol
[2026-04-20T20:46:50.860] [DEBUG] debug-file - entry : default@CollectDebugSymbol cost memory 0.10982513427734375
[2026-04-20T20:46:50.860] [DEBUG] debug-file - runTaskFromQueue task cost before running: 6 s 909 ms 
[2026-04-20T20:46:50.860] [INFO] debug-file - Finished :entry:default@CollectDebugSymbol... after 2 ms 
[2026-04-20T20:46:50.860] [DEBUG] debug-file - Executing task :entry:assembleHap
[2026-04-20T20:46:50.860] [DEBUG] debug-file - entry : assembleHap cost memory 0.012725830078125
[2026-04-20T20:46:50.861] [DEBUG] debug-file - runTaskFromQueue task cost before running: 6 s 910 ms 
[2026-04-20T20:46:50.861] [INFO] debug-file - Finished :entry:assembleHap... after 1 ms 
[2026-04-20T20:46:50.874] [INFO] debug-file - BUILD SUCCESSFUL in 6 s 923 ms 
[2026-04-20T20:46:50.874] [DEBUG] debug-file - There is no need to refresh cache, since the incremental task entry:default@PreBuild is up-to-date.
[2026-04-20T20:46:50.874] [DEBUG] debug-file - Update task entry:default@CreateModuleInfo output file:D:\harmonyos_code\CanvasComponent (2)\CanvasComponent\entry\build\default\generated\profile\default\ModuleInfo.ts cache.
[2026-04-20T20:46:50.874] [DEBUG] debug-file - Incremental task entry:default@CreateModuleInfo post-execution cost:1 ms .
[2026-04-20T20:46:50.875] [DEBUG] debug-file - Update task entry:default@GenerateMetadata input file:D:\harmonyos_code\CanvasComponent (2)\CanvasComponent\entry\src\main\module.json5 cache by regenerate.
[2026-04-20T20:46:50.875] [DEBUG] debug-file - Update task entry:default@GenerateMetadata output file:D:\harmonyos_code\CanvasComponent (2)\CanvasComponent\entry\build\default\intermediates\hap_metadata\default\output_metadata.json cache.
[2026-04-20T20:46:50.875] [DEBUG] debug-file - Incremental task entry:default@GenerateMetadata post-execution cost:1 ms .
[2026-04-20T20:46:50.875] [DEBUG] debug-file - Update task entry:default@MergeProfile input file:D:\harmonyos_code\CanvasComponent (2)\CanvasComponent\AppScope\app.json5 cache by regenerate.
[2026-04-20T20:46:50.876] [DEBUG] debug-file - Update task entry:default@MergeProfile input file:D:\harmonyos_code\CanvasComponent (2)\CanvasComponent\build-profile.json5 cache by regenerate.
[2026-04-20T20:46:50.876] [DEBUG] debug-file - Update task entry:default@MergeProfile input file:D:\harmonyos_code\CanvasComponent (2)\CanvasComponent\entry\src\main\module.json5 cache by regenerate.
[2026-04-20T20:46:50.876] [DEBUG] debug-file - Update task entry:default@MergeProfile output file:D:\harmonyos_code\CanvasComponent (2)\CanvasComponent\entry\build\default\intermediates\merge_profile\default\module.json cache.
[2026-04-20T20:46:50.876] [DEBUG] debug-file - Incremental task entry:default@MergeProfile post-execution cost:1 ms .
[2026-04-20T20:46:50.876] [DEBUG] debug-file - Update task entry:default@CreateBuildProfile input file:D:\harmonyos_code\CanvasComponent (2)\CanvasComponent\AppScope\app.json5 cache by regenerate.
[2026-04-20T20:46:50.876] [DEBUG] debug-file - Update task entry:default@CreateBuildProfile input file:D:\harmonyos_code\CanvasComponent (2)\CanvasComponent\build-profile.json5 cache by regenerate.
[2026-04-20T20:46:50.877] [DEBUG] debug-file - Update task entry:default@CreateBuildProfile output file:D:\harmonyos_code\CanvasComponent (2)\CanvasComponent\entry\build\default\generated\profile\default\BuildProfile.ets cache.
[2026-04-20T20:46:50.877] [DEBUG] debug-file - Incremental task entry:default@CreateBuildProfile post-execution cost:1 ms .
[2026-04-20T20:46:50.877] [DEBUG] debug-file - Update task entry:default@GeneratePkgContextInfo output file:D:\harmonyos_code\CanvasComponent (2)\CanvasComponent\entry\build\default\intermediates\loader\default\pkgContextInfo.json cache.
[2026-04-20T20:46:50.877] [DEBUG] debug-file - Incremental task entry:default@GeneratePkgContextInfo post-execution cost:1 ms .
[2026-04-20T20:46:50.877] [DEBUG] debug-file - Update task entry:default@GeneratePkgSdkInfo output file:D:\harmonyos_code\CanvasComponent (2)\CanvasComponent\entry\build\default\intermediates\loader\default\pkgSdkInfo.json cache.
[2026-04-20T20:46:50.877] [DEBUG] debug-file - Incremental task entry:default@GeneratePkgSdkInfo post-execution cost:1 ms .
[2026-04-20T20:46:50.877] [DEBUG] debug-file - Update task entry:default@ProcessIntegratedHsp output file:D:\harmonyos_code\CanvasComponent (2)\CanvasComponent\build\cache\default\integrated_hsp\integratedHspCache.json cache.
[2026-04-20T20:46:50.877] [DEBUG] debug-file - Incremental task entry:default@ProcessIntegratedHsp post-execution cost:1 ms .
[2026-04-20T20:46:50.877] [DEBUG] debug-file - Update task entry:default@MakePackInfo input file:D:\harmonyos_code\CanvasComponent (2)\CanvasComponent\AppScope\app.json5 cache by regenerate.
[2026-04-20T20:46:50.878] [DEBUG] debug-file - Update task entry:default@MakePackInfo input file:D:\harmonyos_code\CanvasComponent (2)\CanvasComponent\entry\src\main\module.json5 cache by regenerate.
[2026-04-20T20:46:50.878] [DEBUG] debug-file - Update task entry:default@MakePackInfo input file:D:\harmonyos_code\CanvasComponent (2)\CanvasComponent\build-profile.json5 cache by regenerate.
[2026-04-20T20:46:50.878] [DEBUG] debug-file - Update task entry:default@MakePackInfo output file:D:\harmonyos_code\CanvasComponent (2)\CanvasComponent\entry\build\default\outputs\default\pack.info cache.
[2026-04-20T20:46:50.878] [DEBUG] debug-file - Incremental task entry:default@MakePackInfo post-execution cost:1 ms .
[2026-04-20T20:46:50.878] [DEBUG] debug-file - Update task entry:default@SyscapTransform input file:D:\DevEco Studio\sdk\default\openharmony\toolchains\syscap_tool.exe cache by regenerate.
[2026-04-20T20:46:50.878] [DEBUG] debug-file - Update task entry:default@SyscapTransform input file:D:\DevEco Studio\sdk\default\openharmony\ets\api\device-define cache by regenerate.
[2026-04-20T20:46:50.880] [DEBUG] debug-file - Update task entry:default@SyscapTransform output file:D:\harmonyos_code\CanvasComponent (2)\CanvasComponent\entry\build\default\intermediates\syscap\default\rpcid.sc cache.
[2026-04-20T20:46:50.880] [DEBUG] debug-file - Incremental task entry:default@SyscapTransform post-execution cost:2 ms .
[2026-04-20T20:46:50.880] [DEBUG] debug-file - Update task entry:default@ProcessProfile input file:D:\harmonyos_code\CanvasComponent (2)\CanvasComponent\entry\build\default\intermediates\merge_profile\default\module.json cache from map.
[2026-04-20T20:46:50.880] [DEBUG] debug-file - Update task entry:default@ProcessProfile output file:D:\harmonyos_code\CanvasComponent (2)\CanvasComponent\entry\build\default\intermediates\process_profile\default\module.json cache.
[2026-04-20T20:46:50.880] [DEBUG] debug-file - Incremental task entry:default@ProcessProfile post-execution cost:1 ms .
[2026-04-20T20:46:50.881] [DEBUG] debug-file - Update task entry:default@ProcessRouterMap input file:D:\harmonyos_code\CanvasComponent (2)\CanvasComponent\entry\oh-package.json5 cache by regenerate.
[2026-04-20T20:46:50.881] [DEBUG] debug-file - Update task entry:default@ProcessRouterMap input file:D:\harmonyos_code\CanvasComponent (2)\CanvasComponent\oh-package.json5 cache by regenerate.
[2026-04-20T20:46:50.881] [DEBUG] debug-file - Update task entry:default@ProcessRouterMap input file:D:\harmonyos_code\CanvasComponent (2)\CanvasComponent\entry\src\main\module.json5 cache by regenerate.
[2026-04-20T20:46:50.882] [DEBUG] debug-file - Update task entry:default@ProcessRouterMap output file:D:\harmonyos_code\CanvasComponent (2)\CanvasComponent\entry\build\default\intermediates\router_map\default\temp-router-map.json cache.
[2026-04-20T20:46:50.882] [DEBUG] debug-file - Update task entry:default@ProcessRouterMap output file:D:\harmonyos_code\CanvasComponent (2)\CanvasComponent\entry\build\default\intermediates\router_map\default\loader-router-map.json cache.
[2026-04-20T20:46:50.882] [DEBUG] debug-file - Incremental task entry:default@ProcessRouterMap post-execution cost:2 ms .
[2026-04-20T20:46:50.883] [DEBUG] debug-file - Update task entry:default@ProcessShareConfig input file:D:\harmonyos_code\CanvasComponent (2)\CanvasComponent\entry\oh-package.json5 cache by regenerate.
[2026-04-20T20:46:50.883] [DEBUG] debug-file - Update task entry:default@ProcessShareConfig input file:D:\harmonyos_code\CanvasComponent (2)\CanvasComponent\oh-package.json5 cache by regenerate.
[2026-04-20T20:46:50.883] [DEBUG] debug-file - Update task entry:default@ProcessShareConfig input file:D:\harmonyos_code\CanvasComponent (2)\CanvasComponent\entry\src\main\module.json5 cache by regenerate.
[2026-04-20T20:46:50.883] [DEBUG] debug-file - Update task entry:default@ProcessShareConfig output file:D:\harmonyos_code\CanvasComponent (2)\CanvasComponent\entry\build\default\intermediates\share_config\default\temp-share-config.json cache.
[2026-04-20T20:46:50.884] [DEBUG] debug-file - Incremental task entry:default@ProcessShareConfig post-execution cost:2 ms .
[2026-04-20T20:46:50.884] [DEBUG] debug-file - Update task entry:default@ProcessStartupConfig output file:D:\harmonyos_code\CanvasComponent (2)\CanvasComponent\entry\build\default\intermediates\startup\default\startup_config.json cache.
[2026-04-20T20:46:50.884] [DEBUG] debug-file - Incremental task entry:default@ProcessStartupConfig post-execution cost:1 ms .
[2026-04-20T20:46:50.884] [DEBUG] debug-file - Update task entry:default@ProcessResource output file:D:\harmonyos_code\CanvasComponent (2)\CanvasComponent\entry\build\default\intermediates\res\default\resConfig.json cache.
[2026-04-20T20:46:50.884] [DEBUG] debug-file - Update task entry:default@ProcessResource output file:D:\harmonyos_code\CanvasComponent (2)\CanvasComponent\entry\build\default\intermediates\res\default\opt-compression.json cache.
[2026-04-20T20:46:50.885] [DEBUG] debug-file - Incremental task entry:default@ProcessResource post-execution cost:1 ms .
[2026-04-20T20:46:50.885] [DEBUG] debug-file - Update task entry:default@GenerateLoaderJson input file:D:\harmonyos_code\CanvasComponent (2)\CanvasComponent\entry\build\default\intermediates\router_map\default\temp-router-map.json cache from map.
[2026-04-20T20:46:50.885] [DEBUG] debug-file - Update task entry:default@GenerateLoaderJson output file:D:\harmonyos_code\CanvasComponent (2)\CanvasComponent\entry\build\default\intermediates\loader\default\loader.json cache.
[2026-04-20T20:46:50.886] [DEBUG] debug-file - Incremental task entry:default@GenerateLoaderJson post-execution cost:1 ms .
[2026-04-20T20:46:50.886] [DEBUG] debug-file - Update task entry:default@ProcessLibs input file:D:\harmonyos_code\CanvasComponent (2)\CanvasComponent\build-profile.json5 cache by regenerate.
[2026-04-20T20:46:50.886] [DEBUG] debug-file - Update task entry:default@ProcessLibs input file:D:\harmonyos_code\CanvasComponent (2)\CanvasComponent\entry\build-profile.json5 cache by regenerate.
[2026-04-20T20:46:50.886] [DEBUG] debug-file - Update task entry:default@ProcessLibs output file:D:\harmonyos_code\CanvasComponent (2)\CanvasComponent\entry\build\default\intermediates\libs\default cache.
[2026-04-20T20:46:50.887] [DEBUG] debug-file - Incremental task entry:default@ProcessLibs post-execution cost:1 ms .
[2026-04-20T20:46:50.887] [DEBUG] debug-file - Update task entry:default@CompileResource input file:D:\harmonyos_code\CanvasComponent (2)\CanvasComponent\entry\src\main\resources cache by regenerate.
[2026-04-20T20:46:50.890] [DEBUG] debug-file - Update task entry:default@CompileResource input file:D:\harmonyos_code\CanvasComponent (2)\CanvasComponent\AppScope\resources cache by regenerate.
[2026-04-20T20:46:50.891] [DEBUG] debug-file - Update task entry:default@CompileResource input file:D:\harmonyos_code\CanvasComponent (2)\CanvasComponent\entry\build\default\intermediates\process_profile\default\module.json cache from map.
[2026-04-20T20:46:50.891] [DEBUG] debug-file - Update task entry:default@CompileResource input file:D:\harmonyos_code\CanvasComponent (2)\CanvasComponent\entry\build\default\intermediates\res\default\resConfig.json cache by regenerate.
[2026-04-20T20:46:50.891] [DEBUG] debug-file - Update task entry:default@CompileResource output file:D:\harmonyos_code\CanvasComponent (2)\CanvasComponent\entry\build\default\intermediates\res\default cache.
[2026-04-20T20:46:50.895] [DEBUG] debug-file - Update task entry:default@CompileResource output file:D:\harmonyos_code\CanvasComponent (2)\CanvasComponent\entry\build\default\generated\r\default\ResourceTable.h cache.
[2026-04-20T20:46:50.896] [DEBUG] debug-file - Update task entry:default@CompileResource output file:D:\harmonyos_code\CanvasComponent (2)\CanvasComponent\entry\build\default\generated\r\default\ResourceTable.ts cache.
[2026-04-20T20:46:50.896] [DEBUG] debug-file - Update task entry:default@CompileResource output file:D:\harmonyos_code\CanvasComponent (2)\CanvasComponent\entry\build\default\generated\r\default cache.
[2026-04-20T20:46:50.896] [DEBUG] debug-file - Incremental task entry:default@CompileResource post-execution cost:10 ms .
[2026-04-20T20:46:50.896] [DEBUG] debug-file - Update task entry:default@DoNativeStrip input file:D:\harmonyos_code\CanvasComponent (2)\CanvasComponent\entry\build\default\intermediates\libs\default cache by regenerate.
[2026-04-20T20:46:50.896] [DEBUG] debug-file - Update task entry:default@DoNativeStrip output file:D:\harmonyos_code\CanvasComponent (2)\CanvasComponent\entry\build\default\intermediates\stripped_native_libs\default cache.
[2026-04-20T20:46:50.897] [DEBUG] debug-file - Incremental task entry:default@DoNativeStrip post-execution cost:1 ms .
[2026-04-20T20:46:50.898] [DEBUG] debug-file - Update task entry:default@CompileArkTS input file:D:\harmonyos_code\CanvasComponent (2)\CanvasComponent\entry\build\default\intermediates\loader\default cache from map.
[2026-04-20T20:46:50.898] [DEBUG] debug-file - Update task entry:default@CompileArkTS input file:D:\harmonyos_code\CanvasComponent (2)\CanvasComponent\entry\build\default\intermediates\res\default\ResourceTable.txt cache by regenerate.
[2026-04-20T20:46:50.898] [DEBUG] debug-file - Update task entry:default@CompileArkTS input file:D:\harmonyos_code\CanvasComponent (2)\CanvasComponent\entry\build\default\intermediates\res\default\ark_module.json cache by regenerate.
[2026-04-20T20:46:50.898] [DEBUG] debug-file - Update task entry:default@CompileArkTS input file:D:\harmonyos_code\CanvasComponent (2)\CanvasComponent\entry\build\default\intermediates\res\default\resources\base\profile cache by regenerate.
[2026-04-20T20:46:50.899] [DEBUG] debug-file - Update task entry:default@CompileArkTS input file:D:\harmonyos_code\CanvasComponent (2)\CanvasComponent\entry\src\main\ets cache by regenerate.
[2026-04-20T20:46:50.901] [DEBUG] debug-file - Update task entry:default@CompileArkTS input file:D:\harmonyos_code\CanvasComponent (2)\CanvasComponent\entry\build\default\generated\profile\default\BuildProfile.ets cache by regenerate.
[2026-04-20T20:46:50.901] [DEBUG] debug-file - Update task entry:default@CompileArkTS output file:D:\harmonyos_code\CanvasComponent (2)\CanvasComponent\entry\build\default\intermediates\loader_out\default\ets cache.
[2026-04-20T20:46:50.902] [DEBUG] debug-file - Incremental task entry:default@CompileArkTS post-execution cost:6 ms .
[2026-04-20T20:46:50.903] [DEBUG] debug-file - Update task entry:default@BuildJS input file:D:\harmonyos_code\CanvasComponent (2)\CanvasComponent\entry\build\default\intermediates\loader\default cache by regenerate.
[2026-04-20T20:46:50.904] [DEBUG] debug-file - Update task entry:default@BuildJS input file:D:\harmonyos_code\CanvasComponent (2)\CanvasComponent\entry\build\default\intermediates\res\default\ResourceTable.txt cache by regenerate.
[2026-04-20T20:46:50.905] [DEBUG] debug-file - Update task entry:default@BuildJS input file:D:\harmonyos_code\CanvasComponent (2)\CanvasComponent\entry\build\default\intermediates\res\default\ark_module.json cache by regenerate.
[2026-04-20T20:46:50.905] [DEBUG] debug-file - Update task entry:default@BuildJS input file:D:\harmonyos_code\CanvasComponent (2)\CanvasComponent\entry\build\default\intermediates\res\default\resources\base\profile cache by regenerate.
[2026-04-20T20:46:50.905] [DEBUG] debug-file - Update task entry:default@BuildJS output file:D:\harmonyos_code\CanvasComponent (2)\CanvasComponent\entry\build\default\intermediates\loader_out\default\js cache.
[2026-04-20T20:46:50.906] [DEBUG] debug-file - Incremental task entry:default@BuildJS post-execution cost:4 ms .
[2026-04-20T20:46:50.906] [DEBUG] debug-file - Update task entry:default@CacheNativeLibs input file:D:\harmonyos_code\CanvasComponent (2)\CanvasComponent\entry\build\default\intermediates\stripped_native_libs\default cache by regenerate.
[2026-04-20T20:46:50.906] [DEBUG] debug-file - Update task entry:default@CacheNativeLibs input file:D:\harmonyos_code\CanvasComponent (2)\CanvasComponent\entry\build\default\intermediates\libs\default cache by regenerate.
[2026-04-20T20:46:50.907] [DEBUG] debug-file - Update task entry:default@CacheNativeLibs output file:D:\harmonyos_code\CanvasComponent (2)\CanvasComponent\entry\build\default\intermediates\patch\default\base_native_libs.json cache.
[2026-04-20T20:46:50.907] [DEBUG] debug-file - Update task entry:default@CacheNativeLibs output file:D:\harmonyos_code\CanvasComponent (2)\CanvasComponent\entry\build\default\intermediates\patch\default\binxo_native_libs.json cache.
[2026-04-20T20:46:50.907] [DEBUG] debug-file - Incremental task entry:default@CacheNativeLibs post-execution cost:2 ms .
[2026-04-20T20:46:50.907] [DEBUG] debug-file - Update task entry:default@GeneratePkgModuleJson input file:D:\harmonyos_code\CanvasComponent (2)\CanvasComponent\entry\build\default\intermediates\res\default\module.json cache from map.
[2026-04-20T20:46:50.907] [DEBUG] debug-file - Update task entry:default@GeneratePkgModuleJson output file:D:\harmonyos_code\CanvasComponent (2)\CanvasComponent\entry\build\default\intermediates\package\default\module.json cache.
[2026-04-20T20:46:50.907] [DEBUG] debug-file - Incremental task entry:default@GeneratePkgModuleJson post-execution cost:1 ms .
[2026-04-20T20:46:50.907] [DEBUG] debug-file - Incremental task entry:default@ProcessCompiledResources post-execution cost:1 ms .
[2026-04-20T20:46:50.908] [DEBUG] debug-file - Update task entry:default@PackageHap input file:D:\harmonyos_code\CanvasComponent (2)\CanvasComponent\entry\build\default\intermediates\stripped_native_libs\default cache by regenerate.
[2026-04-20T20:46:50.908] [DEBUG] debug-file - Update task entry:default@PackageHap input file:D:\harmonyos_code\CanvasComponent (2)\CanvasComponent\entry\build\default\intermediates\res\default\module.json cache from map.
[2026-04-20T20:46:50.908] [DEBUG] debug-file - Update task entry:default@PackageHap input file:D:\harmonyos_code\CanvasComponent (2)\CanvasComponent\entry\build\default\intermediates\res\default\resources cache by regenerate.
[2026-04-20T20:46:50.911] [DEBUG] debug-file - Update task entry:default@PackageHap input file:D:\harmonyos_code\CanvasComponent (2)\CanvasComponent\entry\build\default\intermediates\res\default\resources.index cache by regenerate.
[2026-04-20T20:46:50.912] [DEBUG] debug-file - Update task entry:default@PackageHap input file:D:\harmonyos_code\CanvasComponent (2)\CanvasComponent\entry\build\default\outputs\default\pack.info cache by regenerate.
[2026-04-20T20:46:50.912] [DEBUG] debug-file - Update task entry:default@PackageHap input file:D:\harmonyos_code\CanvasComponent (2)\CanvasComponent\entry\build\default\intermediates\loader_out\default\ets cache by regenerate.
[2026-04-20T20:46:50.912] [DEBUG] debug-file - Update task entry:default@PackageHap input file:D:\harmonyos_code\CanvasComponent (2)\CanvasComponent\entry\build\default\intermediates\loader\default\pkgSdkInfo.json cache by regenerate.
[2026-04-20T20:46:50.913] [DEBUG] debug-file - Update task entry:default@PackageHap input file:D:\harmonyos_code\CanvasComponent (2)\CanvasComponent\entry\build\default\intermediates\loader_out\default\ets\sourceMaps.map cache by regenerate.
[2026-04-20T20:46:50.913] [DEBUG] debug-file - Update task entry:default@PackageHap input file:D:\harmonyos_code\CanvasComponent (2)\CanvasComponent\entry\build\default\generated\profile\default\BuildProfile.ets cache by regenerate.
[2026-04-20T20:46:50.913] [DEBUG] debug-file - Update task entry:default@PackageHap output file:D:\harmonyos_code\CanvasComponent (2)\CanvasComponent\entry\build\default\outputs\default\entry-default-unsigned.hap cache.
[2026-04-20T20:46:50.913] [DEBUG] debug-file - Update task entry:default@PackageHap output file:D:\harmonyos_code\CanvasComponent (2)\CanvasComponent\entry\build\default\intermediates\source_map\default\sourceMaps.map cache.
[2026-04-20T20:46:50.914] [DEBUG] debug-file - Update task entry:default@PackageHap output file:D:\harmonyos_code\CanvasComponent (2)\CanvasComponent\entry\build\default\outputs\default\mapping\sourceMaps.map cache.
[2026-04-20T20:46:50.914] [DEBUG] debug-file - Incremental task entry:default@PackageHap post-execution cost:7 ms .
[2026-04-20T20:46:50.914] [DEBUG] debug-file - Update task entry:default@SignHap input file:D:\harmonyos_code\CanvasComponent (2)\CanvasComponent\entry\build\default\outputs\default\entry-default-unsigned.hap cache from map.
[2026-04-20T20:46:50.914] [DEBUG] debug-file - Update task entry:default@SignHap output file:D:\harmonyos_code\CanvasComponent (2)\CanvasComponent\entry\build\default\outputs\default\entry-default-signed.hap cache.
[2026-04-20T20:46:50.914] [DEBUG] debug-file - Incremental task entry:default@SignHap post-execution cost:1 ms .
[2026-04-20T20:46:50.915] [DEBUG] debug-file - Update task entry:default@CollectDebugSymbol input file:D:\harmonyos_code\CanvasComponent (2)\CanvasComponent\entry\build\default\intermediates\loader_out\default\ets\sourceMaps.map cache by regenerate.
[2026-04-20T20:46:50.915] [DEBUG] debug-file - Update task entry:default@CollectDebugSymbol input file:D:\harmonyos_code\CanvasComponent (2)\CanvasComponent\entry\build\default\intermediates\libs\default cache by regenerate.
[2026-04-20T20:46:50.915] [DEBUG] debug-file - Update task entry:default@CollectDebugSymbol output file:D:\harmonyos_code\CanvasComponent (2)\CanvasComponent\entry\build\default\outputs\default\symbol cache.
[2026-04-20T20:46:50.915] [DEBUG] debug-file - Incremental task entry:default@CollectDebugSymbol post-execution cost:2 ms .
[2026-04-20T20:46:50.935] [DEBUG] debug-file - Cleanup worker 29.
[2026-04-20T20:46:50.935] [DEBUG] debug-file - Worker 29 has been cleaned up.
[2026-04-20T20:46:50.935] [DEBUG] debug-file - Current idle worker size: 2.
[2026-04-20T20:46:50.935] [DEBUG] debug-file - Current resident worker size: 3.
[2026-04-20T20:46:50.935] [DEBUG] debug-file - Cleanup worker 30.
[2026-04-20T20:46:50.935] [DEBUG] debug-file - Worker 30 has been cleaned up.
[2026-04-20T20:46:50.935] [DEBUG] debug-file - Current idle worker size: 1.
[2026-04-20T20:46:50.936] [DEBUG] debug-file - Current resident worker size: 3.
[2026-04-20T20:46:50.937] [DEBUG] debug-file - hvigor build process will be closed.
[2026-04-20T20:46:50.945] [DEBUG] debug-file - session manager: send message to worker process.
[2026-04-20T20:46:50.946] [DEBUG] debug-file - session manager: send message to worker process.
[2026-04-20T20:46:50.945] [DEBUG] debug-file - worker[29] exits with exit code 1.
[2026-04-20T20:46:50.946] [DEBUG] debug-file - worker[30] exits with exit code 1.
[2026-04-20T20:46:50.946] [DEBUG] debug-file - watch worker: worker id should be larger than 0. Nothing will be sent to any worker thread.
[2026-04-20T20:46:50.947] [DEBUG] debug-file - watch worker: worker id should be larger than 0. Nothing will be sent to any worker thread.
[2026-04-20T20:50:10.261] [DEBUG] debug-file - env: nodejsVersion=v18.20.1
[2026-04-20T20:50:10.316] [DEBUG] debug-file - env: daemon=true
[2026-04-20T20:50:10.262] [DEBUG] debug-file - env: hvigor-config.json5 content = { modelVersion: '5.0.0', dependencies: {} }
[2026-04-20T20:50:11.029] [DEBUG] debug-file - java daemon tryConnect failed Error: connect ECONNREFUSED 127.0.0.1:45050
[2026-04-20T20:50:11.035] [DEBUG] debug-file - java daemon started at port 45050 pid 41856
[2026-04-20T20:50:11.056] [DEBUG] debug-file - session manager: set active socket. socketId=sbpFM-uNi1XMmkMpAAAB
[2026-04-20T20:50:11.841] [DEBUG] debug-file - watch worker: worker id should be larger than 0. Nothing will be sent to any worker thread.
[2026-04-20T20:50:11.844] [DEBUG] debug-file - Since there is no instance or instance is terminated, create a new worker pool.
[2026-04-20T20:50:11.844] [DEBUG] debug-file - Worker pool is initialized with config:  {
  minPoolNum: 2,
  maxPoolNum: undefined,
  maxCoreSize: undefined,
  cacheCapacity: undefined,
  cacheTtl: undefined
}
[2026-04-20T20:50:11.845] [DEBUG] debug-file - Create  resident worker with id: 0.
[2026-04-20T20:50:11.846] [DEBUG] debug-file - Create  resident worker with id: 1.
[2026-04-20T20:50:11.848] [DEBUG] debug-file - Workers' log level updated to INFO
[2026-04-20T20:50:11.854] [DEBUG] debug-file - Hvigor init with startParameters:{
  hvigorfileTypeCheck: false,
  parallelExecution: true,
  incrementalExecution: true,
  printStackTrace: false,
  daemon: true,
  analyze: 0,
  logLevel: Level { level: 20000, levelStr: 'INFO', colour: 'green' },
  optimizationStrategy: 'memory',
  hotCompile: undefined,
  hotReloadBuild: undefined,
  customizedParam: undefined
}
[2026-04-20T20:50:11.859] [DEBUG] debug-file - Cache service initialization finished in 5 ms 
[2026-04-20T20:50:11.861] [DEBUG] debug-file - hvigorfile, resolving D:\harmonyos_code\CanvasComponent\hvigorfile.ts
[2026-04-20T20:50:13.439] [DEBUG] debug-file - hvigorfile, require result:  {}
[2026-04-20T20:50:13.439] [DEBUG] debug-file - hvigorfile, binding system plugins {}
[2026-04-20T20:50:13.439] [DEBUG] debug-file - Starting plugin build process
[2026-04-20T20:50:13.439] [DEBUG] debug-file - App plugin prepare start...
[2026-04-20T20:50:13.440] [DEBUG] debug-file - App plugin prepare end...
[2026-04-20T20:50:13.440] [DEBUG] debug-file - App plugin creating...
[2026-04-20T20:50:13.582] [DEBUG] debug-file - App plugin register hook start...
[2026-04-20T20:50:13.582] [DEBUG] debug-file - App plugin register hook end...
[2026-04-20T20:50:13.582] [DEBUG] debug-file - Plugin build process completed
[2026-04-20T20:50:13.583] [DEBUG] debug-file - Start initialize project's product build option map with build mode debug.
[2026-04-20T20:50:13.584] [DEBUG] debug-file - Picking option from product 'default' with build mode 'debug'.
[2026-04-20T20:50:13.584] [DEBUG] debug-file - Product 'default' build option initialized
[2026-04-20T20:50:13.584] [DEBUG] debug-file - End initialize project's product build option map with build mode 'debug'.
[2026-04-20T20:50:13.586] [DEBUG] debug-file - Obtain build option for product 'default'in this build.
[2026-04-20T20:50:13.587] [DEBUG] debug-file - No signingConfig found, initRemoteHspCache failed.
[2026-04-20T20:50:13.588] [DEBUG] debug-file - Local scan or download HarmonyOS sdk components toolchains,ets,js,native,previewer
[2026-04-20T20:50:13.591] [DEBUG] debug-file - Local scan or download hmscore sdk components toolchains,ets,native
[2026-04-20T20:50:13.592] [DEBUG] debug-file - Start recording SDK configuration permission data.
[2026-04-20T20:50:13.622] [DEBUG] debug-file - Sdk init in 35 ms 
[2026-04-20T20:50:13.626] [DEBUG] debug-file - Project task initialization takes 4 ms 
[2026-04-20T20:50:13.626] [DEBUG] debug-file - hvigorfile, resolve finished D:\harmonyos_code\CanvasComponent\hvigorfile.ts
[2026-04-20T20:50:13.627] [DEBUG] debug-file - hvigorfile, resolving D:\harmonyos_code\CanvasComponent\entry\hvigorfile.ts
[2026-04-20T20:50:13.631] [DEBUG] debug-file - hvigorfile, require result:  {}
[2026-04-20T20:50:13.632] [DEBUG] debug-file - hvigorfile, binding system plugins {}
[2026-04-20T20:50:13.632] [DEBUG] debug-file - Starting plugin build process
[2026-04-20T20:50:13.632] [DEBUG] debug-file - Hap plugin creating...
[2026-04-20T20:50:13.633] [DEBUG] debug-file - failed to load cangjie to dynamically generate schemas: Error: Cannot find module '@ohos/cangjie-build-support/index'
Require stack:
- D:\DevEco Studio\tools\hvigor\hvigor-ohos-plugin\src\plugin\hooks\cangjie-register.js
- D:\DevEco Studio\tools\hvigor\hvigor-ohos-plugin\src\plugin\strategy\stage-init-strategy.js
- D:\DevEco Studio\tools\hvigor\hvigor-ohos-plugin\src\plugin\builder\abstract-plugin-builder.js
- D:\DevEco Studio\tools\hvigor\hvigor-ohos-plugin\src\plugin\builder\app-plugin-builder.js
- D:\DevEco Studio\tools\hvigor\hvigor-ohos-plugin\src\plugin\factory\plugin-factory.js
- D:\DevEco Studio\tools\hvigor\hvigor-ohos-plugin\index.js
- D:\harmonyos_code\CanvasComponent\hvigorfile.ts
- D:\DevEco Studio\tools\hvigor\hvigor\src\base\internal\lifecycle\configuration.js
- D:\DevEco Studio\tools\hvigor\hvigor\src\base\boot\index.js
- D:\DevEco Studio\tools\hvigor\hvigor\src\base\daemon\cluster\worker-process-lifecycle.js
- D:\DevEco Studio\tools\hvigor\hvigor\src\base\daemon\process\daemon-process-boot-script.js
[2026-04-20T20:50:13.643] [DEBUG] debug-file - Start initialize module-target build option map, moduleName=entry, buildMode=release
[2026-04-20T20:50:13.644] [DEBUG] debug-file - Target 'default' config initialized
[2026-04-20T20:50:13.644] [DEBUG] debug-file - Module 'entry' target 'default' build option initialized
[2026-04-20T20:50:13.645] [DEBUG] debug-file - End initialize module-target build option map, moduleName=entry
[2026-04-20T20:50:13.645] [DEBUG] debug-file - Start initialize module-target build option map, moduleName=entry, buildMode=debug
[2026-04-20T20:50:13.645] [DEBUG] debug-file - Target 'default' config initialized
[2026-04-20T20:50:13.645] [DEBUG] debug-file - Module 'entry' target 'default' build option initialized
[2026-04-20T20:50:13.645] [DEBUG] debug-file - End initialize module-target build option map, moduleName=entry
[2026-04-20T20:50:13.645] [DEBUG] debug-file - Start initialize module-target build option map, moduleName=entry, buildMode=debug
[2026-04-20T20:50:13.645] [DEBUG] debug-file - Target 'default' config initialized
[2026-04-20T20:50:13.645] [DEBUG] debug-file - Module 'entry' target 'default' build option initialized
[2026-04-20T20:50:13.645] [DEBUG] debug-file - End initialize module-target build option map, moduleName=entry
[2026-04-20T20:50:13.646] [DEBUG] debug-file - Obtain build option for module 'entry' target 'default'in this build.
[2026-04-20T20:50:13.650] [DEBUG] debug-file - Module entry task initialization takes 4 ms 
[2026-04-20T20:50:13.650] [DEBUG] debug-file - Hap plugin register hook start...
[2026-04-20T20:50:13.650] [DEBUG] debug-file - Hap plugin register hook end...
[2026-04-20T20:50:13.650] [DEBUG] debug-file - Plugin build process completed
[2026-04-20T20:50:13.650] [DEBUG] debug-file - hvigorfile, resolve finished D:\harmonyos_code\CanvasComponent\entry\hvigorfile.ts
[2026-04-20T20:50:13.662] [DEBUG] debug-file - hvigorfile, resolve hvigorfile dependencies in 12 ms 
[2026-04-20T20:50:13.663] [DEBUG] debug-file - project has submodules:entry
[2026-04-20T20:50:13.664] [DEBUG] debug-file - start to load updatedOhPackageInfo to the disk
[2026-04-20T20:50:13.666] [DEBUG] debug-file - load to the disk finished
[2026-04-20T20:50:13.668] [DEBUG] debug-file - Start to initialize dependency information.
[2026-04-20T20:50:13.670] [DEBUG] debug-file - Module CanvasComponent Collected Dependency: 
[2026-04-20T20:50:13.670] [DEBUG] debug-file - Module CanvasComponent's total dependency: 0
[2026-04-20T20:50:13.671] [DEBUG] debug-file - Start to initialize dependency information.
[2026-04-20T20:50:13.673] [DEBUG] debug-file - Module entry Collected Dependency: 
[2026-04-20T20:50:13.673] [DEBUG] debug-file - Module entry's total dependency: 0
[2026-04-20T20:50:13.676] [DEBUG] debug-file - Configuration phase cost:1 s 817 ms 
[2026-04-20T20:50:13.678] [DEBUG] debug-file - Configuration task cost before running: 1 s 830 ms 
[2026-04-20T20:50:13.678] [DEBUG] debug-file - Executing task :entry:init
[2026-04-20T20:50:13.679] [DEBUG] debug-file - entry : init cost memory 0.0164642333984375
[2026-04-20T20:50:13.679] [DEBUG] debug-file - runTaskFromQueue task cost before running: 1 s 830 ms 
[2026-04-20T20:50:13.679] [INFO] debug-file - Finished :entry:init... after 1 ms 
[2026-04-20T20:50:13.679] [DEBUG] debug-file - Executing task ::init
[2026-04-20T20:50:13.679] [DEBUG] debug-file - CanvasComponent : init cost memory 0.014190673828125
[2026-04-20T20:50:13.679] [DEBUG] debug-file - runTaskFromQueue task cost before running: 1 s 831 ms 
[2026-04-20T20:50:13.680] [INFO] debug-file - Finished ::init... after 1 ms 
[2026-04-20T20:50:13.693] [DEBUG] debug-file - Obtain build option for module 'entry' target 'default'in this build.
[2026-04-20T20:50:13.702] [DEBUG] debug-file - Cleanup worker 0.
[2026-04-20T20:50:13.702] [DEBUG] debug-file - Worker 0 has been cleaned up.
[2026-04-20T20:50:13.702] [DEBUG] debug-file - Current idle worker size: 1.
[2026-04-20T20:50:13.702] [DEBUG] debug-file - Current resident worker size: 2.
[2026-04-20T20:50:13.702] [DEBUG] debug-file - Cleanup worker 1.
[2026-04-20T20:50:13.702] [DEBUG] debug-file - Worker 1 has been cleaned up.
[2026-04-20T20:50:13.702] [DEBUG] debug-file - Current idle worker size: 0.
[2026-04-20T20:50:13.702] [DEBUG] debug-file - Current resident worker size: 2.
[2026-04-20T20:50:13.706] [DEBUG] debug-file - session manager: send message to worker process.
[2026-04-20T20:50:13.706] [DEBUG] debug-file - session manager: send message to worker process.
[2026-04-20T20:50:13.703] [DEBUG] debug-file - hvigor build process will be closed.
[2026-04-20T20:50:13.707] [DEBUG] debug-file - watch worker: worker id should be larger than 0. Nothing will be sent to any worker thread.
[2026-04-20T20:50:13.707] [DEBUG] debug-file - watch worker: worker id should be larger than 0. Nothing will be sent to any worker thread.
[2026-04-20T20:50:13.709] [DEBUG] debug-file - worker[1] exits with exit code 1.
[2026-04-20T20:50:13.709] [DEBUG] debug-file - worker[0] exits with exit code 1.
[2026-04-20T20:50:34.278] [DEBUG] debug-file - session manager: set active socket. socketId=BQl-kNrd16hwCJ46AAAD
[2026-04-20T20:50:34.283] [DEBUG] debug-file - watch worker: worker id should be larger than 0. Nothing will be sent to any worker thread.
[2026-04-20T20:50:34.286] [DEBUG] debug-file - Workers' log level updated to INFO
[2026-04-20T20:50:34.291] [DEBUG] debug-file - Hvigor init with startParameters:{
  hvigorfileTypeCheck: false,
  parallelExecution: true,
  incrementalExecution: true,
  printStackTrace: false,
  daemon: true,
  analyze: 0,
  logLevel: Level { level: 20000, levelStr: 'INFO', colour: 'green' },
  optimizationStrategy: 'memory',
  hotCompile: undefined,
  hotReloadBuild: undefined,
  customizedParam: undefined
}
[2026-04-20T20:50:34.294] [DEBUG] debug-file - Cache service initialization finished in 3 ms 
[2026-04-20T20:50:34.296] [DEBUG] debug-file - hvigorfile, resolving D:\harmonyos_code\CanvasComponent\hvigorfile.ts
[2026-04-20T20:50:34.301] [DEBUG] debug-file - hvigorfile, require result:  {}
[2026-04-20T20:50:34.301] [DEBUG] debug-file - hvigorfile, binding system plugins {}
[2026-04-20T20:50:34.302] [DEBUG] debug-file - Starting plugin build process
[2026-04-20T20:50:34.302] [DEBUG] debug-file - App plugin prepare start...
[2026-04-20T20:50:34.302] [DEBUG] debug-file - App plugin prepare end...
[2026-04-20T20:50:34.302] [DEBUG] debug-file - App plugin creating...
[2026-04-20T20:50:34.307] [DEBUG] debug-file - App plugin register hook start...
[2026-04-20T20:50:34.307] [DEBUG] debug-file - App plugin register hook end...
[2026-04-20T20:50:34.307] [DEBUG] debug-file - Plugin build process completed
[2026-04-20T20:50:34.308] [DEBUG] debug-file - Start initialize project's product build option map with build mode debug.
[2026-04-20T20:50:34.308] [DEBUG] debug-file - Picking option from product 'default' with build mode 'debug'.
[2026-04-20T20:50:34.308] [DEBUG] debug-file - Product 'default' build option initialized
[2026-04-20T20:50:34.308] [DEBUG] debug-file - End initialize project's product build option map with build mode 'debug'.
[2026-04-20T20:50:34.308] [DEBUG] debug-file - Obtain build option for product 'default'in this build.
[2026-04-20T20:50:34.310] [DEBUG] debug-file - No signingConfig found, initRemoteHspCache failed.
[2026-04-20T20:50:34.314] [DEBUG] debug-file - Start recording SDK configuration permission data.
[2026-04-20T20:50:34.338] [DEBUG] debug-file - Sdk init in 28 ms 
[2026-04-20T20:50:34.341] [DEBUG] debug-file - Project task initialization takes 3 ms 
[2026-04-20T20:50:34.342] [DEBUG] debug-file - hvigorfile, resolve finished D:\harmonyos_code\CanvasComponent\hvigorfile.ts
[2026-04-20T20:50:34.342] [DEBUG] debug-file - hvigorfile, resolving D:\harmonyos_code\CanvasComponent\entry\hvigorfile.ts
[2026-04-20T20:50:34.345] [DEBUG] debug-file - hvigorfile, require result:  {}
[2026-04-20T20:50:34.345] [DEBUG] debug-file - hvigorfile, binding system plugins {}
[2026-04-20T20:50:34.345] [DEBUG] debug-file - Starting plugin build process
[2026-04-20T20:50:34.345] [DEBUG] debug-file - Hap plugin creating...
[2026-04-20T20:50:34.346] [DEBUG] debug-file - failed to load cangjie to dynamically generate schemas: Error: Cannot find module '@ohos/cangjie-build-support/index'
Require stack:
- D:\DevEco Studio\tools\hvigor\hvigor-ohos-plugin\src\plugin\hooks\cangjie-register.js
- D:\DevEco Studio\tools\hvigor\hvigor-ohos-plugin\src\plugin\strategy\stage-init-strategy.js
- D:\DevEco Studio\tools\hvigor\hvigor-ohos-plugin\src\plugin\builder\abstract-plugin-builder.js
- D:\DevEco Studio\tools\hvigor\hvigor-ohos-plugin\src\plugin\builder\app-plugin-builder.js
- D:\DevEco Studio\tools\hvigor\hvigor-ohos-plugin\src\plugin\factory\plugin-factory.js
- D:\DevEco Studio\tools\hvigor\hvigor-ohos-plugin\index.js
- D:\harmonyos_code\CanvasComponent\hvigorfile.ts
- D:\DevEco Studio\tools\hvigor\hvigor\src\base\internal\lifecycle\configuration.js
- D:\DevEco Studio\tools\hvigor\hvigor\src\base\boot\index.js
- D:\DevEco Studio\tools\hvigor\hvigor\src\base\daemon\cluster\worker-process-lifecycle.js
- D:\DevEco Studio\tools\hvigor\hvigor\src\base\daemon\process\daemon-process-boot-script.js
[2026-04-20T20:50:34.348] [DEBUG] debug-file - Start initialize module-target build option map, moduleName=entry, buildMode=release
[2026-04-20T20:50:34.348] [DEBUG] debug-file - Target 'default' config initialized
[2026-04-20T20:50:34.348] [DEBUG] debug-file - Module 'entry' target 'default' build option initialized
[2026-04-20T20:50:34.348] [DEBUG] debug-file - End initialize module-target build option map, moduleName=entry
[2026-04-20T20:50:34.349] [DEBUG] debug-file - Start initialize module-target build option map, moduleName=entry, buildMode=debug
[2026-04-20T20:50:34.349] [DEBUG] debug-file - Target 'default' config initialized
[2026-04-20T20:50:34.349] [DEBUG] debug-file - Module 'entry' target 'default' build option initialized
[2026-04-20T20:50:34.349] [DEBUG] debug-file - End initialize module-target build option map, moduleName=entry
[2026-04-20T20:50:34.349] [DEBUG] debug-file - Start initialize module-target build option map, moduleName=entry, buildMode=debug
[2026-04-20T20:50:34.349] [DEBUG] debug-file - Target 'default' config initialized
[2026-04-20T20:50:34.349] [DEBUG] debug-file - Module 'entry' target 'default' build option initialized
[2026-04-20T20:50:34.349] [DEBUG] debug-file - End initialize module-target build option map, moduleName=entry
[2026-04-20T20:50:34.349] [DEBUG] debug-file - Obtain build option for module 'entry' target 'default'in this build.
[2026-04-20T20:50:34.350] [DEBUG] debug-file - Module entry task initialization takes 1 ms 
[2026-04-20T20:50:34.350] [DEBUG] debug-file - Hap plugin register hook start...
[2026-04-20T20:50:34.350] [DEBUG] debug-file - Hap plugin register hook end...
[2026-04-20T20:50:34.350] [DEBUG] debug-file - Plugin build process completed
[2026-04-20T20:50:34.350] [DEBUG] debug-file - hvigorfile, resolve finished D:\harmonyos_code\CanvasComponent\entry\hvigorfile.ts
[2026-04-20T20:50:34.368] [DEBUG] debug-file - hvigorfile, resolve hvigorfile dependencies in 17 ms 
[2026-04-20T20:50:34.368] [DEBUG] debug-file - project has submodules:entry
[2026-04-20T20:50:34.370] [DEBUG] debug-file - start to load updatedOhPackageInfo to the disk
[2026-04-20T20:50:34.372] [DEBUG] debug-file - load to the disk finished
[2026-04-20T20:50:34.372] [DEBUG] debug-file - Start to initialize dependency information.
[2026-04-20T20:50:34.373] [DEBUG] debug-file - Module CanvasComponent Collected Dependency: 
[2026-04-20T20:50:34.373] [DEBUG] debug-file - Module CanvasComponent's total dependency: 0
[2026-04-20T20:50:34.373] [DEBUG] debug-file - Start to initialize dependency information.
[2026-04-20T20:50:34.375] [DEBUG] debug-file - Module entry Collected Dependency: 
[2026-04-20T20:50:34.375] [DEBUG] debug-file - Module entry's total dependency: 0
[2026-04-20T20:50:34.376] [DEBUG] debug-file - Configuration phase cost:82 ms 
[2026-04-20T20:50:34.377] [DEBUG] debug-file - Configuration task cost before running: 90 ms 
[2026-04-20T20:50:34.382] [DEBUG] debug-file - Executing task :entry:default@PreBuild
[2026-04-20T20:50:34.383] [DEBUG] debug-file - Task 'entry:default@PreBuild' cost while wrapping incremental declarations: 1 ms 
[2026-04-20T20:50:34.389] [DEBUG] debug-file - entry:default@PreBuild is not up-to-date, since the input file 'D:\harmonyos_code\CanvasComponent\AppScope\app.json5' has been changed.
[2026-04-20T20:50:34.389] [DEBUG] debug-file - Incremental task entry:default@PreBuild pre-execution cost: 4 ms .
[2026-04-20T20:50:34.536] [DEBUG] debug-file - current product is not Atomic service.
[2026-04-20T20:50:34.537] [DEBUG] debug-file - Use tool [win32: JAVA_HOME, CLASSPATH]
 [ { JAVA_HOME: 'D:\\DevEco Studio\\jbr' }, { CLASSPATH: undefined } ]
[2026-04-20T20:50:34.537] [DEBUG] debug-file - Use tool [win32: NODE_HOME]
 [ { NODE_HOME: 'D:\\DevEco Studio\\tools\\node' } ]
[2026-04-20T20:50:34.538] [DEBUG] debug-file - entry : default@PreBuild cost memory 3.8483428955078125
[2026-04-20T20:50:34.538] [DEBUG] debug-file - runTaskFromQueue task cost before running: 251 ms 
[2026-04-20T20:50:34.540] [INFO] debug-file - Finished :entry:default@PreBuild... after 157 ms 
[2026-04-20T20:50:34.541] [DEBUG] debug-file - Executing task :entry:default@CreateModuleInfo
[2026-04-20T20:50:34.542] [DEBUG] debug-file - Task 'entry:default@CreateModuleInfo' cost while wrapping incremental declarations: 1 ms 
[2026-04-20T20:50:34.542] [DEBUG] debug-file - entry : default@CreateModuleInfo cost memory 0.05118560791015625
[2026-04-20T20:50:34.542] [DEBUG] debug-file - runTaskFromQueue task cost before running: 255 ms 
[2026-04-20T20:50:34.542] [INFO] debug-file - Finished :entry:default@CreateModuleInfo... after 1 ms 
[2026-04-20T20:50:34.543] [DEBUG] debug-file - Executing task :entry:default@GenerateMetadata
[2026-04-20T20:50:34.544] [DEBUG] debug-file - Task 'entry:default@GenerateMetadata' cost while wrapping incremental declarations: 1 ms 
[2026-04-20T20:50:34.545] [DEBUG] debug-file - entry:default@GenerateMetadata is not up-to-date, since the input file 'D:\harmonyos_code\CanvasComponent\entry\src\main\module.json5' has been changed.
[2026-04-20T20:50:34.545] [DEBUG] debug-file - Incremental task entry:default@GenerateMetadata pre-execution cost: 1 ms .
[2026-04-20T20:50:34.546] [DEBUG] debug-file - entry : default@GenerateMetadata cost memory 0.115753173828125
[2026-04-20T20:50:34.546] [DEBUG] debug-file - runTaskFromQueue task cost before running: 260 ms 
[2026-04-20T20:50:34.547] [INFO] debug-file - Finished :entry:default@GenerateMetadata... after 3 ms 
[2026-04-20T20:50:34.548] [DEBUG] debug-file - Executing task :entry:default@ConfigureCmake
[2026-04-20T20:50:34.548] [DEBUG] debug-file - entry : default@ConfigureCmake cost memory 0.01720428466796875
[2026-04-20T20:50:34.548] [DEBUG] debug-file - runTaskFromQueue task cost before running: 261 ms 
[2026-04-20T20:50:34.548] [INFO] debug-file - Finished :entry:default@ConfigureCmake... after 1 ms 
[2026-04-20T20:50:34.550] [DEBUG] debug-file - Executing task :entry:default@MergeProfile
[2026-04-20T20:50:34.550] [DEBUG] debug-file - Task 'entry:default@MergeProfile' cost while wrapping incremental declarations: 1 ms 
[2026-04-20T20:50:34.551] [DEBUG] debug-file - entry:default@MergeProfile is not up-to-date, since the input file 'D:\harmonyos_code\CanvasComponent\AppScope\app.json5' has been changed.
[2026-04-20T20:50:34.551] [DEBUG] debug-file - Incremental task entry:default@MergeProfile pre-execution cost: 1 ms .
[2026-04-20T20:50:34.551] [DEBUG] debug-file - Change app api release type with 'Release'
[2026-04-20T20:50:34.552] [DEBUG] debug-file - Change app compile API version with '6.1.0.105'
[2026-04-20T20:50:34.552] [DEBUG] debug-file - Change app target API version with '60002022'
[2026-04-20T20:50:34.552] [DEBUG] debug-file - Change app minimum API version with '50005017'
[2026-04-20T20:50:34.552] [DEBUG] debug-file - Use cli appEnvironment
[2026-04-20T20:50:34.554] [DEBUG] debug-file - entry : default@MergeProfile cost memory 0.24840545654296875
[2026-04-20T20:50:34.554] [DEBUG] debug-file - runTaskFromQueue task cost before running: 267 ms 
[2026-04-20T20:50:34.554] [INFO] debug-file - Finished :entry:default@MergeProfile... after 5 ms 
[2026-04-20T20:50:34.555] [DEBUG] debug-file - Executing task :entry:default@CreateBuildProfile
[2026-04-20T20:50:34.556] [DEBUG] debug-file - Task 'entry:default@CreateBuildProfile' cost while wrapping incremental declarations: 1 ms 
[2026-04-20T20:50:34.557] [DEBUG] debug-file - entry:default@CreateBuildProfile is not up-to-date, since the input file 'D:\harmonyos_code\CanvasComponent\AppScope\app.json5' has been changed.
[2026-04-20T20:50:34.557] [DEBUG] debug-file - Incremental task entry:default@CreateBuildProfile pre-execution cost: 1 ms .
[2026-04-20T20:50:34.558] [DEBUG] debug-file - entry : default@CreateBuildProfile cost memory 0.11651611328125
[2026-04-20T20:50:34.558] [DEBUG] debug-file - runTaskFromQueue task cost before running: 271 ms 
[2026-04-20T20:50:34.558] [INFO] debug-file - Finished :entry:default@CreateBuildProfile... after 3 ms 
[2026-04-20T20:50:34.559] [DEBUG] debug-file - Executing task :entry:default@PreCheckSyscap
[2026-04-20T20:50:34.559] [DEBUG] debug-file - entry : default@PreCheckSyscap cost memory 0.02117919921875
[2026-04-20T20:50:34.559] [DEBUG] debug-file - runTaskFromQueue task cost before running: 272 ms 
[2026-04-20T20:50:34.559] [INFO] debug-file - Finished :entry:default@PreCheckSyscap... after 1 ms 
[2026-04-20T20:50:34.561] [DEBUG] debug-file - Executing task :entry:default@GeneratePkgContextInfo
[2026-04-20T20:50:34.569] [DEBUG] debug-file - Task 'entry:default@GeneratePkgContextInfo' cost while wrapping incremental declarations: 1 ms 
[2026-04-20T20:50:34.570] [DEBUG] debug-file - entry : default@GeneratePkgContextInfo cost memory 0.39945220947265625
[2026-04-20T20:50:34.570] [DEBUG] debug-file - runTaskFromQueue task cost before running: 283 ms 
[2026-04-20T20:50:34.570] [INFO] debug-file - Finished :entry:default@GeneratePkgContextInfo... after 10 ms 
[2026-04-20T20:50:34.571] [DEBUG] debug-file - Executing task :entry:default@GeneratePkgSdkInfo
[2026-04-20T20:50:34.574] [DEBUG] debug-file - Task 'entry:default@GeneratePkgSdkInfo' cost while wrapping incremental declarations: 1 ms 
[2026-04-20T20:50:34.575] [DEBUG] debug-file - entry:default@GeneratePkgSdkInfo is not up-to-date, since the output file 'D:\harmonyos_code\CanvasComponent\entry\build\default\intermediates\loader\default\pkgSdkInfo.json' has been changed.
[2026-04-20T20:50:34.575] [DEBUG] debug-file - Incremental task entry:default@GeneratePkgSdkInfo pre-execution cost: 1 ms .
[2026-04-20T20:50:34.577] [DEBUG] debug-file - entry : default@GeneratePkgSdkInfo cost memory 0.1760101318359375
[2026-04-20T20:50:34.577] [DEBUG] debug-file - runTaskFromQueue task cost before running: 290 ms 
[2026-04-20T20:50:34.577] [INFO] debug-file - Finished :entry:default@GeneratePkgSdkInfo... after 6 ms 
[2026-04-20T20:50:34.581] [DEBUG] debug-file - Executing task :entry:default@ProcessIntegratedHsp
[2026-04-20T20:50:34.582] [DEBUG] debug-file - entry:default@ProcessIntegratedHsp is not up-to-date, since the output file 'D:\harmonyos_code\CanvasComponent\build\cache\default\integrated_hsp\integratedHspCache.json' does not exist.
[2026-04-20T20:50:34.582] [DEBUG] debug-file - Incremental task entry:default@ProcessIntegratedHsp pre-execution cost: 1 ms .
[2026-04-20T20:50:34.583] [DEBUG] debug-file - entry : default@ProcessIntegratedHsp cost memory 0.0615386962890625
[2026-04-20T20:50:34.583] [DEBUG] debug-file - runTaskFromQueue task cost before running: 296 ms 
[2026-04-20T20:50:34.583] [INFO] debug-file - Finished :entry:default@ProcessIntegratedHsp... after 3 ms 
[2026-04-20T20:50:34.585] [DEBUG] debug-file - Executing task :entry:default@BuildNativeWithCmake
[2026-04-20T20:50:34.585] [DEBUG] debug-file - entry : default@BuildNativeWithCmake cost memory 0.01773834228515625
[2026-04-20T20:50:34.585] [DEBUG] debug-file - runTaskFromQueue task cost before running: 299 ms 
[2026-04-20T20:50:34.585] [INFO] debug-file - Finished :entry:default@BuildNativeWithCmake... after 1 ms 
[2026-04-20T20:50:34.587] [DEBUG] debug-file - Executing task :entry:default@MakePackInfo
[2026-04-20T20:50:34.588] [DEBUG] debug-file - entry:default@MakePackInfo is not up-to-date, since the input file 'D:\harmonyos_code\CanvasComponent\AppScope\app.json5' has been changed.
[2026-04-20T20:50:34.588] [DEBUG] debug-file - Incremental task entry:default@MakePackInfo pre-execution cost: 1 ms .
[2026-04-20T20:50:34.589] [DEBUG] debug-file - Module Pack Info:  {
  summary: {
    app: { bundleName: 'c***t', bundleType: 'app', version: [Object] },
    modules: [ [Object] ]
  },
  packages: [
    {
      deviceType: [Array],
      moduleType: 'entry',
      deliveryWithInstall: true,
      name: 'entry-default'
    }
  ]
}
[2026-04-20T20:50:34.590] [DEBUG] debug-file - entry : default@MakePackInfo cost memory 0.1580352783203125
[2026-04-20T20:50:34.590] [DEBUG] debug-file - runTaskFromQueue task cost before running: 303 ms 
[2026-04-20T20:50:34.590] [INFO] debug-file - Finished :entry:default@MakePackInfo... after 4 ms 
[2026-04-20T20:50:34.591] [DEBUG] debug-file - Executing task :entry:default@SyscapTransform
[2026-04-20T20:50:34.592] [DEBUG] debug-file - File: 'D:\harmonyos_code\CanvasComponent\entry\src\main\syscap.json' from 'sysCapJsonPath' is not exists, just ignore.
[2026-04-20T20:50:34.592] [DEBUG] debug-file - Task 'entry:default@SyscapTransform' cost while wrapping incremental declarations: 1 ms 
[2026-04-20T20:50:34.606] [DEBUG] debug-file - entry:default@SyscapTransform is not up-to-date, since the output file 'D:\harmonyos_code\CanvasComponent\entry\build\default\intermediates\syscap\default\rpcid.sc' does not exist.
[2026-04-20T20:50:34.607] [DEBUG] debug-file - Incremental task entry:default@SyscapTransform pre-execution cost: 14 ms .
[2026-04-20T20:50:34.607] [DEBUG] debug-file - entry : default@SyscapTransform cost memory 0.41275787353515625
[2026-04-20T20:50:34.607] [DEBUG] debug-file - runTaskFromQueue task cost before running: 320 ms 
[2026-04-20T20:50:34.609] [INFO] debug-file - Finished :entry:default@SyscapTransform... after 16 ms 
[2026-04-20T20:50:34.611] [DEBUG] debug-file - Executing task :entry:default@ProcessProfile
[2026-04-20T20:50:34.611] [DEBUG] debug-file - Task 'entry:default@ProcessProfile' cost while wrapping incremental declarations: 1 ms 
[2026-04-20T20:50:34.612] [DEBUG] debug-file - entry:default@ProcessProfile is not up-to-date, since the input file 'D:\harmonyos_code\CanvasComponent\entry\build\default\intermediates\merge_profile\default\module.json' has been changed.
[2026-04-20T20:50:34.612] [DEBUG] debug-file - Incremental task entry:default@ProcessProfile pre-execution cost: 1 ms .
[2026-04-20T20:50:34.614] [DEBUG] debug-file - [
  'D:\\DevEco Studio\\tools\\node\\node.exe',
  'D:\\DevEco Studio\\sdk\\default\\openharmony\\ets\\build-tools\\ets-loader\\bin\\ark\\ts2abc.js',
  '--target-api-version',
  '17'
]
[2026-04-20T20:50:34.700] [DEBUG] debug-file - 12.0.6.0
[2026-04-20T20:50:34.702] [DEBUG] debug-file - No need to add fake ui ability because of not in preview process.
[2026-04-20T20:50:34.702] [DEBUG] debug-file - entry : default@ProcessProfile cost memory 2.0839157104492188
[2026-04-20T20:50:34.702] [DEBUG] debug-file - runTaskFromQueue task cost before running: 416 ms 
[2026-04-20T20:50:34.703] [INFO] debug-file - Finished :entry:default@ProcessProfile... after 92 ms 
[2026-04-20T20:50:34.704] [DEBUG] debug-file - Executing task :entry:default@ProcessRouterMap
[2026-04-20T20:50:34.705] [DEBUG] debug-file - entry:default@ProcessRouterMap is not up-to-date, since the input file 'D:\harmonyos_code\CanvasComponent\entry\oh-package.json5' has been changed.
[2026-04-20T20:50:34.705] [DEBUG] debug-file - Incremental task entry:default@ProcessRouterMap pre-execution cost: 1 ms .
[2026-04-20T20:50:34.707] [DEBUG] debug-file - entry : default@ProcessRouterMap cost memory 0.116302490234375
[2026-04-20T20:50:34.707] [DEBUG] debug-file - runTaskFromQueue task cost before running: 420 ms 
[2026-04-20T20:50:34.708] [INFO] debug-file - Finished :entry:default@ProcessRouterMap... after 3 ms 
[2026-04-20T20:50:34.709] [DEBUG] debug-file - Executing task :entry:default@ProcessShareConfig
[2026-04-20T20:50:34.710] [DEBUG] debug-file - entry:default@ProcessShareConfig is not up-to-date, since the input file 'D:\harmonyos_code\CanvasComponent\entry\oh-package.json5' has been changed.
[2026-04-20T20:50:34.710] [DEBUG] debug-file - Incremental task entry:default@ProcessShareConfig pre-execution cost: 1 ms .
[2026-04-20T20:50:34.711] [DEBUG] debug-file - entry : default@ProcessShareConfig cost memory 0.10485076904296875
[2026-04-20T20:50:34.711] [DEBUG] debug-file - runTaskFromQueue task cost before running: 424 ms 
[2026-04-20T20:50:34.712] [INFO] debug-file - Finished :entry:default@ProcessShareConfig... after 3 ms 
[2026-04-20T20:50:34.713] [DEBUG] debug-file - Executing task :entry:default@ProcessStartupConfig
[2026-04-20T20:50:34.713] [DEBUG] debug-file - Task 'entry:default@ProcessStartupConfig' cost while wrapping incremental declarations: 1 ms 
[2026-04-20T20:50:34.713] [DEBUG] debug-file - entry:default@ProcessStartupConfig is not up-to-date, since the output file 'D:\harmonyos_code\CanvasComponent\entry\build\default\intermediates\startup\default\startup_config.json' does not exist.
[2026-04-20T20:50:34.713] [DEBUG] debug-file - Incremental task entry:default@ProcessStartupConfig pre-execution cost: 1 ms .
[2026-04-20T20:50:34.714] [DEBUG] debug-file - entry : default@ProcessStartupConfig cost memory 0.10591888427734375
[2026-04-20T20:50:34.714] [DEBUG] debug-file - runTaskFromQueue task cost before running: 427 ms 
[2026-04-20T20:50:34.714] [INFO] debug-file - Finished :entry:default@ProcessStartupConfig... after 2 ms 
[2026-04-20T20:50:34.715] [DEBUG] debug-file - Executing task :entry:default@BuildNativeWithNinja
[2026-04-20T20:50:34.715] [DEBUG] debug-file - entry : default@BuildNativeWithNinja cost memory 0.0241546630859375
[2026-04-20T20:50:34.716] [DEBUG] debug-file - runTaskFromQueue task cost before running: 429 ms 
[2026-04-20T20:50:34.716] [INFO] debug-file - Finished :entry:default@BuildNativeWithNinja... after 1 ms 
[2026-04-20T20:50:34.717] [DEBUG] debug-file - restool module names: entry; moduleName=entry, taskName=default@ProcessResource
[2026-04-20T20:50:34.719] [DEBUG] debug-file - Executing task :entry:default@ProcessResource
[2026-04-20T20:50:34.719] [DEBUG] debug-file - Task 'entry:default@ProcessResource' cost while wrapping incremental declarations: 1 ms 
[2026-04-20T20:50:34.720] [DEBUG] debug-file - entry:default@ProcessResource is not up-to-date, since the output file 'D:\harmonyos_code\CanvasComponent\entry\build\default\intermediates\res\default\resConfig.json' has been changed.
[2026-04-20T20:50:34.720] [DEBUG] debug-file - Incremental task entry:default@ProcessResource pre-execution cost: 1 ms .
[2026-04-20T20:50:34.721] [DEBUG] debug-file - entry : default@ProcessResource cost memory 0.18121337890625
[2026-04-20T20:50:34.722] [DEBUG] debug-file - runTaskFromQueue task cost before running: 436 ms 
[2026-04-20T20:50:34.723] [INFO] debug-file - Finished :entry:default@ProcessResource... after 4 ms 
[2026-04-20T20:50:34.725] [DEBUG] debug-file - Executing task :entry:default@GenerateLoaderJson
[2026-04-20T20:50:34.726] [DEBUG] debug-file - Task 'entry:default@GenerateLoaderJson' cost while wrapping incremental declarations: 1 ms 
[2026-04-20T20:50:34.732] [DEBUG] debug-file - entry:default@GenerateLoaderJson is not up-to-date, since the input file 'D:\harmonyos_code\CanvasComponent\entry\build\default\intermediates\router_map\default\temp-router-map.json' has been changed.
[2026-04-20T20:50:34.732] [DEBUG] debug-file - Incremental task entry:default@GenerateLoaderJson pre-execution cost: 4 ms .
[2026-04-20T20:50:34.735] [DEBUG] debug-file - entry : default@GenerateLoaderJson cost memory 0.6362152099609375
[2026-04-20T20:50:34.735] [DEBUG] debug-file - runTaskFromQueue task cost before running: 449 ms 
[2026-04-20T20:50:34.738] [INFO] debug-file - Finished :entry:default@GenerateLoaderJson... after 11 ms 
[2026-04-20T20:50:34.739] [DEBUG] debug-file - Executing task :entry:default@ProcessLibs
[2026-04-20T20:50:34.741] [DEBUG] debug-file - entry:default@ProcessLibs is not up-to-date, since the input file 'D:\harmonyos_code\CanvasComponent\build-profile.json5' has been changed.
[2026-04-20T20:50:34.741] [DEBUG] debug-file - Incremental task entry:default@ProcessLibs pre-execution cost: 1 ms .
[2026-04-20T20:50:34.745] [DEBUG] debug-file - Worker dispatch failed, running processLibs on main thread.
[2026-04-20T20:50:34.746] [DEBUG] debug-file - entry : default@ProcessLibs cost memory 0.340545654296875
[2026-04-20T20:50:34.746] [DEBUG] debug-file - runTaskFromQueue task cost before running: 459 ms 
[2026-04-20T20:50:34.746] [INFO] debug-file - Finished :entry:default@ProcessLibs... after 7 ms 
[2026-04-20T20:50:34.747] [DEBUG] debug-file - restool module names: entry; moduleName=entry, taskName=default@CompileResource
[2026-04-20T20:50:34.748] [DEBUG] debug-file - Executing task :entry:default@CompileResource
[2026-04-20T20:50:34.754] [DEBUG] debug-file - entry:default@CompileResource is not up-to-date, since the input file 'D:\harmonyos_code\CanvasComponent\entry\src\main\resources' has been changed.
[2026-04-20T20:50:34.754] [DEBUG] debug-file - Incremental task entry:default@CompileResource pre-execution cost: 6 ms .
[2026-04-20T20:50:34.757] [DEBUG] debug-file - Use tool [D:\DevEco Studio\sdk\default\openharmony\toolchains\restool.exe]
 [
  'D:\\DevEco Studio\\sdk\\default\\openharmony\\toolchains\\restool.exe',
  '-l',
  'D:\\harmonyos_code\\CanvasComponent\\entry\\build\\default\\intermediates\\res\\default\\resConfig.json'
]
[2026-04-20T20:50:34.758] [DEBUG] debug-file - current process  memoryUsage: {
  rss: 186118144,
  heapTotal: 152264704,
  heapUsed: 115078488,
  external: 3183581,
  arrayBuffers: 155885
} os memoryUsage :12.322994232177734
[2026-04-20T20:50:34.797] [DEBUG] debug-file - Info: Pack: normal pack mode

[2026-04-20T20:50:34.861] [DEBUG] debug-file - Info: hardware concurrency count is : 32
Info: thread count is : 32

[2026-04-20T20:50:34.861] [DEBUG] debug-file - Info: thread pool is started

[2026-04-20T20:50:34.863] [DEBUG] debug-file - Info: GenericCompiler::CompileFiles

[2026-04-20T20:50:34.868] [DEBUG] debug-file - Info: GenericCompiler::CompileFiles

[2026-04-20T20:50:34.873] [DEBUG] debug-file - Info: GenericCompiler::CompileFiles

[2026-04-20T20:50:34.878] [DEBUG] debug-file - 04-20 20:50:34.878 48100 47368 E C01400/ImageTranscoderUtils: DecodeToRGBA IN
04-20 20:50:34.879 48100 47368 E C01400/ImageTranscoderUtils: ImageFilter IN D:\harmonyos_code\CanvasComponent\AppScope\resources\base\media\app_icon.png

[2026-04-20T20:50:34.879] [DEBUG] debug-file - 04-20 20:50:34.879 48100 47368 E C01400/ImageTranscoder: TranscodeSLR Only zoom-out is supported.

[2026-04-20T20:50:34.879] [DEBUG] debug-file - Warning: ScaleImage failed, error message: INVALID_PARAMETERS, file path = D:\harmonyos_code\CanvasComponent\AppScope\resources\base\media\app_icon.png

[2026-04-20T20:50:34.880] [DEBUG] debug-file - 04-20 20:50:34.880 48100 47368 E C01400/ImageTranscoderUtils: DecodeToRGBA IN
04-20 20:50:34.880 48100 47368 E C01400/ImageTranscoderUtils: ImageFilter IN D:\harmonyos_code\CanvasComponent\entry\src\main\resources\base\media\icon.png

[2026-04-20T20:50:34.880] [DEBUG] debug-file - 04-20 20:50:34.881 48100 47368 E C01400/ImageTranscoder: TranscodeSLR Only zoom-out is supported.

[2026-04-20T20:50:34.880] [DEBUG] debug-file - Warning: ScaleImage failed, error message: INVALID_PARAMETERS, file path = D:\harmonyos_code\CanvasComponent\entry\src\main\resources\base\media\icon.png

[2026-04-20T20:50:34.881] [DEBUG] debug-file - Warning: The width or height of the png file referenced by the icon exceeds the limit (41 pixels)
at D:\harmonyos_code\CanvasComponent\AppScope\resources\base\media\app_icon.png

[2026-04-20T20:50:34.882] [DEBUG] debug-file - Warning: The width or height of the png file referenced by the icon exceeds the limit (41 pixels)
at D:\harmonyos_code\CanvasComponent\entry\src\main\resources\base\media\icon.png

[2026-04-20T20:50:34.882] [DEBUG] debug-file - Info: restool resources compile success.

[2026-04-20T20:50:34.883] [DEBUG] debug-file - Info: thread pool is stopped

[2026-04-20T20:50:34.948] [DEBUG] debug-file - entry : default@CompileResource cost memory 0.8973159790039062
[2026-04-20T20:50:34.949] [DEBUG] debug-file - runTaskFromQueue task cost before running: 662 ms 
[2026-04-20T20:50:34.949] [INFO] debug-file - Finished :entry:default@CompileResource... after 201 ms 
[2026-04-20T20:50:34.951] [DEBUG] debug-file - Executing task :entry:default@DoNativeStrip
[2026-04-20T20:50:34.951] [DEBUG] debug-file - File: 'D:\harmonyos_code\CanvasComponent\entry\build\default\intermediates\binxo\default' from 'doBinxoNativeLibs' is not exists, just ignore.
[2026-04-20T20:50:34.951] [DEBUG] debug-file - Task 'entry:default@DoNativeStrip' cost while wrapping incremental declarations: 1 ms 
[2026-04-20T20:50:34.951] [DEBUG] debug-file - entry:default@DoNativeStrip is not up-to-date, since the input file 'D:\harmonyos_code\CanvasComponent\entry\build\default\intermediates\libs\default' has been changed.
[2026-04-20T20:50:34.952] [DEBUG] debug-file - Incremental task entry:default@DoNativeStrip pre-execution cost: 1 ms .
[2026-04-20T20:50:34.953] [DEBUG] debug-file - entry : default@DoNativeStrip cost memory 0.11699676513671875
[2026-04-20T20:50:34.954] [DEBUG] debug-file - runTaskFromQueue task cost before running: 667 ms 
[2026-04-20T20:50:34.954] [INFO] debug-file - Finished :entry:default@DoNativeStrip... after 4 ms 
[2026-04-20T20:50:34.955] [DEBUG] debug-file - Executing task :entry:default@CompileArkTS
[2026-04-20T20:50:34.956] [DEBUG] debug-file - obfuscationOptions: undefined
[2026-04-20T20:50:34.957] [DEBUG] debug-file - Task 'entry:default@CompileArkTS' cost while wrapping incremental declarations: 1 ms 
[2026-04-20T20:50:34.960] [DEBUG] debug-file - entry:default@CompileArkTS is not up-to-date, since the input file 'D:\harmonyos_code\CanvasComponent\entry\build\default\intermediates\loader\default' has been changed.
[2026-04-20T20:50:34.960] [DEBUG] debug-file - Incremental task entry:default@CompileArkTS pre-execution cost: 3 ms .
[2026-04-20T20:50:34.972] [DEBUG] debug-file - build config:
[2026-04-20T20:50:34.973] [DEBUG] debug-file - {
  moduleType: 'entry',
  perf: 0,
  targetName: '.default',
  packageManagerType: 'ohpm',
  localPropertiesPath: 'D:\\harmonyos_code\\CanvasComponent\\local.properties',
  isPreview: false,
  isOhosTest: false,
  isLocalTest: false,
  buildMode: 'Debug',
  hotReloadBuild: undefined,
  watchMode: 'false',
  aceProfilePath: 'D:\\harmonyos_code\\CanvasComponent\\entry\\build\\default\\intermediates\\res\\default\\resources\\base\\profile',
  etsLoaderPath: 'D:\\DevEco Studio\\sdk\\default\\openharmony\\ets\\build-tools\\ets-loader',
  modulePath: 'D:\\harmonyos_code\\CanvasComponent\\entry',
  testFrameworkPar: {
    testMode: undefined,
    coveragePathFilter: undefined,
    coverageMode: undefined
  },
  needCoverageInsert: false,
  debugLine: false,
  projectTopDir: 'D:\\harmonyos_code\\CanvasComponent',
  compileSdkVersion: 23,
  compatibleSdkVersion: 17,
  originCompatibleSdkVersion: '5.0.5(17)',
  compatibleSdkVersionStage: undefined,
  bundleName: 'c***t',
  etsLoaderVersion: '6.1.0.105',
  etsLoaderReleaseType: 'Release',
  aotCompileMode: 'type',
  apPath: 'D:\\harmonyos_code\\CanvasComponent\\entry\\modules.ap',
  entryModuleName: 'entry',
  entryModuleVersion: '1.0.0',
  entryPackageName: 'entry',
  allModuleNameHash: 'ada346678338dc9a8da5153c12691950bd0c04ef882881820972864caaba4818',
  externalApiPaths: [ 'D:\\DevEco Studio\\sdk\\default\\hms\\ets' ],
  compilerTypes: [],
  isCrossplatform: false,
  hvigorPluginFile: undefined,
  compilePluginPath: undefined,
  buildGeneratedProfilePath: 'D:\\harmonyos_code\\CanvasComponent\\entry\\build\\default\\generated\\profile\\default',
  bundleType: 'app',
  arkTSVersion: undefined,
  apiVersion: 23,
  needCompleteSourcesMap: false,
  isFaMode: false,
  buildDir: 'D:\\harmonyos_code\\CanvasComponent\\entry\\build',
  deviceTypes: [ 'phone' ],
  pkgContextInfo: undefined,
  ohPackagePathMap: {},
  dependencyAliasMap: {},
  permission: { requestPermissions: undefined, definePermissions: undefined },
  useGetCurrentBundleName: false,
  projectArkOption: undefined,
  sourceMapDir: undefined,
  branchElimination: false,
  transformLib: undefined,
  tsImportSendable: false,
  resolveConflictMode: true,
  depName2RootPath: {},
  depName2DepInfo: {},
  depName2OhExports: {},
  rootPathSet: [ 'D:\\harmonyos_code\\CanvasComponent' ],
  useNativeResolver: true,
  shouldEmitJs: true,
  useTscResolve: false,
  singleFileEmit: false,
  userProjectConfig: {
    autoLazyImport: false,
    allowEmptyBundleName: false,
    reExportCheckMode: 'noCheck',
    executionMode: 'memory',
    usePathPlaceholder: false,
    writeRollupCache: true,
    isExpandImportEnabled: false,
    expandImportExclude: '',
    lazyImportExclude: '',
    lazyImportInclude: '',
    ignoreCrossplatformCheck: false,
    isHarDeduplicateEnabled: false,
    skipOhModulesLint: false,
    enableStrictCheckOHModule: false,
    disableSendableCheckRules: [],
    useDeclarationFileSignature: false,
    customizedOptions: undefined,
    integratedHsp: false,
    isPreloadSoEnabled: false
  },
  executionMode: 'memory',
  arkCompileCachePath: 'D:\\harmonyos_code\\CanvasComponent\\entry\\build\\default\\cache\\default\\default@CompileArkTS\\esmodule',
  autoLazyFilter: undefined,
  isHarDeduplicateEnabled: false,
  intermediateHarDuplicateDirPath: 'D:\\harmonyos_code\\CanvasComponent\\entry\\build\\default\\intermediates\\har_duplicate\\default',
  autoLazyImport: false,
  allowEmptyBundleName: false,
  reExportCheckMode: 'noCheck',
  usePathPlaceholder: false,
  writeRollupCache: true,
  isExpandImportEnabled: false,
  expandImportExclude: '',
  lazyImportExclude: '',
  lazyImportInclude: '',
  ignoreCrossplatformCheck: false,
  skipOhModulesLint: false,
  enableStrictCheckOHModule: false,
  disableSendableCheckRules: [],
  useDeclarationFileSignature: false,
  customizedOptions: undefined,
  integratedHsp: false,
  isPreloadSoEnabled: false,
  strictMode: undefined,
  useNormalizedOHMUrl: false,
  caseSensitiveCheck: false,
  aceModuleJsonPath: 'D:\\harmonyos_code\\CanvasComponent\\entry\\build\\default\\intermediates\\res\\default\\ark_module.json',
  appResource: 'D:\\harmonyos_code\\CanvasComponent\\entry\\build\\default\\intermediates\\res\\default\\ResourceTable.txt',
  rawFileResource: 'D:\\harmonyos_code\\CanvasComponent\\entry\\build\\default\\intermediates\\res\\default\\resources\\rawfile',
  resourceTableHash: '7c7074dae912900f7b83cefbd3360983175b3eb7eb722877d879afdbb8edcd2b',
  runtimeOS: 'HarmonyOS',
  sdkInfo: 'false:23:6.1.0.105:Release',
  aceModuleRoot: 'D:\\harmonyos_code\\CanvasComponent\\entry\\src\\main\\ets',
  compileMode: 'esmodule',
  aceSuperVisualPath: 'D:\\harmonyos_code\\CanvasComponent\\entry\\src\\main\\supervisual',
  aceBuildJson: 'D:\\harmonyos_code\\CanvasComponent\\entry\\build\\default\\intermediates\\loader\\default\\loader.json',
  cachePath: 'D:\\harmonyos_code\\CanvasComponent\\entry\\build\\default\\cache\\default\\default@CompileArkTS\\esmodule\\debug',
  aceModuleBuild: 'D:\\harmonyos_code\\CanvasComponent\\entry\\build\\default\\intermediates\\loader_out\\default\\ets',
  supportChunks: true,
  declaredFilesPath: undefined,
  shouldCollectDirectImportees: false,
  isByteCodeHarOptimize: false,
  expandImportPath: undefined,
  resourceTableTs: 'D:\\harmonyos_code\\CanvasComponent\\entry\\build\\default\\generated\\r\\default\\ResourceTable.ts',
  moduleMetaInfoFiles: [
    {
      filePath: 'D:\\harmonyos_code\\CanvasComponent\\entry\\build\\default\\generated\\r\\default\\ResourceTable.ts',
      ohmurl: 'com.example.canvascomponent/entry/build/generated/r/ResourceTable'
    }
  ],
  pkgNameToPkgBriefInfo: {
    entry: {
      pkgRoot: 'D:\\harmonyos_code\\CanvasComponent\\entry',
      originalSourceRoots: undefined,
      sourceRoots: [Array],
      pkgName: 'entry'
    }
  },
  projectModel: {
    'D:\\harmonyos_code\\CanvasComponent\\entry\\src\\main': {
      moduleName: 'entry',
      modulePkgPath: 'D:\\harmonyos_code\\CanvasComponent\\entry',
      belongProjectPath: 'D:\\harmonyos_code\\CanvasComponent'
    },
    'D:\\harmonyos_code\\CanvasComponent\\entry': {
      moduleName: 'entry',
      modulePkgPath: 'D:\\harmonyos_code\\CanvasComponent\\entry',
      belongProjectPath: 'D:\\harmonyos_code\\CanvasComponent'
    },
    'D:\\harmonyos_code\\CanvasComponent': {
      moduleName: 'CanvasComponent',
      modulePkgPath: 'D:\\harmonyos_code\\CanvasComponent',
      belongProjectPath: 'D:\\harmonyos_code\\CanvasComponent'
    }
  },
  pkgJsonFileHash: '2afff4febdc36911eef91f56078f85eadae932cafc4985f481ba3dd356730d69',
  allModulePaths: [ 'D:\\harmonyos_code\\CanvasComponent\\entry' ],
  routerMap: {},
  obfuscationOptions: undefined,
  byteCodeHarToDependencyKeys: undefined,
  compileBlockPkg: [],
  mockParams: {
    decorator: '@MockSetup',
    packageName: '@ohos/hamock',
    etsSourceRootPath: 'src/main/ets',
    mockConfigPath: undefined,
    mockConfigKey2ModuleInfo: {},
    source2ModuleIdMap: {}
  },
  copyCodeResourceEnable: true,
  copyCodeResourceExcludes: [],
  copyCodeResourceIncludes: undefined,
  uiTransformOptimization: false,
  sdkPath: 'D:/DevEco Studio/sdk',
  needPreloadSoFileSet: {},
  preloadSoFilePath: 'D:\\harmonyos_code\\CanvasComponent\\entry\\build\\default\\intermediates\\preload\\default\\preload.json',
  useSourceHash: false,
  localModuleParamMap: {},
  otherPaths: {
    'entry/*': [
      '..\\*',
      '..\\..\\..\\build\\default\\generated\\profile\\default\\*'
    ]
  },
  collectImportersConfig: undefined
}
[2026-04-20T20:50:34.973] [DEBUG] debug-file - Compile arkts with external api path: D:\DevEco Studio\sdk\default\hms\ets
[2026-04-20T20:50:34.974] [DEBUG] debug-file - default@CompileArkTS work[0] is submitted.
[2026-04-20T20:50:34.974] [DEBUG] debug-file - default@CompileArkTS work[0] is pushed to ready queue.
[2026-04-20T20:50:34.974] [DEBUG] debug-file - A work dispatched to worker[31] failed because unable to get work from ready queue.
[2026-04-20T20:50:34.975] [DEBUG] debug-file - A work dispatched to worker[30] failed because unable to get work from ready queue.
[2026-04-20T20:50:34.975] [DEBUG] debug-file - A work dispatched to worker[29] failed because unable to get work from ready queue.
[2026-04-20T20:50:34.975] [DEBUG] debug-file - A work dispatched to worker[28] failed because unable to get work from ready queue.
[2026-04-20T20:50:34.975] [DEBUG] debug-file - A work dispatched to worker[27] failed because unable to get work from ready queue.
[2026-04-20T20:50:34.975] [DEBUG] debug-file - A work dispatched to worker[26] failed because unable to get work from ready queue.
[2026-04-20T20:50:34.975] [DEBUG] debug-file - A work dispatched to worker[25] failed because unable to get work from ready queue.
[2026-04-20T20:50:34.975] [DEBUG] debug-file - A work dispatched to worker[24] failed because unable to get work from ready queue.
[2026-04-20T20:50:34.975] [DEBUG] debug-file - A work dispatched to worker[23] failed because unable to get work from ready queue.
[2026-04-20T20:50:34.975] [DEBUG] debug-file - A work dispatched to worker[22] failed because unable to get work from ready queue.
[2026-04-20T20:50:34.975] [DEBUG] debug-file - A work dispatched to worker[21] failed because unable to get work from ready queue.
[2026-04-20T20:50:34.975] [DEBUG] debug-file - A work dispatched to worker[20] failed because unable to get work from ready queue.
[2026-04-20T20:50:34.975] [DEBUG] debug-file - A work dispatched to worker[19] failed because unable to get work from ready queue.
[2026-04-20T20:50:34.975] [DEBUG] debug-file - A work dispatched to worker[18] failed because unable to get work from ready queue.
[2026-04-20T20:50:34.975] [DEBUG] debug-file - A work dispatched to worker[17] failed because unable to get work from ready queue.
[2026-04-20T20:50:34.975] [DEBUG] debug-file - A work dispatched to worker[16] failed because unable to get work from ready queue.
[2026-04-20T20:50:34.975] [DEBUG] debug-file - A work dispatched to worker[15] failed because unable to get work from ready queue.
[2026-04-20T20:50:34.975] [DEBUG] debug-file - A work dispatched to worker[14] failed because unable to get work from ready queue.
[2026-04-20T20:50:34.975] [DEBUG] debug-file - A work dispatched to worker[13] failed because unable to get work from ready queue.
[2026-04-20T20:50:34.975] [DEBUG] debug-file - A work dispatched to worker[12] failed because unable to get work from ready queue.
[2026-04-20T20:50:34.975] [DEBUG] debug-file - A work dispatched to worker[11] failed because unable to get work from ready queue.
[2026-04-20T20:50:34.975] [DEBUG] debug-file - A work dispatched to worker[10] failed because unable to get work from ready queue.
[2026-04-20T20:50:34.975] [DEBUG] debug-file - A work dispatched to worker[9] failed because unable to get work from ready queue.
[2026-04-20T20:50:34.975] [DEBUG] debug-file - A work dispatched to worker[8] failed because unable to get work from ready queue.
[2026-04-20T20:50:34.975] [DEBUG] debug-file - A work dispatched to worker[7] failed because unable to get work from ready queue.
[2026-04-20T20:50:34.975] [DEBUG] debug-file - A work dispatched to worker[6] failed because unable to get work from ready queue.
[2026-04-20T20:50:34.975] [DEBUG] debug-file - A work dispatched to worker[5] failed because unable to get work from ready queue.
[2026-04-20T20:50:34.975] [DEBUG] debug-file - Create  resident worker with id: 4.
[2026-04-20T20:50:34.977] [DEBUG] debug-file - default@CompileArkTS work[0] has been dispatched to worker[4].
[2026-04-20T20:50:34.977] [DEBUG] debug-file - default@CompileArkTS work[0] is dispatched.
[2026-04-20T20:50:34.977] [DEBUG] debug-file - CopyResources startTime: 23896092905100
[2026-04-20T20:50:34.977] [DEBUG] debug-file - default@CompileArkTS work[1] is submitted.
[2026-04-20T20:50:34.977] [DEBUG] debug-file - default@CompileArkTS work[1] is pushed to ready queue.
[2026-04-20T20:50:34.977] [DEBUG] debug-file - A work dispatched to worker[31] failed because unable to get work from ready queue.
[2026-04-20T20:50:34.977] [DEBUG] debug-file - Create  resident worker with id: 30.
[2026-04-20T20:50:34.978] [DEBUG] debug-file - default@CompileArkTS work[1] has been dispatched to worker[30].
[2026-04-20T20:50:34.978] [DEBUG] debug-file - default@CompileArkTS work[1] is dispatched.
[2026-04-20T20:50:34.978] [DEBUG] debug-file - entry : default@CompileArkTS cost memory 1.7901840209960938
[2026-04-20T20:50:34.980] [DEBUG] debug-file - Executing task :entry:default@BuildJS
[2026-04-20T20:50:34.980] [DEBUG] debug-file - Task 'entry:default@BuildJS' cost while wrapping incremental declarations: 1 ms 
[2026-04-20T20:50:34.982] [DEBUG] debug-file - entry : default@BuildJS cost memory 0.16869354248046875
[2026-04-20T20:50:34.982] [DEBUG] debug-file - runTaskFromQueue task cost before running: 695 ms 
[2026-04-20T20:50:34.982] [INFO] debug-file - Finished :entry:default@BuildJS... after 3 ms 
[2026-04-20T20:50:34.983] [DEBUG] debug-file - Executing task :entry:default@CacheNativeLibs
[2026-04-20T20:50:34.984] [DEBUG] debug-file - File: 'D:\harmonyos_code\CanvasComponent\entry\build\default\intermediates\binxo\default' from 'cacheBinxoNativeLibs' is not exists, just ignore.
[2026-04-20T20:50:34.984] [DEBUG] debug-file - Task 'entry:default@CacheNativeLibs' cost while wrapping incremental declarations: 1 ms 
[2026-04-20T20:50:34.984] [DEBUG] debug-file - entry:default@CacheNativeLibs is not up-to-date, since the input file 'D:\harmonyos_code\CanvasComponent\entry\build\default\intermediates\stripped_native_libs\default' has been changed.
[2026-04-20T20:50:34.984] [DEBUG] debug-file - Incremental task entry:default@CacheNativeLibs pre-execution cost: 1 ms .
[2026-04-20T20:50:34.985] [DEBUG] debug-file - default@CacheNativeLibs work[2] is submitted.
[2026-04-20T20:50:34.985] [DEBUG] debug-file - default@CacheNativeLibs work[2] is pushed to ready queue.
[2026-04-20T20:50:34.985] [DEBUG] debug-file - A work dispatched to worker[31] failed because unable to get work from ready queue.
[2026-04-20T20:50:34.985] [DEBUG] debug-file - A work dispatched to worker[30] failed because of worker busy.
[2026-04-20T20:50:34.985] [DEBUG] debug-file - Create  resident worker with id: 29.
[2026-04-20T20:50:34.986] [DEBUG] debug-file - default@CacheNativeLibs work[2] has been dispatched to worker[29].
[2026-04-20T20:50:34.986] [DEBUG] debug-file - default@CacheNativeLibs work[2] is dispatched.
[2026-04-20T20:50:34.986] [DEBUG] debug-file - entry : default@CacheNativeLibs cost memory 0.20792388916015625
[2026-04-20T20:50:35.907] [DEBUG] debug-file - worker[30] has one work done.
[2026-04-20T20:50:35.907] [DEBUG] debug-file - CopyResources is end, endTime: 23897022768800
[2026-04-20T20:50:35.907] [DEBUG] debug-file - default@CompileArkTS work[1] done.
[2026-04-20T20:50:35.907] [DEBUG] debug-file - A work dispatched to worker[30] failed because unable to get work from ready queue.
[2026-04-20T20:50:35.954] [DEBUG] debug-file - worker[29] has one work done.
[2026-04-20T20:50:35.955] [DEBUG] debug-file - default@CacheNativeLibs work[2] done.
[2026-04-20T20:50:35.955] [DEBUG] debug-file - A work dispatched to worker[29] failed because unable to get work from ready queue.
[2026-04-20T20:50:35.955] [INFO] debug-file - Finished :entry:default@CacheNativeLibs... after 8 ms 
[2026-04-20T20:50:40.611] [DEBUG] debug-file - worker[4] has one work done.
[2026-04-20T20:50:40.612] [DEBUG] debug-file - Ark compile task finished.finished time is 23901727137700
[2026-04-20T20:50:40.613] [DEBUG] debug-file - default@CompileArkTS work[0] done.
[2026-04-20T20:50:40.613] [DEBUG] debug-file - A work dispatched to worker[4] failed because unable to get work from ready queue.
[2026-04-20T20:50:40.614] [INFO] debug-file - Finished :entry:default@CompileArkTS... after 3 s 670 ms 
[2026-04-20T20:50:40.615] [DEBUG] debug-file - Executing task :entry:default@GeneratePkgModuleJson
[2026-04-20T20:50:40.616] [DEBUG] debug-file - File: 'D:\harmonyos_code\CanvasComponent\entry\build\default\intermediates\preload\default\preload.json' from 'preloadSoJsonPath' is not exists, just ignore.
[2026-04-20T20:50:40.616] [DEBUG] debug-file - Error occurs while handling @Input 'shouldDeduplicateHar': The "data" argument must be of type string or an instance of Buffer, TypedArray, or DataView. Received undefined
[2026-04-20T20:50:40.616] [DEBUG] debug-file - Task 'entry:default@GeneratePkgModuleJson' cost while wrapping incremental declarations: 1 ms 
[2026-04-20T20:50:40.617] [DEBUG] debug-file - entry:default@GeneratePkgModuleJson is not up-to-date, since the input file 'D:\harmonyos_code\CanvasComponent\entry\build\default\intermediates\res\default\module.json' has been changed.
[2026-04-20T20:50:40.617] [DEBUG] debug-file - Incremental task entry:default@GeneratePkgModuleJson pre-execution cost: 1 ms .
[2026-04-20T20:50:40.618] [DEBUG] debug-file - entry : default@GeneratePkgModuleJson cost memory 0.1973876953125
[2026-04-20T20:50:40.619] [DEBUG] debug-file - runTaskFromQueue task cost before running: 6 s 332 ms 
[2026-04-20T20:50:40.619] [INFO] debug-file - Finished :entry:default@GeneratePkgModuleJson... after 4 ms 
[2026-04-20T20:50:40.620] [DEBUG] debug-file - Executing task :entry:default@ProcessCompiledResources
[2026-04-20T20:50:40.620] [DEBUG] debug-file - File: 'D:\harmonyos_code\CanvasComponent\entry\build\default\intermediates\preload\default\preload.json' from 'preloadSoJsonPath' is not exists, just ignore.
[2026-04-20T20:50:40.620] [DEBUG] debug-file - Task 'entry:default@ProcessCompiledResources' cost while wrapping incremental declarations: 1 ms 
[2026-04-20T20:50:40.621] [DEBUG] debug-file - entry : default@ProcessCompiledResources cost memory 0.0576324462890625
[2026-04-20T20:50:40.621] [DEBUG] debug-file - runTaskFromQueue task cost before running: 6 s 334 ms 
[2026-04-20T20:50:40.621] [INFO] debug-file - Finished :entry:default@ProcessCompiledResources... after 1 ms 
[2026-04-20T20:50:40.623] [DEBUG] debug-file - Executing task :entry:default@PackageHap
[2026-04-20T20:50:40.626] [DEBUG] debug-file - entry:default@PackageHap is not up-to-date, since the input file 'D:\harmonyos_code\CanvasComponent\entry\build\default\intermediates\stripped_native_libs\default' has been changed.
[2026-04-20T20:50:40.627] [DEBUG] debug-file - Incremental task entry:default@PackageHap pre-execution cost: 3 ms .
[2026-04-20T20:50:40.628] [DEBUG] debug-file - Use tool [D:\DevEco Studio\sdk\default\openharmony\toolchains\lib\app_packing_tool.jar]
 [
  'java',
  '-Dfile.encoding=GBK',
  '-jar',
  'D:\\DevEco Studio\\sdk\\default\\openharmony\\toolchains\\lib\\app_packing_tool.jar',
  '--mode',
  'hap',
  '--force',
  'true',
  '--lib-path',
  'D:\\harmonyos_code\\CanvasComponent\\entry\\build\\default\\intermediates\\stripped_native_libs\\default',
  '--json-path',
  'D:\\harmonyos_code\\CanvasComponent\\entry\\build\\default\\intermediates\\package\\default\\module.json',
  '--resources-path',
  'D:\\harmonyos_code\\CanvasComponent\\entry\\build\\default\\intermediates\\res\\default\\resources',
  '--index-path',
  'D:\\harmonyos_code\\CanvasComponent\\entry\\build\\default\\intermediates\\res\\default\\resources.index',
  '--pack-info-path',
  'D:\\harmonyos_code\\CanvasComponent\\entry\\build\\default\\outputs\\default\\pack.info',
  '--out-path',
  'D:\\harmonyos_code\\CanvasComponent\\entry\\build\\default\\outputs\\default\\entry-default-unsigned.hap',
  '--ets-path',
  'D:\\harmonyos_code\\CanvasComponent\\entry\\build\\default\\intermediates\\loader_out\\default\\ets',
  '--pkg-sdk-info-path',
  'D:\\harmonyos_code\\CanvasComponent\\entry\\build\\default\\intermediates\\loader\\default\\pkgSdkInfo.json'
]
[2026-04-20T20:50:40.629] [DEBUG] debug-file - default@PackageHap work[3] is submitted.
[2026-04-20T20:50:40.629] [DEBUG] debug-file - default@PackageHap work[3] is pushed to ready queue.
[2026-04-20T20:50:40.629] [DEBUG] debug-file - A work dispatched to worker[31] failed because unable to get work from ready queue.
[2026-04-20T20:50:40.629] [DEBUG] debug-file - default@PackageHap work[3] has been dispatched to worker[30].
[2026-04-20T20:50:40.630] [DEBUG] debug-file - default@PackageHap work[3] is dispatched.
[2026-04-20T20:50:40.632] [DEBUG] debug-file - entry : default@PackageHap cost memory 0.7215194702148438
[2026-04-20T20:50:40.814] [DEBUG] debug-file - current process  memoryUsage: {
  rss: 670330880,
  heapTotal: 81297408,
  heapUsed: 52117032,
  external: 2365469,
  arrayBuffers: 123792
} os memoryUsage :12.775466918945312
[2026-04-20T20:50:41.194] [DEBUG] debug-file - worker[30] has one work done.
[2026-04-20T20:50:41.194] [DEBUG] debug-file - default@PackageHap work[3] done.
[2026-04-20T20:50:41.194] [DEBUG] debug-file - A work dispatched to worker[30] failed because unable to get work from ready queue.
[2026-04-20T20:50:41.195] [INFO] debug-file - Finished :entry:default@PackageHap... after 392 ms 
[2026-04-20T20:50:41.196] [DEBUG] debug-file - Executing task :entry:default@PackingCheck
[2026-04-20T20:50:41.203] [DEBUG] debug-file - entry : default@PackingCheck cost memory 0.43675994873046875
[2026-04-20T20:50:41.203] [DEBUG] debug-file - runTaskFromQueue task cost before running: 6 s 916 ms 
[2026-04-20T20:50:41.203] [INFO] debug-file - Finished :entry:default@PackingCheck... after 8 ms 
[2026-04-20T20:50:41.205] [DEBUG] debug-file - Executing task :entry:default@SignHap
[2026-04-20T20:50:41.205] [WARN] debug-file - Will skip sign 'hos_hap'. No signingConfigs profile is configured in current project.
             If needed, configure the signingConfigs in D:\harmonyos_code\CanvasComponent\build-profile.json5.
[2026-04-20T20:50:41.206] [DEBUG] debug-file - entry:default@SignHap is not up-to-date, since the input file 'D:\harmonyos_code\CanvasComponent\entry\build\default\outputs\default\entry-default-unsigned.hap' has been changed.
[2026-04-20T20:50:41.206] [DEBUG] debug-file - Incremental task entry:default@SignHap pre-execution cost: 1 ms .
[2026-04-20T20:50:41.207] [DEBUG] debug-file - entry : default@SignHap cost memory 0.10820770263671875
[2026-04-20T20:50:41.207] [DEBUG] debug-file - runTaskFromQueue task cost before running: 6 s 920 ms 
[2026-04-20T20:50:41.207] [INFO] debug-file - Finished :entry:default@SignHap... after 3 ms 
[2026-04-20T20:50:41.209] [DEBUG] debug-file - Executing task :entry:default@CollectDebugSymbol
[2026-04-20T20:50:41.210] [DEBUG] debug-file - entry : default@CollectDebugSymbol cost memory 0.10498046875
[2026-04-20T20:50:41.210] [DEBUG] debug-file - runTaskFromQueue task cost before running: 6 s 923 ms 
[2026-04-20T20:50:41.210] [INFO] debug-file - Finished :entry:default@CollectDebugSymbol... after 2 ms 
[2026-04-20T20:50:41.210] [DEBUG] debug-file - Executing task :entry:assembleHap
[2026-04-20T20:50:41.210] [DEBUG] debug-file - entry : assembleHap cost memory 0.012847900390625
[2026-04-20T20:50:41.210] [DEBUG] debug-file - runTaskFromQueue task cost before running: 6 s 924 ms 
[2026-04-20T20:50:41.210] [INFO] debug-file - Finished :entry:assembleHap... after 1 ms 
[2026-04-20T20:50:41.223] [INFO] debug-file - BUILD SUCCESSFUL in 6 s 936 ms 
[2026-04-20T20:50:41.224] [DEBUG] debug-file - Update task entry:default@PreBuild input file:D:\harmonyos_code\CanvasComponent\AppScope\app.json5 cache from map.
[2026-04-20T20:50:41.225] [DEBUG] debug-file - Update task entry:default@PreBuild input file:D:\harmonyos_code\CanvasComponent\entry\src\main\module.json5 cache by regenerate.
[2026-04-20T20:50:41.225] [DEBUG] debug-file - Update task entry:default@PreBuild input file:D:\harmonyos_code\CanvasComponent\build-profile.json5 cache by regenerate.
[2026-04-20T20:50:41.225] [DEBUG] debug-file - Update task entry:default@PreBuild input file:D:\harmonyos_code\CanvasComponent\entry\build-profile.json5 cache by regenerate.
[2026-04-20T20:50:41.225] [DEBUG] debug-file - Update task entry:default@PreBuild input file:D:\harmonyos_code\CanvasComponent\entry\src\main\resources\base\profile\main_pages.json cache by regenerate.
[2026-04-20T20:50:41.225] [DEBUG] debug-file - Update task entry:default@PreBuild input file:D:\harmonyos_code\CanvasComponent\hvigor\hvigor-config.json5 cache by regenerate.
[2026-04-20T20:50:41.225] [DEBUG] debug-file - Update task entry:default@PreBuild input file:D:\harmonyos_code\CanvasComponent\entry\oh-package.json5 cache by regenerate.
[2026-04-20T20:50:41.226] [DEBUG] debug-file - Update task entry:default@PreBuild input file:D:\harmonyos_code\CanvasComponent\oh-package.json5 cache by regenerate.
[2026-04-20T20:50:41.226] [DEBUG] debug-file - Incremental task entry:default@PreBuild post-execution cost:3 ms .
[2026-04-20T20:50:41.226] [DEBUG] debug-file - Update task entry:default@CreateModuleInfo output file:D:\harmonyos_code\CanvasComponent\entry\build\default\generated\profile\default\ModuleInfo.ts cache.
[2026-04-20T20:50:41.226] [DEBUG] debug-file - Incremental task entry:default@CreateModuleInfo post-execution cost:1 ms .
[2026-04-20T20:50:41.226] [DEBUG] debug-file - Update task entry:default@GenerateMetadata input file:D:\harmonyos_code\CanvasComponent\entry\src\main\module.json5 cache from map.
[2026-04-20T20:50:41.226] [DEBUG] debug-file - Update task entry:default@GenerateMetadata output file:D:\harmonyos_code\CanvasComponent\entry\build\default\intermediates\hap_metadata\default\output_metadata.json cache.
[2026-04-20T20:50:41.227] [DEBUG] debug-file - Incremental task entry:default@GenerateMetadata post-execution cost:1 ms .
[2026-04-20T20:50:41.227] [DEBUG] debug-file - Update task entry:default@MergeProfile input file:D:\harmonyos_code\CanvasComponent\AppScope\app.json5 cache from map.
[2026-04-20T20:50:41.227] [DEBUG] debug-file - Update task entry:default@MergeProfile input file:D:\harmonyos_code\CanvasComponent\build-profile.json5 cache by regenerate.
[2026-04-20T20:50:41.227] [DEBUG] debug-file - Update task entry:default@MergeProfile input file:D:\harmonyos_code\CanvasComponent\entry\src\main\module.json5 cache by regenerate.
[2026-04-20T20:50:41.227] [DEBUG] debug-file - Update task entry:default@MergeProfile output file:D:\harmonyos_code\CanvasComponent\entry\build\default\intermediates\merge_profile\default\module.json cache.
[2026-04-20T20:50:41.227] [DEBUG] debug-file - Incremental task entry:default@MergeProfile post-execution cost:1 ms .
[2026-04-20T20:50:41.228] [DEBUG] debug-file - Update task entry:default@CreateBuildProfile input file:D:\harmonyos_code\CanvasComponent\AppScope\app.json5 cache from map.
[2026-04-20T20:50:41.228] [DEBUG] debug-file - Update task entry:default@CreateBuildProfile input file:D:\harmonyos_code\CanvasComponent\build-profile.json5 cache by regenerate.
[2026-04-20T20:50:41.228] [DEBUG] debug-file - Update task entry:default@CreateBuildProfile output file:D:\harmonyos_code\CanvasComponent\entry\build\default\generated\profile\default\BuildProfile.ets cache.
[2026-04-20T20:50:41.228] [DEBUG] debug-file - Incremental task entry:default@CreateBuildProfile post-execution cost:1 ms .
[2026-04-20T20:50:41.228] [DEBUG] debug-file - Update task entry:default@GeneratePkgContextInfo output file:D:\harmonyos_code\CanvasComponent\entry\build\default\intermediates\loader\default\pkgContextInfo.json cache.
[2026-04-20T20:50:41.228] [DEBUG] debug-file - Incremental task entry:default@GeneratePkgContextInfo post-execution cost:1 ms .
[2026-04-20T20:50:41.228] [DEBUG] debug-file - Update task entry:default@GeneratePkgSdkInfo output file:D:\harmonyos_code\CanvasComponent\entry\build\default\intermediates\loader\default\pkgSdkInfo.json cache.
[2026-04-20T20:50:41.229] [DEBUG] debug-file - Incremental task entry:default@GeneratePkgSdkInfo post-execution cost:1 ms .
[2026-04-20T20:50:41.229] [DEBUG] debug-file - Update task entry:default@ProcessIntegratedHsp output file:D:\harmonyos_code\CanvasComponent\build\cache\default\integrated_hsp\integratedHspCache.json cache.
[2026-04-20T20:50:41.229] [DEBUG] debug-file - Incremental task entry:default@ProcessIntegratedHsp post-execution cost:1 ms .
[2026-04-20T20:50:41.229] [DEBUG] debug-file - Update task entry:default@MakePackInfo input file:D:\harmonyos_code\CanvasComponent\AppScope\app.json5 cache from map.
[2026-04-20T20:50:41.229] [DEBUG] debug-file - Update task entry:default@MakePackInfo input file:D:\harmonyos_code\CanvasComponent\entry\src\main\module.json5 cache by regenerate.
[2026-04-20T20:50:41.229] [DEBUG] debug-file - Update task entry:default@MakePackInfo input file:D:\harmonyos_code\CanvasComponent\build-profile.json5 cache by regenerate.
[2026-04-20T20:50:41.230] [DEBUG] debug-file - Update task entry:default@MakePackInfo output file:D:\harmonyos_code\CanvasComponent\entry\build\default\outputs\default\pack.info cache.
[2026-04-20T20:50:41.230] [DEBUG] debug-file - Incremental task entry:default@MakePackInfo post-execution cost:1 ms .
[2026-04-20T20:50:41.230] [DEBUG] debug-file - Update task entry:default@SyscapTransform input file:D:\DevEco Studio\sdk\default\openharmony\toolchains\syscap_tool.exe cache by regenerate.
[2026-04-20T20:50:41.230] [DEBUG] debug-file - Update task entry:default@SyscapTransform input file:D:\DevEco Studio\sdk\default\openharmony\ets\api\device-define cache by regenerate.
[2026-04-20T20:50:41.231] [DEBUG] debug-file - Update task entry:default@SyscapTransform output file:D:\harmonyos_code\CanvasComponent\entry\build\default\intermediates\syscap\default\rpcid.sc cache.
[2026-04-20T20:50:41.231] [DEBUG] debug-file - Incremental task entry:default@SyscapTransform post-execution cost:2 ms .
[2026-04-20T20:50:41.232] [DEBUG] debug-file - Update task entry:default@ProcessProfile input file:D:\harmonyos_code\CanvasComponent\entry\build\default\intermediates\merge_profile\default\module.json cache from map.
[2026-04-20T20:50:41.232] [DEBUG] debug-file - Update task entry:default@ProcessProfile output file:D:\harmonyos_code\CanvasComponent\entry\build\default\intermediates\process_profile\default\module.json cache.
[2026-04-20T20:50:41.232] [DEBUG] debug-file - Incremental task entry:default@ProcessProfile post-execution cost:1 ms .
[2026-04-20T20:50:41.232] [DEBUG] debug-file - Update task entry:default@ProcessRouterMap input file:D:\harmonyos_code\CanvasComponent\entry\oh-package.json5 cache from map.
[2026-04-20T20:50:41.232] [DEBUG] debug-file - Update task entry:default@ProcessRouterMap input file:D:\harmonyos_code\CanvasComponent\oh-package.json5 cache by regenerate.
[2026-04-20T20:50:41.233] [DEBUG] debug-file - Update task entry:default@ProcessRouterMap input file:D:\harmonyos_code\CanvasComponent\entry\src\main\module.json5 cache by regenerate.
[2026-04-20T20:50:41.233] [DEBUG] debug-file - Update task entry:default@ProcessRouterMap output file:D:\harmonyos_code\CanvasComponent\entry\build\default\intermediates\router_map\default\temp-router-map.json cache.
[2026-04-20T20:50:41.233] [DEBUG] debug-file - Update task entry:default@ProcessRouterMap output file:D:\harmonyos_code\CanvasComponent\entry\build\default\intermediates\router_map\default\loader-router-map.json cache.
[2026-04-20T20:50:41.233] [DEBUG] debug-file - Incremental task entry:default@ProcessRouterMap post-execution cost:2 ms .
[2026-04-20T20:50:41.234] [DEBUG] debug-file - Update task entry:default@ProcessShareConfig input file:D:\harmonyos_code\CanvasComponent\entry\oh-package.json5 cache from map.
[2026-04-20T20:50:41.234] [DEBUG] debug-file - Update task entry:default@ProcessShareConfig input file:D:\harmonyos_code\CanvasComponent\oh-package.json5 cache by regenerate.
[2026-04-20T20:50:41.234] [DEBUG] debug-file - Update task entry:default@ProcessShareConfig input file:D:\harmonyos_code\CanvasComponent\entry\src\main\module.json5 cache by regenerate.
[2026-04-20T20:50:41.234] [DEBUG] debug-file - Update task entry:default@ProcessShareConfig output file:D:\harmonyos_code\CanvasComponent\entry\build\default\intermediates\share_config\default\temp-share-config.json cache.
[2026-04-20T20:50:41.234] [DEBUG] debug-file - Incremental task entry:default@ProcessShareConfig post-execution cost:1 ms .
[2026-04-20T20:50:41.234] [DEBUG] debug-file - Update task entry:default@ProcessStartupConfig output file:D:\harmonyos_code\CanvasComponent\entry\build\default\intermediates\startup\default\startup_config.json cache.
[2026-04-20T20:50:41.234] [DEBUG] debug-file - Incremental task entry:default@ProcessStartupConfig post-execution cost:1 ms .
[2026-04-20T20:50:41.235] [DEBUG] debug-file - Update task entry:default@ProcessResource output file:D:\harmonyos_code\CanvasComponent\entry\build\default\intermediates\res\default\resConfig.json cache.
[2026-04-20T20:50:41.235] [DEBUG] debug-file - Update task entry:default@ProcessResource output file:D:\harmonyos_code\CanvasComponent\entry\build\default\intermediates\res\default\opt-compression.json cache.
[2026-04-20T20:50:41.235] [DEBUG] debug-file - Incremental task entry:default@ProcessResource post-execution cost:1 ms .
[2026-04-20T20:50:41.236] [DEBUG] debug-file - Update task entry:default@GenerateLoaderJson input file:D:\harmonyos_code\CanvasComponent\entry\build\default\intermediates\router_map\default\temp-router-map.json cache from map.
[2026-04-20T20:50:41.236] [DEBUG] debug-file - Update task entry:default@GenerateLoaderJson output file:D:\harmonyos_code\CanvasComponent\entry\build\default\intermediates\loader\default\loader.json cache.
[2026-04-20T20:50:41.236] [DEBUG] debug-file - Incremental task entry:default@GenerateLoaderJson post-execution cost:1 ms .
[2026-04-20T20:50:41.236] [DEBUG] debug-file - Update task entry:default@ProcessLibs input file:D:\harmonyos_code\CanvasComponent\build-profile.json5 cache from map.
[2026-04-20T20:50:41.236] [DEBUG] debug-file - Update task entry:default@ProcessLibs input file:D:\harmonyos_code\CanvasComponent\entry\build-profile.json5 cache by regenerate.
[2026-04-20T20:50:41.237] [DEBUG] debug-file - Update task entry:default@ProcessLibs output file:D:\harmonyos_code\CanvasComponent\entry\build\default\intermediates\libs\default cache.
[2026-04-20T20:50:41.237] [DEBUG] debug-file - Incremental task entry:default@ProcessLibs post-execution cost:1 ms .
[2026-04-20T20:50:41.237] [DEBUG] debug-file - Update task entry:default@CompileResource input file:D:\harmonyos_code\CanvasComponent\entry\src\main\resources cache from map.
[2026-04-20T20:50:41.238] [DEBUG] debug-file - Update task entry:default@CompileResource input file:D:\harmonyos_code\CanvasComponent\AppScope\resources cache by regenerate.
[2026-04-20T20:50:41.239] [DEBUG] debug-file - Update task entry:default@CompileResource input file:D:\harmonyos_code\CanvasComponent\entry\build\default\intermediates\process_profile\default\module.json cache by regenerate.
[2026-04-20T20:50:41.239] [DEBUG] debug-file - Update task entry:default@CompileResource input file:D:\harmonyos_code\CanvasComponent\entry\build\default\intermediates\res\default\resConfig.json cache by regenerate.
[2026-04-20T20:50:41.239] [DEBUG] debug-file - Update task entry:default@CompileResource output file:D:\harmonyos_code\CanvasComponent\entry\build\default\intermediates\res\default cache.
[2026-04-20T20:50:41.243] [DEBUG] debug-file - Update task entry:default@CompileResource output file:D:\harmonyos_code\CanvasComponent\entry\build\default\generated\r\default\ResourceTable.h cache.
[2026-04-20T20:50:41.243] [DEBUG] debug-file - Update task entry:default@CompileResource output file:D:\harmonyos_code\CanvasComponent\entry\build\default\generated\r\default\ResourceTable.ts cache.
[2026-04-20T20:50:41.243] [DEBUG] debug-file - Update task entry:default@CompileResource output file:D:\harmonyos_code\CanvasComponent\entry\build\default\generated\r\default cache.
[2026-04-20T20:50:41.244] [DEBUG] debug-file - Incremental task entry:default@CompileResource post-execution cost:7 ms .
[2026-04-20T20:50:41.244] [DEBUG] debug-file - Update task entry:default@DoNativeStrip input file:D:\harmonyos_code\CanvasComponent\entry\build\default\intermediates\libs\default cache from map.
[2026-04-20T20:50:41.244] [DEBUG] debug-file - Update task entry:default@DoNativeStrip output file:D:\harmonyos_code\CanvasComponent\entry\build\default\intermediates\stripped_native_libs\default cache.
[2026-04-20T20:50:41.244] [DEBUG] debug-file - Incremental task entry:default@DoNativeStrip post-execution cost:1 ms .
[2026-04-20T20:50:41.245] [DEBUG] debug-file - Update task entry:default@CompileArkTS input file:D:\harmonyos_code\CanvasComponent\entry\build\default\intermediates\loader\default cache from map.
[2026-04-20T20:50:41.245] [DEBUG] debug-file - Update task entry:default@CompileArkTS input file:D:\harmonyos_code\CanvasComponent\entry\build\default\intermediates\res\default\ResourceTable.txt cache by regenerate.
[2026-04-20T20:50:41.245] [DEBUG] debug-file - Update task entry:default@CompileArkTS input file:D:\harmonyos_code\CanvasComponent\entry\build\default\intermediates\res\default\ark_module.json cache by regenerate.
[2026-04-20T20:50:41.245] [DEBUG] debug-file - Update task entry:default@CompileArkTS input file:D:\harmonyos_code\CanvasComponent\entry\build\default\intermediates\res\default\resources\base\profile cache by regenerate.
[2026-04-20T20:50:41.246] [DEBUG] debug-file - Update task entry:default@CompileArkTS input file:D:\harmonyos_code\CanvasComponent\entry\src\main\ets cache by regenerate.
[2026-04-20T20:50:41.248] [DEBUG] debug-file - Update task entry:default@CompileArkTS input file:D:\harmonyos_code\CanvasComponent\entry\build\default\generated\profile\default\BuildProfile.ets cache by regenerate.
[2026-04-20T20:50:41.248] [DEBUG] debug-file - Update task entry:default@CompileArkTS output file:D:\harmonyos_code\CanvasComponent\entry\build\default\intermediates\loader_out\default\ets cache.
[2026-04-20T20:50:41.249] [DEBUG] debug-file - Incremental task entry:default@CompileArkTS post-execution cost:6 ms .
[2026-04-20T20:50:41.250] [DEBUG] debug-file - Update task entry:default@BuildJS input file:D:\harmonyos_code\CanvasComponent\entry\build\default\intermediates\loader\default cache by regenerate.
[2026-04-20T20:50:41.251] [DEBUG] debug-file - Update task entry:default@BuildJS input file:D:\harmonyos_code\CanvasComponent\entry\build\default\intermediates\res\default\ResourceTable.txt cache by regenerate.
[2026-04-20T20:50:41.251] [DEBUG] debug-file - Update task entry:default@BuildJS input file:D:\harmonyos_code\CanvasComponent\entry\build\default\intermediates\res\default\ark_module.json cache by regenerate.
[2026-04-20T20:50:41.251] [DEBUG] debug-file - Update task entry:default@BuildJS input file:D:\harmonyos_code\CanvasComponent\entry\build\default\intermediates\res\default\resources\base\profile cache by regenerate.
[2026-04-20T20:50:41.251] [DEBUG] debug-file - Update task entry:default@BuildJS output file:D:\harmonyos_code\CanvasComponent\entry\build\default\intermediates\loader_out\default\js cache.
[2026-04-20T20:50:41.252] [DEBUG] debug-file - Incremental task entry:default@BuildJS post-execution cost:3 ms .
[2026-04-20T20:50:41.252] [DEBUG] debug-file - Update task entry:default@CacheNativeLibs input file:D:\harmonyos_code\CanvasComponent\entry\build\default\intermediates\stripped_native_libs\default cache from map.
[2026-04-20T20:50:41.252] [DEBUG] debug-file - Update task entry:default@CacheNativeLibs input file:D:\harmonyos_code\CanvasComponent\entry\build\default\intermediates\libs\default cache by regenerate.
[2026-04-20T20:50:41.252] [DEBUG] debug-file - Update task entry:default@CacheNativeLibs output file:D:\harmonyos_code\CanvasComponent\entry\build\default\intermediates\patch\default\base_native_libs.json cache.
[2026-04-20T20:50:41.252] [DEBUG] debug-file - Update task entry:default@CacheNativeLibs output file:D:\harmonyos_code\CanvasComponent\entry\build\default\intermediates\patch\default\binxo_native_libs.json cache.
[2026-04-20T20:50:41.252] [DEBUG] debug-file - Incremental task entry:default@CacheNativeLibs post-execution cost:1 ms .
[2026-04-20T20:50:41.252] [DEBUG] debug-file - Update task entry:default@GeneratePkgModuleJson input file:D:\harmonyos_code\CanvasComponent\entry\build\default\intermediates\res\default\module.json cache from map.
[2026-04-20T20:50:41.252] [DEBUG] debug-file - Update task entry:default@GeneratePkgModuleJson output file:D:\harmonyos_code\CanvasComponent\entry\build\default\intermediates\package\default\module.json cache.
[2026-04-20T20:50:41.253] [DEBUG] debug-file - Incremental task entry:default@GeneratePkgModuleJson post-execution cost:1 ms .
[2026-04-20T20:50:41.253] [DEBUG] debug-file - Incremental task entry:default@ProcessCompiledResources post-execution cost:1 ms .
[2026-04-20T20:50:41.253] [DEBUG] debug-file - Update task entry:default@PackageHap input file:D:\harmonyos_code\CanvasComponent\entry\build\default\intermediates\stripped_native_libs\default cache from map.
[2026-04-20T20:50:41.253] [DEBUG] debug-file - Update task entry:default@PackageHap input file:D:\harmonyos_code\CanvasComponent\entry\build\default\intermediates\res\default\module.json cache by regenerate.
[2026-04-20T20:50:41.253] [DEBUG] debug-file - Update task entry:default@PackageHap input file:D:\harmonyos_code\CanvasComponent\entry\build\default\intermediates\res\default\resources cache by regenerate.
[2026-04-20T20:50:41.256] [DEBUG] debug-file - Update task entry:default@PackageHap input file:D:\harmonyos_code\CanvasComponent\entry\build\default\intermediates\res\default\resources.index cache by regenerate.
[2026-04-20T20:50:41.256] [DEBUG] debug-file - Update task entry:default@PackageHap input file:D:\harmonyos_code\CanvasComponent\entry\build\default\outputs\default\pack.info cache by regenerate.
[2026-04-20T20:50:41.257] [DEBUG] debug-file - Update task entry:default@PackageHap input file:D:\harmonyos_code\CanvasComponent\entry\build\default\intermediates\loader_out\default\ets cache by regenerate.
[2026-04-20T20:50:41.257] [DEBUG] debug-file - Update task entry:default@PackageHap input file:D:\harmonyos_code\CanvasComponent\entry\build\default\intermediates\loader\default\pkgSdkInfo.json cache by regenerate.
[2026-04-20T20:50:41.257] [DEBUG] debug-file - Update task entry:default@PackageHap input file:D:\harmonyos_code\CanvasComponent\entry\build\default\intermediates\loader_out\default\ets\sourceMaps.map cache by regenerate.
[2026-04-20T20:50:41.257] [DEBUG] debug-file - Update task entry:default@PackageHap input file:D:\harmonyos_code\CanvasComponent\entry\build\default\generated\profile\default\BuildProfile.ets cache by regenerate.
[2026-04-20T20:50:41.258] [DEBUG] debug-file - Update task entry:default@PackageHap output file:D:\harmonyos_code\CanvasComponent\entry\build\default\outputs\default\entry-default-unsigned.hap cache.
[2026-04-20T20:50:41.258] [DEBUG] debug-file - Update task entry:default@PackageHap output file:D:\harmonyos_code\CanvasComponent\entry\build\default\intermediates\source_map\default\sourceMaps.map cache.
[2026-04-20T20:50:41.258] [DEBUG] debug-file - Update task entry:default@PackageHap output file:D:\harmonyos_code\CanvasComponent\entry\build\default\outputs\default\mapping\sourceMaps.map cache.
[2026-04-20T20:50:41.258] [DEBUG] debug-file - Incremental task entry:default@PackageHap post-execution cost:6 ms .
[2026-04-20T20:50:41.258] [DEBUG] debug-file - Update task entry:default@SignHap input file:D:\harmonyos_code\CanvasComponent\entry\build\default\outputs\default\entry-default-unsigned.hap cache from map.
[2026-04-20T20:50:41.258] [DEBUG] debug-file - Update task entry:default@SignHap output file:D:\harmonyos_code\CanvasComponent\entry\build\default\outputs\default\entry-default-signed.hap cache.
[2026-04-20T20:50:41.259] [DEBUG] debug-file - Incremental task entry:default@SignHap post-execution cost:1 ms .
[2026-04-20T20:50:41.259] [DEBUG] debug-file - Update task entry:default@CollectDebugSymbol input file:D:\harmonyos_code\CanvasComponent\entry\build\default\intermediates\loader_out\default\ets\sourceMaps.map cache by regenerate.
[2026-04-20T20:50:41.259] [DEBUG] debug-file - Update task entry:default@CollectDebugSymbol input file:D:\harmonyos_code\CanvasComponent\entry\build\default\intermediates\libs\default cache by regenerate.
[2026-04-20T20:50:41.260] [DEBUG] debug-file - Update task entry:default@CollectDebugSymbol output file:D:\harmonyos_code\CanvasComponent\entry\build\default\outputs\default\symbol cache.
[2026-04-20T20:50:41.260] [DEBUG] debug-file - Incremental task entry:default@CollectDebugSymbol post-execution cost:2 ms .
[2026-04-20T20:50:41.281] [DEBUG] debug-file - Cleanup worker 29.
[2026-04-20T20:50:41.282] [DEBUG] debug-file - Worker 29 has been cleaned up.
[2026-04-20T20:50:41.282] [DEBUG] debug-file - Current idle worker size: 2.
[2026-04-20T20:50:41.282] [DEBUG] debug-file - Current resident worker size: 3.
[2026-04-20T20:50:41.282] [DEBUG] debug-file - Cleanup worker 30.
[2026-04-20T20:50:41.282] [DEBUG] debug-file - Worker 30 has been cleaned up.
[2026-04-20T20:50:41.282] [DEBUG] debug-file - Current idle worker size: 1.
[2026-04-20T20:50:41.282] [DEBUG] debug-file - Current resident worker size: 3.
[2026-04-20T20:50:41.283] [DEBUG] debug-file - hvigor build process will be closed.
[2026-04-20T20:50:41.288] [DEBUG] debug-file - session manager: send message to worker process.
[2026-04-20T20:50:41.288] [DEBUG] debug-file - session manager: send message to worker process.
[2026-04-20T20:50:41.288] [DEBUG] debug-file - watch worker: worker id should be larger than 0. Nothing will be sent to any worker thread.
[2026-04-20T20:50:41.289] [DEBUG] debug-file - watch worker: worker id should be larger than 0. Nothing will be sent to any worker thread.
[2026-04-20T20:50:41.293] [DEBUG] debug-file - worker[29] exits with exit code 1.
[2026-04-20T20:50:41.294] [DEBUG] debug-file - worker[30] exits with exit code 1.
[2026-04-20T20:55:42.023] [DEBUG] debug-file - session manager: set active socket. socketId=9m3JcnsmeGMGxAf3AAAF
[2026-04-20T20:55:42.034] [DEBUG] debug-file - watch worker: worker id should be larger than 0. Nothing will be sent to any worker thread.
[2026-04-20T20:55:42.046] [DEBUG] debug-file - Workers' log level updated to INFO
[2026-04-20T20:55:42.052] [DEBUG] debug-file - Hvigor init with startParameters:{
  hvigorfileTypeCheck: false,
  parallelExecution: true,
  incrementalExecution: true,
  printStackTrace: false,
  daemon: true,
  analyze: 0,
  logLevel: Level { level: 20000, levelStr: 'INFO', colour: 'green' },
  optimizationStrategy: 'memory',
  hotCompile: undefined,
  hotReloadBuild: undefined,
  customizedParam: undefined
}
[2026-04-20T20:55:42.060] [DEBUG] debug-file - Cache service initialization finished in 8 ms 
[2026-04-20T20:55:42.061] [DEBUG] debug-file - hvigorfile, resolving D:\harmonyos_code\CanvasComponent\hvigorfile.ts
[2026-04-20T20:55:42.075] [DEBUG] debug-file - hvigorfile, require result:  {}
[2026-04-20T20:55:42.075] [DEBUG] debug-file - hvigorfile, binding system plugins {}
[2026-04-20T20:55:42.076] [DEBUG] debug-file - Starting plugin build process
[2026-04-20T20:55:42.076] [DEBUG] debug-file - App plugin prepare start...
[2026-04-20T20:55:42.077] [DEBUG] debug-file - App plugin prepare end...
[2026-04-20T20:55:42.077] [DEBUG] debug-file - App plugin creating...
[2026-04-20T20:55:42.085] [DEBUG] debug-file - App plugin register hook start...
[2026-04-20T20:55:42.086] [DEBUG] debug-file - App plugin register hook end...
[2026-04-20T20:55:42.086] [DEBUG] debug-file - Plugin build process completed
[2026-04-20T20:55:42.086] [DEBUG] debug-file - Start initialize project's product build option map with build mode debug.
[2026-04-20T20:55:42.086] [DEBUG] debug-file - Picking option from product 'default' with build mode 'debug'.
[2026-04-20T20:55:42.087] [DEBUG] debug-file - Product 'default' build option initialized
[2026-04-20T20:55:42.087] [DEBUG] debug-file - End initialize project's product build option map with build mode 'debug'.
[2026-04-20T20:55:42.088] [DEBUG] debug-file - Obtain build option for product 'default'in this build.
[2026-04-20T20:55:42.094] [DEBUG] debug-file - No signingConfig found, initRemoteHspCache failed.
[2026-04-20T20:55:42.102] [DEBUG] debug-file - Start recording SDK configuration permission data.
[2026-04-20T20:55:42.135] [DEBUG] debug-file - Sdk init in 36 ms 
[2026-04-20T20:55:42.139] [DEBUG] debug-file - Project task initialization takes 4 ms 
[2026-04-20T20:55:42.139] [DEBUG] debug-file - hvigorfile, resolve finished D:\harmonyos_code\CanvasComponent\hvigorfile.ts
[2026-04-20T20:55:42.140] [DEBUG] debug-file - hvigorfile, resolving D:\harmonyos_code\CanvasComponent\entry\hvigorfile.ts
[2026-04-20T20:55:42.143] [DEBUG] debug-file - hvigorfile, require result:  {}
[2026-04-20T20:55:42.143] [DEBUG] debug-file - hvigorfile, binding system plugins {}
[2026-04-20T20:55:42.143] [DEBUG] debug-file - Starting plugin build process
[2026-04-20T20:55:42.143] [DEBUG] debug-file - Hap plugin creating...
[2026-04-20T20:55:42.144] [DEBUG] debug-file - failed to load cangjie to dynamically generate schemas: Error: Cannot find module '@ohos/cangjie-build-support/index'
Require stack:
- D:\DevEco Studio\tools\hvigor\hvigor-ohos-plugin\src\plugin\hooks\cangjie-register.js
- D:\DevEco Studio\tools\hvigor\hvigor-ohos-plugin\src\plugin\strategy\stage-init-strategy.js
- D:\DevEco Studio\tools\hvigor\hvigor-ohos-plugin\src\plugin\builder\abstract-plugin-builder.js
- D:\DevEco Studio\tools\hvigor\hvigor-ohos-plugin\src\plugin\builder\app-plugin-builder.js
- D:\DevEco Studio\tools\hvigor\hvigor-ohos-plugin\src\plugin\factory\plugin-factory.js
- D:\DevEco Studio\tools\hvigor\hvigor-ohos-plugin\index.js
- D:\harmonyos_code\CanvasComponent\hvigorfile.ts
- D:\DevEco Studio\tools\hvigor\hvigor\src\base\internal\lifecycle\configuration.js
- D:\DevEco Studio\tools\hvigor\hvigor\src\base\boot\index.js
- D:\DevEco Studio\tools\hvigor\hvigor\src\base\daemon\cluster\worker-process-lifecycle.js
- D:\DevEco Studio\tools\hvigor\hvigor\src\base\daemon\process\daemon-process-boot-script.js
[2026-04-20T20:55:42.147] [DEBUG] debug-file - Start initialize module-target build option map, moduleName=entry, buildMode=release
[2026-04-20T20:55:42.147] [DEBUG] debug-file - Target 'default' config initialized
[2026-04-20T20:55:42.147] [DEBUG] debug-file - Module 'entry' target 'default' build option initialized
[2026-04-20T20:55:42.147] [DEBUG] debug-file - End initialize module-target build option map, moduleName=entry
[2026-04-20T20:55:42.147] [DEBUG] debug-file - Start initialize module-target build option map, moduleName=entry, buildMode=debug
[2026-04-20T20:55:42.148] [DEBUG] debug-file - Target 'default' config initialized
[2026-04-20T20:55:42.148] [DEBUG] debug-file - Module 'entry' target 'default' build option initialized
[2026-04-20T20:55:42.148] [DEBUG] debug-file - End initialize module-target build option map, moduleName=entry
[2026-04-20T20:55:42.148] [DEBUG] debug-file - Start initialize module-target build option map, moduleName=entry, buildMode=debug
[2026-04-20T20:55:42.148] [DEBUG] debug-file - Target 'default' config initialized
[2026-04-20T20:55:42.148] [DEBUG] debug-file - Module 'entry' target 'default' build option initialized
[2026-04-20T20:55:42.148] [DEBUG] debug-file - End initialize module-target build option map, moduleName=entry
[2026-04-20T20:55:42.149] [DEBUG] debug-file - Obtain build option for module 'entry' target 'default'in this build.
[2026-04-20T20:55:42.151] [DEBUG] debug-file - Module entry task initialization takes 2 ms 
[2026-04-20T20:55:42.151] [DEBUG] debug-file - Hap plugin register hook start...
[2026-04-20T20:55:42.151] [DEBUG] debug-file - Hap plugin register hook end...
[2026-04-20T20:55:42.151] [DEBUG] debug-file - Plugin build process completed
[2026-04-20T20:55:42.151] [DEBUG] debug-file - hvigorfile, resolve finished D:\harmonyos_code\CanvasComponent\entry\hvigorfile.ts
[2026-04-20T20:55:42.180] [DEBUG] debug-file - hvigorfile, resolve hvigorfile dependencies in 27 ms 
[2026-04-20T20:55:42.180] [DEBUG] debug-file - project has submodules:entry
[2026-04-20T20:55:42.181] [DEBUG] debug-file - start to load updatedOhPackageInfo to the disk
[2026-04-20T20:55:42.182] [DEBUG] debug-file - load to the disk finished
[2026-04-20T20:55:42.183] [DEBUG] debug-file - Start to initialize dependency information.
[2026-04-20T20:55:42.184] [DEBUG] debug-file - Module CanvasComponent Collected Dependency: 
[2026-04-20T20:55:42.184] [DEBUG] debug-file - Module CanvasComponent's total dependency: 0
[2026-04-20T20:55:42.185] [DEBUG] debug-file - Start to initialize dependency information.
[2026-04-20T20:55:42.186] [DEBUG] debug-file - Module entry Collected Dependency: 
[2026-04-20T20:55:42.187] [DEBUG] debug-file - Module entry's total dependency: 0
[2026-04-20T20:55:42.188] [DEBUG] debug-file - Configuration phase cost:129 ms 
[2026-04-20T20:55:42.189] [DEBUG] debug-file - Configuration task cost before running: 143 ms 
[2026-04-20T20:55:42.193] [DEBUG] debug-file - Executing task :entry:default@PreBuild
[2026-04-20T20:55:42.194] [DEBUG] debug-file - Task 'entry:default@PreBuild' cost while wrapping incremental declarations: 1 ms 
[2026-04-20T20:55:42.201] [DEBUG] debug-file - Incremental task entry:default@PreBuild pre-execution cost: 5 ms .
[2026-04-20T20:55:42.201] [DEBUG] debug-file - entry : default@PreBuild cost memory 0.47309112548828125
[2026-04-20T20:55:42.203] [INFO] debug-file - UP-TO-DATE :entry:default@PreBuild...  
[2026-04-20T20:55:42.204] [DEBUG] debug-file - Executing task :entry:default@CreateModuleInfo
[2026-04-20T20:55:42.204] [DEBUG] debug-file - Task 'entry:default@CreateModuleInfo' cost while wrapping incremental declarations: 1 ms 
[2026-04-20T20:55:42.205] [DEBUG] debug-file - entry : default@CreateModuleInfo cost memory -0.76727294921875
[2026-04-20T20:55:42.205] [DEBUG] debug-file - runTaskFromQueue task cost before running: 158 ms 
[2026-04-20T20:55:42.205] [INFO] debug-file - Finished :entry:default@CreateModuleInfo... after 2 ms 
[2026-04-20T20:55:42.206] [DEBUG] debug-file - Executing task :entry:default@GenerateMetadata
[2026-04-20T20:55:42.206] [DEBUG] debug-file - Task 'entry:default@GenerateMetadata' cost while wrapping incremental declarations: 1 ms 
[2026-04-20T20:55:42.207] [DEBUG] debug-file - Incremental task entry:default@GenerateMetadata pre-execution cost: 1 ms .
[2026-04-20T20:55:42.207] [DEBUG] debug-file - entry : default@GenerateMetadata cost memory 0.08477783203125
[2026-04-20T20:55:42.208] [INFO] debug-file - UP-TO-DATE :entry:default@GenerateMetadata...  
[2026-04-20T20:55:42.208] [DEBUG] debug-file - Executing task :entry:default@ConfigureCmake
[2026-04-20T20:55:42.208] [DEBUG] debug-file - entry : default@ConfigureCmake cost memory 0.0145263671875
[2026-04-20T20:55:42.209] [DEBUG] debug-file - runTaskFromQueue task cost before running: 162 ms 
[2026-04-20T20:55:42.209] [INFO] debug-file - Finished :entry:default@ConfigureCmake... after 1 ms 
[2026-04-20T20:55:42.209] [DEBUG] debug-file - Executing task :entry:default@MergeProfile
[2026-04-20T20:55:42.210] [DEBUG] debug-file - Task 'entry:default@MergeProfile' cost while wrapping incremental declarations: 1 ms 
[2026-04-20T20:55:42.211] [DEBUG] debug-file - Incremental task entry:default@MergeProfile pre-execution cost: 2 ms .
[2026-04-20T20:55:42.211] [DEBUG] debug-file - entry : default@MergeProfile cost memory 0.12964630126953125
[2026-04-20T20:55:42.212] [INFO] debug-file - UP-TO-DATE :entry:default@MergeProfile...  
[2026-04-20T20:55:42.212] [DEBUG] debug-file - Executing task :entry:default@CreateBuildProfile
[2026-04-20T20:55:42.213] [DEBUG] debug-file - Task 'entry:default@CreateBuildProfile' cost while wrapping incremental declarations: 1 ms 
[2026-04-20T20:55:42.214] [DEBUG] debug-file - Incremental task entry:default@CreateBuildProfile pre-execution cost: 1 ms .
[2026-04-20T20:55:42.214] [DEBUG] debug-file - entry : default@CreateBuildProfile cost memory 0.1055450439453125
[2026-04-20T20:55:42.214] [INFO] debug-file - UP-TO-DATE :entry:default@CreateBuildProfile...  
[2026-04-20T20:55:42.215] [DEBUG] debug-file - Executing task :entry:default@PreCheckSyscap
[2026-04-20T20:55:42.216] [DEBUG] debug-file - entry : default@PreCheckSyscap cost memory 0.01474761962890625
[2026-04-20T20:55:42.216] [DEBUG] debug-file - runTaskFromQueue task cost before running: 169 ms 
[2026-04-20T20:55:42.216] [INFO] debug-file - Finished :entry:default@PreCheckSyscap... after 1 ms 
[2026-04-20T20:55:42.217] [DEBUG] debug-file - Executing task :entry:default@GeneratePkgContextInfo
[2026-04-20T20:55:42.219] [DEBUG] debug-file - Task 'entry:default@GeneratePkgContextInfo' cost while wrapping incremental declarations: 1 ms 
[2026-04-20T20:55:42.220] [DEBUG] debug-file - entry : default@GeneratePkgContextInfo cost memory 0.15212249755859375
[2026-04-20T20:55:42.220] [DEBUG] debug-file - runTaskFromQueue task cost before running: 173 ms 
[2026-04-20T20:55:42.220] [INFO] debug-file - Finished :entry:default@GeneratePkgContextInfo... after 3 ms 
[2026-04-20T20:55:42.220] [DEBUG] debug-file - Executing task :entry:default@GeneratePkgSdkInfo
[2026-04-20T20:55:42.222] [DEBUG] debug-file - Task 'entry:default@GeneratePkgSdkInfo' cost while wrapping incremental declarations: 1 ms 
[2026-04-20T20:55:42.222] [DEBUG] debug-file - Incremental task entry:default@GeneratePkgSdkInfo pre-execution cost: 1 ms .
[2026-04-20T20:55:42.222] [DEBUG] debug-file - entry : default@GeneratePkgSdkInfo cost memory 0.12882232666015625
[2026-04-20T20:55:42.223] [INFO] debug-file - UP-TO-DATE :entry:default@GeneratePkgSdkInfo...  
[2026-04-20T20:55:42.225] [DEBUG] debug-file - Executing task :entry:default@ProcessIntegratedHsp
[2026-04-20T20:55:42.225] [DEBUG] debug-file - entry:default@ProcessIntegratedHsp is not up-to-date, since the output file 'D:\harmonyos_code\CanvasComponent\build\cache\default\integrated_hsp\integratedHspCache.json' does not exist.
[2026-04-20T20:55:42.225] [DEBUG] debug-file - Incremental task entry:default@ProcessIntegratedHsp pre-execution cost: 1 ms .
[2026-04-20T20:55:42.225] [DEBUG] debug-file - entry : default@ProcessIntegratedHsp cost memory 0.055755615234375
[2026-04-20T20:55:42.225] [DEBUG] debug-file - runTaskFromQueue task cost before running: 179 ms 
[2026-04-20T20:55:42.226] [INFO] debug-file - Finished :entry:default@ProcessIntegratedHsp... after 1 ms 
[2026-04-20T20:55:42.227] [DEBUG] debug-file - Executing task :entry:default@BuildNativeWithCmake
[2026-04-20T20:55:42.227] [DEBUG] debug-file - entry : default@BuildNativeWithCmake cost memory 0.0145263671875
[2026-04-20T20:55:42.227] [DEBUG] debug-file - runTaskFromQueue task cost before running: 180 ms 
[2026-04-20T20:55:42.227] [INFO] debug-file - Finished :entry:default@BuildNativeWithCmake... after 1 ms 
[2026-04-20T20:55:42.228] [DEBUG] debug-file - Executing task :entry:default@MakePackInfo
[2026-04-20T20:55:42.229] [DEBUG] debug-file - Incremental task entry:default@MakePackInfo pre-execution cost: 2 ms .
[2026-04-20T20:55:42.230] [DEBUG] debug-file - entry : default@MakePackInfo cost memory 0.1090545654296875
[2026-04-20T20:55:42.230] [INFO] debug-file - UP-TO-DATE :entry:default@MakePackInfo...  
[2026-04-20T20:55:42.231] [DEBUG] debug-file - Executing task :entry:default@SyscapTransform
[2026-04-20T20:55:42.231] [DEBUG] debug-file - File: 'D:\harmonyos_code\CanvasComponent\entry\src\main\syscap.json' from 'sysCapJsonPath' is not exists, just ignore.
[2026-04-20T20:55:42.231] [DEBUG] debug-file - Task 'entry:default@SyscapTransform' cost while wrapping incremental declarations: 1 ms 
[2026-04-20T20:55:42.233] [DEBUG] debug-file - entry:default@SyscapTransform is not up-to-date, since the output file 'D:\harmonyos_code\CanvasComponent\entry\build\default\intermediates\syscap\default\rpcid.sc' does not exist.
[2026-04-20T20:55:42.233] [DEBUG] debug-file - Incremental task entry:default@SyscapTransform pre-execution cost: 2 ms .
[2026-04-20T20:55:42.233] [DEBUG] debug-file - entry : default@SyscapTransform cost memory 0.15277099609375
[2026-04-20T20:55:42.233] [DEBUG] debug-file - runTaskFromQueue task cost before running: 186 ms 
[2026-04-20T20:55:42.233] [INFO] debug-file - Finished :entry:default@SyscapTransform... after 3 ms 
[2026-04-20T20:55:42.234] [DEBUG] debug-file - Executing task :entry:default@ProcessProfile
[2026-04-20T20:55:42.234] [DEBUG] debug-file - Task 'entry:default@ProcessProfile' cost while wrapping incremental declarations: 1 ms 
[2026-04-20T20:55:42.235] [DEBUG] debug-file - Incremental task entry:default@ProcessProfile pre-execution cost: 1 ms .
[2026-04-20T20:55:42.235] [DEBUG] debug-file - entry : default@ProcessProfile cost memory 0.1234893798828125
[2026-04-20T20:55:42.235] [INFO] debug-file - UP-TO-DATE :entry:default@ProcessProfile...  
[2026-04-20T20:55:42.236] [DEBUG] debug-file - Executing task :entry:default@ProcessRouterMap
[2026-04-20T20:55:42.239] [DEBUG] debug-file - Incremental task entry:default@ProcessRouterMap pre-execution cost: 3 ms .
[2026-04-20T20:55:42.239] [DEBUG] debug-file - entry : default@ProcessRouterMap cost memory -0.6362152099609375
[2026-04-20T20:55:42.239] [INFO] debug-file - UP-TO-DATE :entry:default@ProcessRouterMap...  
[2026-04-20T20:55:42.240] [DEBUG] debug-file - Executing task :entry:default@ProcessShareConfig
[2026-04-20T20:55:42.241] [DEBUG] debug-file - Incremental task entry:default@ProcessShareConfig pre-execution cost: 1 ms .
[2026-04-20T20:55:42.241] [DEBUG] debug-file - entry : default@ProcessShareConfig cost memory 0.1061248779296875
[2026-04-20T20:55:42.242] [INFO] debug-file - UP-TO-DATE :entry:default@ProcessShareConfig...  
[2026-04-20T20:55:42.243] [DEBUG] debug-file - Executing task :entry:default@ProcessStartupConfig
[2026-04-20T20:55:42.243] [DEBUG] debug-file - Task 'entry:default@ProcessStartupConfig' cost while wrapping incremental declarations: 1 ms 
[2026-04-20T20:55:42.243] [DEBUG] debug-file - entry:default@ProcessStartupConfig is not up-to-date, since the output file 'D:\harmonyos_code\CanvasComponent\entry\build\default\intermediates\startup\default\startup_config.json' does not exist.
[2026-04-20T20:55:42.243] [DEBUG] debug-file - Incremental task entry:default@ProcessStartupConfig pre-execution cost: 1 ms .
[2026-04-20T20:55:42.243] [DEBUG] debug-file - entry : default@ProcessStartupConfig cost memory 0.09069061279296875
[2026-04-20T20:55:42.243] [DEBUG] debug-file - runTaskFromQueue task cost before running: 197 ms 
[2026-04-20T20:55:42.244] [INFO] debug-file - Finished :entry:default@ProcessStartupConfig... after 1 ms 
[2026-04-20T20:55:42.244] [DEBUG] debug-file - Executing task :entry:default@BuildNativeWithNinja
[2026-04-20T20:55:42.244] [DEBUG] debug-file - entry : default@BuildNativeWithNinja cost memory 0.0203857421875
[2026-04-20T20:55:42.245] [DEBUG] debug-file - runTaskFromQueue task cost before running: 198 ms 
[2026-04-20T20:55:42.245] [INFO] debug-file - Finished :entry:default@BuildNativeWithNinja... after 1 ms 
[2026-04-20T20:55:42.246] [DEBUG] debug-file - restool module names: entry; moduleName=entry, taskName=default@ProcessResource
[2026-04-20T20:55:42.246] [DEBUG] debug-file - Executing task :entry:default@ProcessResource
[2026-04-20T20:55:42.247] [DEBUG] debug-file - Task 'entry:default@ProcessResource' cost while wrapping incremental declarations: 1 ms 
[2026-04-20T20:55:42.248] [DEBUG] debug-file - Incremental task entry:default@ProcessResource pre-execution cost: 2 ms .
[2026-04-20T20:55:42.248] [DEBUG] debug-file - entry : default@ProcessResource cost memory -0.6674041748046875
[2026-04-20T20:55:42.249] [INFO] debug-file - UP-TO-DATE :entry:default@ProcessResource...  
[2026-04-20T20:55:42.250] [DEBUG] debug-file - Executing task :entry:default@GenerateLoaderJson
[2026-04-20T20:55:42.251] [DEBUG] debug-file - Task 'entry:default@GenerateLoaderJson' cost while wrapping incremental declarations: 1 ms 
[2026-04-20T20:55:42.255] [DEBUG] debug-file - Incremental task entry:default@GenerateLoaderJson pre-execution cost: 3 ms .
[2026-04-20T20:55:42.255] [DEBUG] debug-file - entry : default@GenerateLoaderJson cost memory 0.4317626953125
[2026-04-20T20:55:42.258] [INFO] debug-file - UP-TO-DATE :entry:default@GenerateLoaderJson...  
[2026-04-20T20:55:42.259] [DEBUG] debug-file - Executing task :entry:default@ProcessLibs
[2026-04-20T20:55:42.260] [DEBUG] debug-file - Incremental task entry:default@ProcessLibs pre-execution cost: 1 ms .
[2026-04-20T20:55:42.261] [DEBUG] debug-file - entry : default@ProcessLibs cost memory 0.099273681640625
[2026-04-20T20:55:42.261] [INFO] debug-file - UP-TO-DATE :entry:default@ProcessLibs...  
[2026-04-20T20:55:42.262] [DEBUG] debug-file - restool module names: entry; moduleName=entry, taskName=default@CompileResource
[2026-04-20T20:55:42.262] [DEBUG] debug-file - Executing task :entry:default@CompileResource
[2026-04-20T20:55:42.274] [DEBUG] debug-file - Incremental task entry:default@CompileResource pre-execution cost: 12 ms .
[2026-04-20T20:55:42.274] [DEBUG] debug-file - entry : default@CompileResource cost memory -0.04047393798828125
[2026-04-20T20:55:42.275] [INFO] debug-file - UP-TO-DATE :entry:default@CompileResource...  
[2026-04-20T20:55:42.276] [DEBUG] debug-file - Executing task :entry:default@DoNativeStrip
[2026-04-20T20:55:42.276] [DEBUG] debug-file - File: 'D:\harmonyos_code\CanvasComponent\entry\build\default\intermediates\binxo\default' from 'doBinxoNativeLibs' is not exists, just ignore.
[2026-04-20T20:55:42.276] [DEBUG] debug-file - Task 'entry:default@DoNativeStrip' cost while wrapping incremental declarations: 1 ms 
[2026-04-20T20:55:42.277] [DEBUG] debug-file - Incremental task entry:default@DoNativeStrip pre-execution cost: 1 ms .
[2026-04-20T20:55:42.277] [DEBUG] debug-file - entry : default@DoNativeStrip cost memory 0.09482574462890625
[2026-04-20T20:55:42.277] [INFO] debug-file - UP-TO-DATE :entry:default@DoNativeStrip...  
[2026-04-20T20:55:42.279] [DEBUG] debug-file - Executing task :entry:default@CompileArkTS
[2026-04-20T20:55:42.279] [DEBUG] debug-file - obfuscationOptions: undefined
[2026-04-20T20:55:42.279] [DEBUG] debug-file - Task 'entry:default@CompileArkTS' cost while wrapping incremental declarations: 1 ms 
[2026-04-20T20:55:42.287] [DEBUG] debug-file - Incremental task entry:default@CompileArkTS pre-execution cost: 7 ms .
[2026-04-20T20:55:42.287] [DEBUG] debug-file - entry : default@CompileArkTS cost memory -0.26676177978515625
[2026-04-20T20:55:42.288] [INFO] debug-file - UP-TO-DATE :entry:default@CompileArkTS...  
[2026-04-20T20:55:42.289] [DEBUG] debug-file - Executing task :entry:default@BuildJS
[2026-04-20T20:55:42.290] [DEBUG] debug-file - Task 'entry:default@BuildJS' cost while wrapping incremental declarations: 1 ms 
[2026-04-20T20:55:42.292] [DEBUG] debug-file - entry : default@BuildJS cost memory 0.14400482177734375
[2026-04-20T20:55:42.292] [DEBUG] debug-file - runTaskFromQueue task cost before running: 245 ms 
[2026-04-20T20:55:42.292] [INFO] debug-file - Finished :entry:default@BuildJS... after 3 ms 
[2026-04-20T20:55:42.293] [DEBUG] debug-file - Executing task :entry:default@CacheNativeLibs
[2026-04-20T20:55:42.293] [DEBUG] debug-file - File: 'D:\harmonyos_code\CanvasComponent\entry\build\default\intermediates\binxo\default' from 'cacheBinxoNativeLibs' is not exists, just ignore.
[2026-04-20T20:55:42.293] [DEBUG] debug-file - Task 'entry:default@CacheNativeLibs' cost while wrapping incremental declarations: 1 ms 
[2026-04-20T20:55:42.295] [DEBUG] debug-file - Incremental task entry:default@CacheNativeLibs pre-execution cost: 2 ms .
[2026-04-20T20:55:42.295] [DEBUG] debug-file - entry : default@CacheNativeLibs cost memory 0.12540435791015625
[2026-04-20T20:55:42.295] [INFO] debug-file - UP-TO-DATE :entry:default@CacheNativeLibs...  
[2026-04-20T20:55:42.296] [DEBUG] debug-file - Executing task :entry:default@GeneratePkgModuleJson
[2026-04-20T20:55:42.296] [DEBUG] debug-file - File: 'D:\harmonyos_code\CanvasComponent\entry\build\default\intermediates\preload\default\preload.json' from 'preloadSoJsonPath' is not exists, just ignore.
[2026-04-20T20:55:42.297] [DEBUG] debug-file - Error occurs while handling @Input 'shouldDeduplicateHar': The "data" argument must be of type string or an instance of Buffer, TypedArray, or DataView. Received undefined
[2026-04-20T20:55:42.297] [DEBUG] debug-file - Task 'entry:default@GeneratePkgModuleJson' cost while wrapping incremental declarations: 1 ms 
[2026-04-20T20:55:42.298] [DEBUG] debug-file - Incremental task entry:default@GeneratePkgModuleJson pre-execution cost: 1 ms .
[2026-04-20T20:55:42.298] [DEBUG] debug-file - entry : default@GeneratePkgModuleJson cost memory 0.10449981689453125
[2026-04-20T20:55:42.299] [INFO] debug-file - UP-TO-DATE :entry:default@GeneratePkgModuleJson...  
[2026-04-20T20:55:42.300] [DEBUG] debug-file - Executing task :entry:default@ProcessCompiledResources
[2026-04-20T20:55:42.300] [DEBUG] debug-file - File: 'D:\harmonyos_code\CanvasComponent\entry\build\default\intermediates\preload\default\preload.json' from 'preloadSoJsonPath' is not exists, just ignore.
[2026-04-20T20:55:42.300] [DEBUG] debug-file - Task 'entry:default@ProcessCompiledResources' cost while wrapping incremental declarations: 1 ms 
[2026-04-20T20:55:42.301] [DEBUG] debug-file - entry : default@ProcessCompiledResources cost memory 0.05743408203125
[2026-04-20T20:55:42.301] [DEBUG] debug-file - runTaskFromQueue task cost before running: 255 ms 
[2026-04-20T20:55:42.302] [INFO] debug-file - Finished :entry:default@ProcessCompiledResources... after 2 ms 
[2026-04-20T20:55:42.304] [DEBUG] debug-file - Executing task :entry:default@PackageHap
[2026-04-20T20:55:42.312] [DEBUG] debug-file - Incremental task entry:default@PackageHap pre-execution cost: 7 ms .
[2026-04-20T20:55:42.312] [DEBUG] debug-file - entry : default@PackageHap cost memory -0.3144989013671875
[2026-04-20T20:55:42.313] [INFO] debug-file - UP-TO-DATE :entry:default@PackageHap...  
[2026-04-20T20:55:42.313] [DEBUG] debug-file - Executing task :entry:default@PackingCheck
[2026-04-20T20:55:42.317] [DEBUG] debug-file - entry : default@PackingCheck cost memory 0.360870361328125
[2026-04-20T20:55:42.317] [DEBUG] debug-file - runTaskFromQueue task cost before running: 270 ms 
[2026-04-20T20:55:42.317] [INFO] debug-file - Finished :entry:default@PackingCheck... after 4 ms 
[2026-04-20T20:55:42.318] [DEBUG] debug-file - Executing task :entry:default@SignHap
[2026-04-20T20:55:42.318] [WARN] debug-file - Will skip sign 'hos_hap'. No signingConfigs profile is configured in current project.
             If needed, configure the signingConfigs in D:\harmonyos_code\CanvasComponent\build-profile.json5.
[2026-04-20T20:55:42.320] [DEBUG] debug-file - entry:default@SignHap is not up-to-date, since the output file 'D:\harmonyos_code\CanvasComponent\entry\build\default\outputs\default\entry-default-signed.hap' does not exist.
[2026-04-20T20:55:42.320] [DEBUG] debug-file - Incremental task entry:default@SignHap pre-execution cost: 1 ms .
[2026-04-20T20:55:42.320] [DEBUG] debug-file - entry : default@SignHap cost memory 0.09128570556640625
[2026-04-20T20:55:42.320] [DEBUG] debug-file - runTaskFromQueue task cost before running: 274 ms 
[2026-04-20T20:55:42.321] [INFO] debug-file - Finished :entry:default@SignHap... after 2 ms 
[2026-04-20T20:55:42.323] [DEBUG] debug-file - Executing task :entry:default@CollectDebugSymbol
[2026-04-20T20:55:42.324] [DEBUG] debug-file - entry : default@CollectDebugSymbol cost memory 0.084869384765625
[2026-04-20T20:55:42.324] [DEBUG] debug-file - runTaskFromQueue task cost before running: 277 ms 
[2026-04-20T20:55:42.324] [INFO] debug-file - Finished :entry:default@CollectDebugSymbol... after 2 ms 
[2026-04-20T20:55:42.324] [DEBUG] debug-file - Executing task :entry:assembleHap
[2026-04-20T20:55:42.324] [DEBUG] debug-file - entry : assembleHap cost memory 0.0126800537109375
[2026-04-20T20:55:42.324] [DEBUG] debug-file - runTaskFromQueue task cost before running: 277 ms 
[2026-04-20T20:55:42.324] [INFO] debug-file - Finished :entry:assembleHap... after 1 ms 
[2026-04-20T20:55:42.338] [INFO] debug-file - BUILD SUCCESSFUL in 291 ms 
[2026-04-20T20:55:42.338] [DEBUG] debug-file - There is no need to refresh cache, since the incremental task entry:default@PreBuild is up-to-date.
[2026-04-20T20:55:42.338] [DEBUG] debug-file - Update task entry:default@CreateModuleInfo output file:D:\harmonyos_code\CanvasComponent\entry\build\default\generated\profile\default\ModuleInfo.ts cache.
[2026-04-20T20:55:42.338] [DEBUG] debug-file - Incremental task entry:default@CreateModuleInfo post-execution cost:1 ms .
[2026-04-20T20:55:42.338] [DEBUG] debug-file - There is no need to refresh cache, since the incremental task entry:default@GenerateMetadata is up-to-date.
[2026-04-20T20:55:42.339] [DEBUG] debug-file - There is no need to refresh cache, since the incremental task entry:default@MergeProfile is up-to-date.
[2026-04-20T20:55:42.339] [DEBUG] debug-file - There is no need to refresh cache, since the incremental task entry:default@CreateBuildProfile is up-to-date.
[2026-04-20T20:55:42.339] [DEBUG] debug-file - Update task entry:default@GeneratePkgContextInfo output file:D:\harmonyos_code\CanvasComponent\entry\build\default\intermediates\loader\default\pkgContextInfo.json cache.
[2026-04-20T20:55:42.340] [DEBUG] debug-file - Incremental task entry:default@GeneratePkgContextInfo post-execution cost:1 ms .
[2026-04-20T20:55:42.340] [DEBUG] debug-file - There is no need to refresh cache, since the incremental task entry:default@GeneratePkgSdkInfo is up-to-date.
[2026-04-20T20:55:42.340] [DEBUG] debug-file - Update task entry:default@ProcessIntegratedHsp output file:D:\harmonyos_code\CanvasComponent\build\cache\default\integrated_hsp\integratedHspCache.json cache.
[2026-04-20T20:55:42.340] [DEBUG] debug-file - Incremental task entry:default@ProcessIntegratedHsp post-execution cost:1 ms .
[2026-04-20T20:55:42.340] [DEBUG] debug-file - There is no need to refresh cache, since the incremental task entry:default@MakePackInfo is up-to-date.
[2026-04-20T20:55:42.340] [DEBUG] debug-file - Update task entry:default@SyscapTransform input file:D:\DevEco Studio\sdk\default\openharmony\toolchains\syscap_tool.exe cache by regenerate.
[2026-04-20T20:55:42.340] [DEBUG] debug-file - Update task entry:default@SyscapTransform input file:D:\DevEco Studio\sdk\default\openharmony\ets\api\device-define cache by regenerate.
[2026-04-20T20:55:42.341] [DEBUG] debug-file - Update task entry:default@SyscapTransform output file:D:\harmonyos_code\CanvasComponent\entry\build\default\intermediates\syscap\default\rpcid.sc cache.
[2026-04-20T20:55:42.342] [DEBUG] debug-file - Incremental task entry:default@SyscapTransform post-execution cost:2 ms .
[2026-04-20T20:55:42.342] [DEBUG] debug-file - There is no need to refresh cache, since the incremental task entry:default@ProcessProfile is up-to-date.
[2026-04-20T20:55:42.342] [DEBUG] debug-file - There is no need to refresh cache, since the incremental task entry:default@ProcessRouterMap is up-to-date.
[2026-04-20T20:55:42.342] [DEBUG] debug-file - There is no need to refresh cache, since the incremental task entry:default@ProcessShareConfig is up-to-date.
[2026-04-20T20:55:42.342] [DEBUG] debug-file - Update task entry:default@ProcessStartupConfig output file:D:\harmonyos_code\CanvasComponent\entry\build\default\intermediates\startup\default\startup_config.json cache.
[2026-04-20T20:55:42.342] [DEBUG] debug-file - Incremental task entry:default@ProcessStartupConfig post-execution cost:1 ms .
[2026-04-20T20:55:42.342] [DEBUG] debug-file - There is no need to refresh cache, since the incremental task entry:default@ProcessResource is up-to-date.
[2026-04-20T20:55:42.342] [DEBUG] debug-file - There is no need to refresh cache, since the incremental task entry:default@GenerateLoaderJson is up-to-date.
[2026-04-20T20:55:42.342] [DEBUG] debug-file - There is no need to refresh cache, since the incremental task entry:default@ProcessLibs is up-to-date.
[2026-04-20T20:55:42.342] [DEBUG] debug-file - There is no need to refresh cache, since the incremental task entry:default@CompileResource is up-to-date.
[2026-04-20T20:55:42.342] [DEBUG] debug-file - There is no need to refresh cache, since the incremental task entry:default@DoNativeStrip is up-to-date.
[2026-04-20T20:55:42.342] [DEBUG] debug-file - There is no need to refresh cache, since the incremental task entry:default@CompileArkTS is up-to-date.
[2026-04-20T20:55:42.343] [DEBUG] debug-file - Update task entry:default@BuildJS input file:D:\harmonyos_code\CanvasComponent\entry\build\default\intermediates\loader\default cache by regenerate.
[2026-04-20T20:55:42.344] [DEBUG] debug-file - Update task entry:default@BuildJS input file:D:\harmonyos_code\CanvasComponent\entry\build\default\intermediates\res\default\ResourceTable.txt cache by regenerate.
[2026-04-20T20:55:42.344] [DEBUG] debug-file - Update task entry:default@BuildJS input file:D:\harmonyos_code\CanvasComponent\entry\build\default\intermediates\res\default\ark_module.json cache by regenerate.
[2026-04-20T20:55:42.344] [DEBUG] debug-file - Update task entry:default@BuildJS input file:D:\harmonyos_code\CanvasComponent\entry\build\default\intermediates\res\default\resources\base\profile cache by regenerate.
[2026-04-20T20:55:42.345] [DEBUG] debug-file - Update task entry:default@BuildJS output file:D:\harmonyos_code\CanvasComponent\entry\build\default\intermediates\loader_out\default\js cache.
[2026-04-20T20:55:42.346] [DEBUG] debug-file - Incremental task entry:default@BuildJS post-execution cost:3 ms .
[2026-04-20T20:55:42.346] [DEBUG] debug-file - There is no need to refresh cache, since the incremental task entry:default@CacheNativeLibs is up-to-date.
[2026-04-20T20:55:42.346] [DEBUG] debug-file - There is no need to refresh cache, since the incremental task entry:default@GeneratePkgModuleJson is up-to-date.
[2026-04-20T20:55:42.346] [DEBUG] debug-file - Incremental task entry:default@ProcessCompiledResources post-execution cost:1 ms .
[2026-04-20T20:55:42.346] [DEBUG] debug-file - There is no need to refresh cache, since the incremental task entry:default@PackageHap is up-to-date.
[2026-04-20T20:55:42.346] [DEBUG] debug-file - Update task entry:default@SignHap input file:D:\harmonyos_code\CanvasComponent\entry\build\default\outputs\default\entry-default-unsigned.hap cache by regenerate.
[2026-04-20T20:55:42.346] [DEBUG] debug-file - Update task entry:default@SignHap output file:D:\harmonyos_code\CanvasComponent\entry\build\default\outputs\default\entry-default-signed.hap cache.
[2026-04-20T20:55:42.346] [DEBUG] debug-file - Incremental task entry:default@SignHap post-execution cost:1 ms .
[2026-04-20T20:55:42.347] [DEBUG] debug-file - Update task entry:default@CollectDebugSymbol input file:D:\harmonyos_code\CanvasComponent\entry\build\default\intermediates\loader_out\default\ets\sourceMaps.map cache by regenerate.
[2026-04-20T20:55:42.347] [DEBUG] debug-file - Update task entry:default@CollectDebugSymbol input file:D:\harmonyos_code\CanvasComponent\entry\build\default\intermediates\libs\default cache by regenerate.
[2026-04-20T20:55:42.347] [DEBUG] debug-file - Update task entry:default@CollectDebugSymbol output file:D:\harmonyos_code\CanvasComponent\entry\build\default\outputs\default\symbol cache.
[2026-04-20T20:55:42.347] [DEBUG] debug-file - Incremental task entry:default@CollectDebugSymbol post-execution cost:1 ms .
[2026-04-20T20:55:42.371] [DEBUG] debug-file - hvigor build process will be closed.
[2026-04-20T20:55:42.376] [DEBUG] debug-file - session manager: send message to worker process.
[2026-04-20T20:55:42.377] [DEBUG] debug-file - session manager: send message to worker process.
[2026-04-20T20:55:42.377] [DEBUG] debug-file - watch worker: worker id should be larger than 0. Nothing will be sent to any worker thread.
[2026-04-20T20:55:42.377] [DEBUG] debug-file - watch worker: worker id should be larger than 0. Nothing will be sent to any worker thread.
[2026-04-20T20:56:21.429] [DEBUG] debug-file - session manager: set active socket. socketId=rBVux0hEqezn2aXbAAAH
[2026-04-20T20:56:21.434] [DEBUG] debug-file - watch worker: worker id should be larger than 0. Nothing will be sent to any worker thread.
[2026-04-20T20:56:21.436] [DEBUG] debug-file - Workers' log level updated to INFO
[2026-04-20T20:56:21.439] [DEBUG] debug-file - Hvigor init with startParameters:{
  hvigorfileTypeCheck: false,
  parallelExecution: true,
  incrementalExecution: true,
  printStackTrace: false,
  daemon: true,
  analyze: 0,
  logLevel: Level { level: 20000, levelStr: 'INFO', colour: 'green' },
  optimizationStrategy: 'memory',
  hotCompile: undefined,
  hotReloadBuild: undefined,
  customizedParam: undefined
}
[2026-04-20T20:56:21.441] [DEBUG] debug-file - Cache service initialization finished in 3 ms 
[2026-04-20T20:56:21.442] [DEBUG] debug-file - hvigorfile, resolving D:\harmonyos_code\CanvasComponent\hvigorfile.ts
[2026-04-20T20:56:21.446] [DEBUG] debug-file - hvigorfile, require result:  {}
[2026-04-20T20:56:21.446] [DEBUG] debug-file - hvigorfile, binding system plugins {}
[2026-04-20T20:56:21.446] [DEBUG] debug-file - Starting plugin build process
[2026-04-20T20:56:21.446] [DEBUG] debug-file - App plugin prepare start...
[2026-04-20T20:56:21.446] [DEBUG] debug-file - App plugin prepare end...
[2026-04-20T20:56:21.446] [DEBUG] debug-file - App plugin creating...
[2026-04-20T20:56:21.451] [DEBUG] debug-file - App plugin register hook start...
[2026-04-20T20:56:21.451] [DEBUG] debug-file - App plugin register hook end...
[2026-04-20T20:56:21.451] [DEBUG] debug-file - Plugin build process completed
[2026-04-20T20:56:21.451] [DEBUG] debug-file - Start initialize project's product build option map with build mode debug.
[2026-04-20T20:56:21.451] [DEBUG] debug-file - Picking option from product 'default' with build mode 'debug'.
[2026-04-20T20:56:21.452] [DEBUG] debug-file - Product 'default' build option initialized
[2026-04-20T20:56:21.452] [DEBUG] debug-file - End initialize project's product build option map with build mode 'debug'.
[2026-04-20T20:56:21.452] [DEBUG] debug-file - Obtain build option for product 'default'in this build.
[2026-04-20T20:56:21.453] [DEBUG] debug-file - No signingConfig found, initRemoteHspCache failed.
[2026-04-20T20:56:21.457] [DEBUG] debug-file - Start recording SDK configuration permission data.
[2026-04-20T20:56:21.484] [DEBUG] debug-file - Sdk init in 31 ms 
[2026-04-20T20:56:21.487] [DEBUG] debug-file - Project task initialization takes 3 ms 
[2026-04-20T20:56:21.487] [DEBUG] debug-file - hvigorfile, resolve finished D:\harmonyos_code\CanvasComponent\hvigorfile.ts
[2026-04-20T20:56:21.488] [DEBUG] debug-file - hvigorfile, resolving D:\harmonyos_code\CanvasComponent\entry\hvigorfile.ts
[2026-04-20T20:56:21.491] [DEBUG] debug-file - hvigorfile, require result:  {}
[2026-04-20T20:56:21.491] [DEBUG] debug-file - hvigorfile, binding system plugins {}
[2026-04-20T20:56:21.492] [DEBUG] debug-file - Starting plugin build process
[2026-04-20T20:56:21.492] [DEBUG] debug-file - Hap plugin creating...
[2026-04-20T20:56:21.493] [DEBUG] debug-file - failed to load cangjie to dynamically generate schemas: Error: Cannot find module '@ohos/cangjie-build-support/index'
Require stack:
- D:\DevEco Studio\tools\hvigor\hvigor-ohos-plugin\src\plugin\hooks\cangjie-register.js
- D:\DevEco Studio\tools\hvigor\hvigor-ohos-plugin\src\plugin\strategy\stage-init-strategy.js
- D:\DevEco Studio\tools\hvigor\hvigor-ohos-plugin\src\plugin\builder\abstract-plugin-builder.js
- D:\DevEco Studio\tools\hvigor\hvigor-ohos-plugin\src\plugin\builder\app-plugin-builder.js
- D:\DevEco Studio\tools\hvigor\hvigor-ohos-plugin\src\plugin\factory\plugin-factory.js
- D:\DevEco Studio\tools\hvigor\hvigor-ohos-plugin\index.js
- D:\harmonyos_code\CanvasComponent\hvigorfile.ts
- D:\DevEco Studio\tools\hvigor\hvigor\src\base\internal\lifecycle\configuration.js
- D:\DevEco Studio\tools\hvigor\hvigor\src\base\boot\index.js
- D:\DevEco Studio\tools\hvigor\hvigor\src\base\daemon\cluster\worker-process-lifecycle.js
- D:\DevEco Studio\tools\hvigor\hvigor\src\base\daemon\process\daemon-process-boot-script.js
[2026-04-20T20:56:21.494] [DEBUG] debug-file - Start initialize module-target build option map, moduleName=entry, buildMode=release
[2026-04-20T20:56:21.494] [DEBUG] debug-file - Target 'default' config initialized
[2026-04-20T20:56:21.494] [DEBUG] debug-file - Module 'entry' target 'default' build option initialized
[2026-04-20T20:56:21.494] [DEBUG] debug-file - End initialize module-target build option map, moduleName=entry
[2026-04-20T20:56:21.494] [DEBUG] debug-file - Start initialize module-target build option map, moduleName=entry, buildMode=debug
[2026-04-20T20:56:21.494] [DEBUG] debug-file - Target 'default' config initialized
[2026-04-20T20:56:21.495] [DEBUG] debug-file - Module 'entry' target 'default' build option initialized
[2026-04-20T20:56:21.495] [DEBUG] debug-file - End initialize module-target build option map, moduleName=entry
[2026-04-20T20:56:21.495] [DEBUG] debug-file - Start initialize module-target build option map, moduleName=entry, buildMode=debug
[2026-04-20T20:56:21.495] [DEBUG] debug-file - Target 'default' config initialized
[2026-04-20T20:56:21.495] [DEBUG] debug-file - Module 'entry' target 'default' build option initialized
[2026-04-20T20:56:21.495] [DEBUG] debug-file - End initialize module-target build option map, moduleName=entry
[2026-04-20T20:56:21.495] [DEBUG] debug-file - Obtain build option for module 'entry' target 'default'in this build.
[2026-04-20T20:56:21.497] [DEBUG] debug-file - Module entry task initialization takes 2 ms 
[2026-04-20T20:56:21.497] [DEBUG] debug-file - Hap plugin register hook start...
[2026-04-20T20:56:21.497] [DEBUG] debug-file - Hap plugin register hook end...
[2026-04-20T20:56:21.497] [DEBUG] debug-file - Plugin build process completed
[2026-04-20T20:56:21.497] [DEBUG] debug-file - hvigorfile, resolve finished D:\harmonyos_code\CanvasComponent\entry\hvigorfile.ts
[2026-04-20T20:56:21.512] [DEBUG] debug-file - hvigorfile, resolve hvigorfile dependencies in 15 ms 
[2026-04-20T20:56:21.513] [DEBUG] debug-file - project has submodules:entry
[2026-04-20T20:56:21.514] [DEBUG] debug-file - start to load updatedOhPackageInfo to the disk
[2026-04-20T20:56:21.515] [DEBUG] debug-file - load to the disk finished
[2026-04-20T20:56:21.515] [DEBUG] debug-file - Start to initialize dependency information.
[2026-04-20T20:56:21.516] [DEBUG] debug-file - Module CanvasComponent Collected Dependency: 
[2026-04-20T20:56:21.516] [DEBUG] debug-file - Module CanvasComponent's total dependency: 0
[2026-04-20T20:56:21.516] [DEBUG] debug-file - Start to initialize dependency information.
[2026-04-20T20:56:21.517] [DEBUG] debug-file - Module entry Collected Dependency: 
[2026-04-20T20:56:21.518] [DEBUG] debug-file - Module entry's total dependency: 0
[2026-04-20T20:56:21.519] [DEBUG] debug-file - Configuration phase cost:78 ms 
[2026-04-20T20:56:21.519] [DEBUG] debug-file - Configuration task cost before running: 83 ms 
[2026-04-20T20:56:21.521] [DEBUG] debug-file - Executing task :entry:default@PreBuild
[2026-04-20T20:56:21.522] [DEBUG] debug-file - Task 'entry:default@PreBuild' cost while wrapping incremental declarations: 1 ms 
[2026-04-20T20:56:21.528] [DEBUG] debug-file - Incremental task entry:default@PreBuild pre-execution cost: 4 ms .
[2026-04-20T20:56:21.528] [DEBUG] debug-file - entry : default@PreBuild cost memory 0.29080963134765625
[2026-04-20T20:56:21.529] [INFO] debug-file - UP-TO-DATE :entry:default@PreBuild...  
[2026-04-20T20:56:21.530] [DEBUG] debug-file - Executing task :entry:default@CreateModuleInfo
[2026-04-20T20:56:21.530] [DEBUG] debug-file - Task 'entry:default@CreateModuleInfo' cost while wrapping incremental declarations: 1 ms 
[2026-04-20T20:56:21.531] [DEBUG] debug-file - entry : default@CreateModuleInfo cost memory 0.04154205322265625
[2026-04-20T20:56:21.531] [DEBUG] debug-file - runTaskFromQueue task cost before running: 95 ms 
[2026-04-20T20:56:21.531] [INFO] debug-file - Finished :entry:default@CreateModuleInfo... after 1 ms 
[2026-04-20T20:56:21.533] [DEBUG] debug-file - Executing task :entry:default@GenerateMetadata
[2026-04-20T20:56:21.533] [DEBUG] debug-file - Task 'entry:default@GenerateMetadata' cost while wrapping incremental declarations: 1 ms 
[2026-04-20T20:56:21.533] [DEBUG] debug-file - Incremental task entry:default@GenerateMetadata pre-execution cost: 1 ms .
[2026-04-20T20:56:21.534] [DEBUG] debug-file - entry : default@GenerateMetadata cost memory 0.08432769775390625
[2026-04-20T20:56:21.534] [INFO] debug-file - UP-TO-DATE :entry:default@GenerateMetadata...  
[2026-04-20T20:56:21.534] [DEBUG] debug-file - Executing task :entry:default@ConfigureCmake
[2026-04-20T20:56:21.534] [DEBUG] debug-file - entry : default@ConfigureCmake cost memory 0.0145263671875
[2026-04-20T20:56:21.534] [DEBUG] debug-file - runTaskFromQueue task cost before running: 98 ms 
[2026-04-20T20:56:21.534] [INFO] debug-file - Finished :entry:default@ConfigureCmake... after 1 ms 
[2026-04-20T20:56:21.535] [DEBUG] debug-file - Executing task :entry:default@MergeProfile
[2026-04-20T20:56:21.535] [DEBUG] debug-file - Task 'entry:default@MergeProfile' cost while wrapping incremental declarations: 1 ms 
[2026-04-20T20:56:21.537] [DEBUG] debug-file - Incremental task entry:default@MergeProfile pre-execution cost: 2 ms .
[2026-04-20T20:56:21.537] [DEBUG] debug-file - entry : default@MergeProfile cost memory 0.12958526611328125
[2026-04-20T20:56:21.537] [INFO] debug-file - UP-TO-DATE :entry:default@MergeProfile...  
[2026-04-20T20:56:21.538] [DEBUG] debug-file - Executing task :entry:default@CreateBuildProfile
[2026-04-20T20:56:21.538] [DEBUG] debug-file - Task 'entry:default@CreateBuildProfile' cost while wrapping incremental declarations: 1 ms 
[2026-04-20T20:56:21.539] [DEBUG] debug-file - Incremental task entry:default@CreateBuildProfile pre-execution cost: 1 ms .
[2026-04-20T20:56:21.539] [DEBUG] debug-file - entry : default@CreateBuildProfile cost memory 0.10552978515625
[2026-04-20T20:56:21.539] [INFO] debug-file - UP-TO-DATE :entry:default@CreateBuildProfile...  
[2026-04-20T20:56:21.540] [DEBUG] debug-file - Executing task :entry:default@PreCheckSyscap
[2026-04-20T20:56:21.540] [DEBUG] debug-file - entry : default@PreCheckSyscap cost memory 0.01474761962890625
[2026-04-20T20:56:21.540] [DEBUG] debug-file - runTaskFromQueue task cost before running: 104 ms 
[2026-04-20T20:56:21.540] [INFO] debug-file - Finished :entry:default@PreCheckSyscap... after 1 ms 
[2026-04-20T20:56:21.541] [DEBUG] debug-file - Executing task :entry:default@GeneratePkgContextInfo
[2026-04-20T20:56:21.543] [DEBUG] debug-file - Task 'entry:default@GeneratePkgContextInfo' cost while wrapping incremental declarations: 1 ms 
[2026-04-20T20:56:21.543] [DEBUG] debug-file - entry : default@GeneratePkgContextInfo cost memory 0.1578216552734375
[2026-04-20T20:56:21.543] [DEBUG] debug-file - runTaskFromQueue task cost before running: 107 ms 
[2026-04-20T20:56:21.543] [INFO] debug-file - Finished :entry:default@GeneratePkgContextInfo... after 3 ms 
[2026-04-20T20:56:21.544] [DEBUG] debug-file - Executing task :entry:default@GeneratePkgSdkInfo
[2026-04-20T20:56:21.545] [DEBUG] debug-file - Task 'entry:default@GeneratePkgSdkInfo' cost while wrapping incremental declarations: 1 ms 
[2026-04-20T20:56:21.545] [DEBUG] debug-file - Incremental task entry:default@GeneratePkgSdkInfo pre-execution cost: 1 ms .
[2026-04-20T20:56:21.545] [DEBUG] debug-file - entry : default@GeneratePkgSdkInfo cost memory 0.12868499755859375
[2026-04-20T20:56:21.545] [INFO] debug-file - UP-TO-DATE :entry:default@GeneratePkgSdkInfo...  
[2026-04-20T20:56:21.547] [DEBUG] debug-file - Executing task :entry:default@ProcessIntegratedHsp
[2026-04-20T20:56:21.547] [DEBUG] debug-file - entry:default@ProcessIntegratedHsp is not up-to-date, since the output file 'D:\harmonyos_code\CanvasComponent\build\cache\default\integrated_hsp\integratedHspCache.json' does not exist.
[2026-04-20T20:56:21.547] [DEBUG] debug-file - Incremental task entry:default@ProcessIntegratedHsp pre-execution cost: 1 ms .
[2026-04-20T20:56:21.547] [DEBUG] debug-file - entry : default@ProcessIntegratedHsp cost memory 0.05599212646484375
[2026-04-20T20:56:21.547] [DEBUG] debug-file - runTaskFromQueue task cost before running: 111 ms 
[2026-04-20T20:56:21.548] [INFO] debug-file - Finished :entry:default@ProcessIntegratedHsp... after 1 ms 
[2026-04-20T20:56:21.548] [DEBUG] debug-file - Executing task :entry:default@BuildNativeWithCmake
[2026-04-20T20:56:21.548] [DEBUG] debug-file - entry : default@BuildNativeWithCmake cost memory 0.0145263671875
[2026-04-20T20:56:21.548] [DEBUG] debug-file - runTaskFromQueue task cost before running: 112 ms 
[2026-04-20T20:56:21.549] [INFO] debug-file - Finished :entry:default@BuildNativeWithCmake... after 1 ms 
[2026-04-20T20:56:21.549] [DEBUG] debug-file - Executing task :entry:default@MakePackInfo
[2026-04-20T20:56:21.550] [DEBUG] debug-file - Incremental task entry:default@MakePackInfo pre-execution cost: 2 ms .
[2026-04-20T20:56:21.550] [DEBUG] debug-file - entry : default@MakePackInfo cost memory 0.10875701904296875
[2026-04-20T20:56:21.551] [INFO] debug-file - UP-TO-DATE :entry:default@MakePackInfo...  
[2026-04-20T20:56:21.552] [DEBUG] debug-file - Executing task :entry:default@SyscapTransform
[2026-04-20T20:56:21.553] [DEBUG] debug-file - File: 'D:\harmonyos_code\CanvasComponent\entry\src\main\syscap.json' from 'sysCapJsonPath' is not exists, just ignore.
[2026-04-20T20:56:21.553] [DEBUG] debug-file - Task 'entry:default@SyscapTransform' cost while wrapping incremental declarations: 1 ms 
[2026-04-20T20:56:21.554] [DEBUG] debug-file - entry:default@SyscapTransform is not up-to-date, since the output file 'D:\harmonyos_code\CanvasComponent\entry\build\default\intermediates\syscap\default\rpcid.sc' does not exist.
[2026-04-20T20:56:21.554] [DEBUG] debug-file - Incremental task entry:default@SyscapTransform pre-execution cost: 2 ms .
[2026-04-20T20:56:21.554] [DEBUG] debug-file - entry : default@SyscapTransform cost memory 0.15273284912109375
[2026-04-20T20:56:21.554] [DEBUG] debug-file - runTaskFromQueue task cost before running: 118 ms 
[2026-04-20T20:56:21.555] [INFO] debug-file - Finished :entry:default@SyscapTransform... after 3 ms 
[2026-04-20T20:56:21.556] [DEBUG] debug-file - Executing task :entry:default@ProcessProfile
[2026-04-20T20:56:21.556] [DEBUG] debug-file - Task 'entry:default@ProcessProfile' cost while wrapping incremental declarations: 1 ms 
[2026-04-20T20:56:21.557] [DEBUG] debug-file - Incremental task entry:default@ProcessProfile pre-execution cost: 1 ms .
[2026-04-20T20:56:21.557] [DEBUG] debug-file - entry : default@ProcessProfile cost memory 0.12320709228515625
[2026-04-20T20:56:21.557] [INFO] debug-file - UP-TO-DATE :entry:default@ProcessProfile...  
[2026-04-20T20:56:21.558] [DEBUG] debug-file - Executing task :entry:default@ProcessRouterMap
[2026-04-20T20:56:21.559] [DEBUG] debug-file - Incremental task entry:default@ProcessRouterMap pre-execution cost: 2 ms .
[2026-04-20T20:56:21.560] [DEBUG] debug-file - entry : default@ProcessRouterMap cost memory 0.1336212158203125
[2026-04-20T20:56:21.560] [INFO] debug-file - UP-TO-DATE :entry:default@ProcessRouterMap...  
[2026-04-20T20:56:21.561] [DEBUG] debug-file - Executing task :entry:default@ProcessShareConfig
[2026-04-20T20:56:21.562] [DEBUG] debug-file - Incremental task entry:default@ProcessShareConfig pre-execution cost: 1 ms .
[2026-04-20T20:56:21.562] [DEBUG] debug-file - entry : default@ProcessShareConfig cost memory 0.1061248779296875
[2026-04-20T20:56:21.563] [INFO] debug-file - UP-TO-DATE :entry:default@ProcessShareConfig...  
[2026-04-20T20:56:21.564] [DEBUG] debug-file - Executing task :entry:default@ProcessStartupConfig
[2026-04-20T20:56:21.564] [DEBUG] debug-file - Task 'entry:default@ProcessStartupConfig' cost while wrapping incremental declarations: 1 ms 
[2026-04-20T20:56:21.564] [DEBUG] debug-file - entry:default@ProcessStartupConfig is not up-to-date, since the output file 'D:\harmonyos_code\CanvasComponent\entry\build\default\intermediates\startup\default\startup_config.json' does not exist.
[2026-04-20T20:56:21.564] [DEBUG] debug-file - Incremental task entry:default@ProcessStartupConfig pre-execution cost: 1 ms .
[2026-04-20T20:56:21.564] [DEBUG] debug-file - entry : default@ProcessStartupConfig cost memory 0.09055328369140625
[2026-04-20T20:56:21.564] [DEBUG] debug-file - runTaskFromQueue task cost before running: 128 ms 
[2026-04-20T20:56:21.565] [INFO] debug-file - Finished :entry:default@ProcessStartupConfig... after 1 ms 
[2026-04-20T20:56:21.565] [DEBUG] debug-file - Executing task :entry:default@BuildNativeWithNinja
[2026-04-20T20:56:21.566] [DEBUG] debug-file - entry : default@BuildNativeWithNinja cost memory 0.020355224609375
[2026-04-20T20:56:21.566] [DEBUG] debug-file - runTaskFromQueue task cost before running: 130 ms 
[2026-04-20T20:56:21.566] [INFO] debug-file - Finished :entry:default@BuildNativeWithNinja... after 1 ms 
[2026-04-20T20:56:21.567] [DEBUG] debug-file - restool module names: entry; moduleName=entry, taskName=default@ProcessResource
[2026-04-20T20:56:21.569] [DEBUG] debug-file - Executing task :entry:default@ProcessResource
[2026-04-20T20:56:21.569] [DEBUG] debug-file - Task 'entry:default@ProcessResource' cost while wrapping incremental declarations: 1 ms 
[2026-04-20T20:56:21.570] [DEBUG] debug-file - Incremental task entry:default@ProcessResource pre-execution cost: 1 ms .
[2026-04-20T20:56:21.570] [DEBUG] debug-file - entry : default@ProcessResource cost memory 0.136810302734375
[2026-04-20T20:56:21.571] [INFO] debug-file - UP-TO-DATE :entry:default@ProcessResource...  
[2026-04-20T20:56:21.574] [DEBUG] debug-file - Executing task :entry:default@GenerateLoaderJson
[2026-04-20T20:56:21.574] [DEBUG] debug-file - Task 'entry:default@GenerateLoaderJson' cost while wrapping incremental declarations: 1 ms 
[2026-04-20T20:56:21.579] [DEBUG] debug-file - Incremental task entry:default@GenerateLoaderJson pre-execution cost: 3 ms .
[2026-04-20T20:56:21.579] [DEBUG] debug-file - entry : default@GenerateLoaderJson cost memory 0.43145751953125
[2026-04-20T20:56:21.580] [INFO] debug-file - UP-TO-DATE :entry:default@GenerateLoaderJson...  
[2026-04-20T20:56:21.581] [DEBUG] debug-file - Executing task :entry:default@ProcessLibs
[2026-04-20T20:56:21.582] [DEBUG] debug-file - Incremental task entry:default@ProcessLibs pre-execution cost: 1 ms .
[2026-04-20T20:56:21.583] [DEBUG] debug-file - entry : default@ProcessLibs cost memory 0.0992279052734375
[2026-04-20T20:56:21.583] [INFO] debug-file - UP-TO-DATE :entry:default@ProcessLibs...  
[2026-04-20T20:56:21.584] [DEBUG] debug-file - restool module names: entry; moduleName=entry, taskName=default@CompileResource
[2026-04-20T20:56:21.584] [DEBUG] debug-file - Executing task :entry:default@CompileResource
[2026-04-20T20:56:21.596] [DEBUG] debug-file - Incremental task entry:default@CompileResource pre-execution cost: 11 ms .
[2026-04-20T20:56:21.596] [DEBUG] debug-file - entry : default@CompileResource cost memory 0.8447494506835938
[2026-04-20T20:56:21.597] [INFO] debug-file - UP-TO-DATE :entry:default@CompileResource...  
[2026-04-20T20:56:21.599] [DEBUG] debug-file - Executing task :entry:default@DoNativeStrip
[2026-04-20T20:56:21.599] [DEBUG] debug-file - File: 'D:\harmonyos_code\CanvasComponent\entry\build\default\intermediates\binxo\default' from 'doBinxoNativeLibs' is not exists, just ignore.
[2026-04-20T20:56:21.599] [DEBUG] debug-file - Task 'entry:default@DoNativeStrip' cost while wrapping incremental declarations: 1 ms 
[2026-04-20T20:56:21.600] [DEBUG] debug-file - Incremental task entry:default@DoNativeStrip pre-execution cost: 1 ms .
[2026-04-20T20:56:21.600] [DEBUG] debug-file - entry : default@DoNativeStrip cost memory 0.0948333740234375
[2026-04-20T20:56:21.600] [INFO] debug-file - UP-TO-DATE :entry:default@DoNativeStrip...  
[2026-04-20T20:56:21.601] [DEBUG] debug-file - Executing task :entry:default@CompileArkTS
[2026-04-20T20:56:21.601] [DEBUG] debug-file - obfuscationOptions: undefined
[2026-04-20T20:56:21.602] [DEBUG] debug-file - Task 'entry:default@CompileArkTS' cost while wrapping incremental declarations: 1 ms 
[2026-04-20T20:56:21.610] [DEBUG] debug-file - Incremental task entry:default@CompileArkTS pre-execution cost: 7 ms .
[2026-04-20T20:56:21.610] [DEBUG] debug-file - entry : default@CompileArkTS cost memory 0.6176223754882812
[2026-04-20T20:56:21.611] [INFO] debug-file - UP-TO-DATE :entry:default@CompileArkTS...  
[2026-04-20T20:56:21.612] [DEBUG] debug-file - Executing task :entry:default@BuildJS
[2026-04-20T20:56:21.612] [DEBUG] debug-file - Task 'entry:default@BuildJS' cost while wrapping incremental declarations: 1 ms 
[2026-04-20T20:56:21.613] [DEBUG] debug-file - entry : default@BuildJS cost memory 0.143768310546875
[2026-04-20T20:56:21.614] [DEBUG] debug-file - runTaskFromQueue task cost before running: 177 ms 
[2026-04-20T20:56:21.614] [INFO] debug-file - Finished :entry:default@BuildJS... after 2 ms 
[2026-04-20T20:56:21.614] [DEBUG] debug-file - Executing task :entry:default@CacheNativeLibs
[2026-04-20T20:56:21.615] [DEBUG] debug-file - File: 'D:\harmonyos_code\CanvasComponent\entry\build\default\intermediates\binxo\default' from 'cacheBinxoNativeLibs' is not exists, just ignore.
[2026-04-20T20:56:21.615] [DEBUG] debug-file - Task 'entry:default@CacheNativeLibs' cost while wrapping incremental declarations: 1 ms 
[2026-04-20T20:56:21.616] [DEBUG] debug-file - Incremental task entry:default@CacheNativeLibs pre-execution cost: 1 ms .
[2026-04-20T20:56:21.616] [DEBUG] debug-file - entry : default@CacheNativeLibs cost memory 0.1222381591796875
[2026-04-20T20:56:21.616] [INFO] debug-file - UP-TO-DATE :entry:default@CacheNativeLibs...  
[2026-04-20T20:56:21.617] [DEBUG] debug-file - Executing task :entry:default@GeneratePkgModuleJson
[2026-04-20T20:56:21.617] [DEBUG] debug-file - File: 'D:\harmonyos_code\CanvasComponent\entry\build\default\intermediates\preload\default\preload.json' from 'preloadSoJsonPath' is not exists, just ignore.
[2026-04-20T20:56:21.617] [DEBUG] debug-file - Error occurs while handling @Input 'shouldDeduplicateHar': The "data" argument must be of type string or an instance of Buffer, TypedArray, or DataView. Received undefined
[2026-04-20T20:56:21.617] [DEBUG] debug-file - Task 'entry:default@GeneratePkgModuleJson' cost while wrapping incremental declarations: 1 ms 
[2026-04-20T20:56:21.618] [DEBUG] debug-file - Incremental task entry:default@GeneratePkgModuleJson pre-execution cost: 1 ms .
[2026-04-20T20:56:21.618] [DEBUG] debug-file - entry : default@GeneratePkgModuleJson cost memory 0.1042633056640625
[2026-04-20T20:56:21.618] [INFO] debug-file - UP-TO-DATE :entry:default@GeneratePkgModuleJson...  
[2026-04-20T20:56:21.618] [DEBUG] debug-file - Executing task :entry:default@ProcessCompiledResources
[2026-04-20T20:56:21.619] [DEBUG] debug-file - File: 'D:\harmonyos_code\CanvasComponent\entry\build\default\intermediates\preload\default\preload.json' from 'preloadSoJsonPath' is not exists, just ignore.
[2026-04-20T20:56:21.619] [DEBUG] debug-file - Task 'entry:default@ProcessCompiledResources' cost while wrapping incremental declarations: 1 ms 
[2026-04-20T20:56:21.619] [DEBUG] debug-file - entry : default@ProcessCompiledResources cost memory 0.05743408203125
[2026-04-20T20:56:21.619] [DEBUG] debug-file - runTaskFromQueue task cost before running: 183 ms 
[2026-04-20T20:56:21.620] [INFO] debug-file - Finished :entry:default@ProcessCompiledResources... after 2 ms 
[2026-04-20T20:56:21.621] [DEBUG] debug-file - Executing task :entry:default@PackageHap
[2026-04-20T20:56:21.627] [DEBUG] debug-file - Incremental task entry:default@PackageHap pre-execution cost: 6 ms .
[2026-04-20T20:56:21.628] [DEBUG] debug-file - entry : default@PackageHap cost memory 0.5387420654296875
[2026-04-20T20:56:21.628] [INFO] debug-file - UP-TO-DATE :entry:default@PackageHap...  
[2026-04-20T20:56:21.629] [DEBUG] debug-file - Executing task :entry:default@PackingCheck
[2026-04-20T20:56:21.632] [DEBUG] debug-file - entry : default@PackingCheck cost memory 0.38808441162109375
[2026-04-20T20:56:21.632] [DEBUG] debug-file - runTaskFromQueue task cost before running: 196 ms 
[2026-04-20T20:56:21.632] [INFO] debug-file - Finished :entry:default@PackingCheck... after 3 ms 
[2026-04-20T20:56:21.633] [DEBUG] debug-file - Executing task :entry:default@SignHap
[2026-04-20T20:56:21.633] [WARN] debug-file - Will skip sign 'hos_hap'. No signingConfigs profile is configured in current project.
             If needed, configure the signingConfigs in D:\harmonyos_code\CanvasComponent\build-profile.json5.
[2026-04-20T20:56:21.634] [DEBUG] debug-file - entry:default@SignHap is not up-to-date, since the output file 'D:\harmonyos_code\CanvasComponent\entry\build\default\outputs\default\entry-default-signed.hap' does not exist.
[2026-04-20T20:56:21.634] [DEBUG] debug-file - Incremental task entry:default@SignHap pre-execution cost: 1 ms .
[2026-04-20T20:56:21.634] [DEBUG] debug-file - entry : default@SignHap cost memory 0.09006500244140625
[2026-04-20T20:56:21.634] [DEBUG] debug-file - runTaskFromQueue task cost before running: 198 ms 
[2026-04-20T20:56:21.634] [INFO] debug-file - Finished :entry:default@SignHap... after 2 ms 
[2026-04-20T20:56:21.635] [DEBUG] debug-file - Executing task :entry:default@CollectDebugSymbol
[2026-04-20T20:56:21.636] [DEBUG] debug-file - entry : default@CollectDebugSymbol cost memory 0.084869384765625
[2026-04-20T20:56:21.636] [DEBUG] debug-file - runTaskFromQueue task cost before running: 200 ms 
[2026-04-20T20:56:21.636] [INFO] debug-file - Finished :entry:default@CollectDebugSymbol... after 1 ms 
[2026-04-20T20:56:21.636] [DEBUG] debug-file - Executing task :entry:assembleHap
[2026-04-20T20:56:21.637] [DEBUG] debug-file - entry : assembleHap cost memory 0.012725830078125
[2026-04-20T20:56:21.637] [DEBUG] debug-file - runTaskFromQueue task cost before running: 200 ms 
[2026-04-20T20:56:21.637] [INFO] debug-file - Finished :entry:assembleHap... after 1 ms 
[2026-04-20T20:56:21.648] [INFO] debug-file - BUILD SUCCESSFUL in 211 ms 
[2026-04-20T20:56:21.648] [DEBUG] debug-file - There is no need to refresh cache, since the incremental task entry:default@PreBuild is up-to-date.
[2026-04-20T20:56:21.648] [DEBUG] debug-file - Update task entry:default@CreateModuleInfo output file:D:\harmonyos_code\CanvasComponent\entry\build\default\generated\profile\default\ModuleInfo.ts cache.
[2026-04-20T20:56:21.648] [DEBUG] debug-file - Incremental task entry:default@CreateModuleInfo post-execution cost:1 ms .
[2026-04-20T20:56:21.648] [DEBUG] debug-file - There is no need to refresh cache, since the incremental task entry:default@GenerateMetadata is up-to-date.
[2026-04-20T20:56:21.648] [DEBUG] debug-file - There is no need to refresh cache, since the incremental task entry:default@MergeProfile is up-to-date.
[2026-04-20T20:56:21.648] [DEBUG] debug-file - There is no need to refresh cache, since the incremental task entry:default@CreateBuildProfile is up-to-date.
[2026-04-20T20:56:21.649] [DEBUG] debug-file - Update task entry:default@GeneratePkgContextInfo output file:D:\harmonyos_code\CanvasComponent\entry\build\default\intermediates\loader\default\pkgContextInfo.json cache.
[2026-04-20T20:56:21.649] [DEBUG] debug-file - Incremental task entry:default@GeneratePkgContextInfo post-execution cost:1 ms .
[2026-04-20T20:56:21.649] [DEBUG] debug-file - There is no need to refresh cache, since the incremental task entry:default@GeneratePkgSdkInfo is up-to-date.
[2026-04-20T20:56:21.649] [DEBUG] debug-file - Update task entry:default@ProcessIntegratedHsp output file:D:\harmonyos_code\CanvasComponent\build\cache\default\integrated_hsp\integratedHspCache.json cache.
[2026-04-20T20:56:21.649] [DEBUG] debug-file - Incremental task entry:default@ProcessIntegratedHsp post-execution cost:1 ms .
[2026-04-20T20:56:21.649] [DEBUG] debug-file - There is no need to refresh cache, since the incremental task entry:default@MakePackInfo is up-to-date.
[2026-04-20T20:56:21.649] [DEBUG] debug-file - Update task entry:default@SyscapTransform input file:D:\DevEco Studio\sdk\default\openharmony\toolchains\syscap_tool.exe cache by regenerate.
[2026-04-20T20:56:21.649] [DEBUG] debug-file - Update task entry:default@SyscapTransform input file:D:\DevEco Studio\sdk\default\openharmony\ets\api\device-define cache by regenerate.
[2026-04-20T20:56:21.650] [DEBUG] debug-file - Update task entry:default@SyscapTransform output file:D:\harmonyos_code\CanvasComponent\entry\build\default\intermediates\syscap\default\rpcid.sc cache.
[2026-04-20T20:56:21.650] [DEBUG] debug-file - Incremental task entry:default@SyscapTransform post-execution cost:2 ms .
[2026-04-20T20:56:21.650] [DEBUG] debug-file - There is no need to refresh cache, since the incremental task entry:default@ProcessProfile is up-to-date.
[2026-04-20T20:56:21.650] [DEBUG] debug-file - There is no need to refresh cache, since the incremental task entry:default@ProcessRouterMap is up-to-date.
[2026-04-20T20:56:21.650] [DEBUG] debug-file - There is no need to refresh cache, since the incremental task entry:default@ProcessShareConfig is up-to-date.
[2026-04-20T20:56:21.650] [DEBUG] debug-file - Update task entry:default@ProcessStartupConfig output file:D:\harmonyos_code\CanvasComponent\entry\build\default\intermediates\startup\default\startup_config.json cache.
[2026-04-20T20:56:21.651] [DEBUG] debug-file - Incremental task entry:default@ProcessStartupConfig post-execution cost:1 ms .
[2026-04-20T20:56:21.651] [DEBUG] debug-file - There is no need to refresh cache, since the incremental task entry:default@ProcessResource is up-to-date.
[2026-04-20T20:56:21.651] [DEBUG] debug-file - There is no need to refresh cache, since the incremental task entry:default@GenerateLoaderJson is up-to-date.
[2026-04-20T20:56:21.651] [DEBUG] debug-file - There is no need to refresh cache, since the incremental task entry:default@ProcessLibs is up-to-date.
[2026-04-20T20:56:21.651] [DEBUG] debug-file - There is no need to refresh cache, since the incremental task entry:default@CompileResource is up-to-date.
[2026-04-20T20:56:21.651] [DEBUG] debug-file - There is no need to refresh cache, since the incremental task entry:default@DoNativeStrip is up-to-date.
[2026-04-20T20:56:21.651] [DEBUG] debug-file - There is no need to refresh cache, since the incremental task entry:default@CompileArkTS is up-to-date.
[2026-04-20T20:56:21.652] [DEBUG] debug-file - Update task entry:default@BuildJS input file:D:\harmonyos_code\CanvasComponent\entry\build\default\intermediates\loader\default cache by regenerate.
[2026-04-20T20:56:21.652] [DEBUG] debug-file - Update task entry:default@BuildJS input file:D:\harmonyos_code\CanvasComponent\entry\build\default\intermediates\res\default\ResourceTable.txt cache by regenerate.
[2026-04-20T20:56:21.652] [DEBUG] debug-file - Update task entry:default@BuildJS input file:D:\harmonyos_code\CanvasComponent\entry\build\default\intermediates\res\default\ark_module.json cache by regenerate.
[2026-04-20T20:56:21.652] [DEBUG] debug-file - Update task entry:default@BuildJS input file:D:\harmonyos_code\CanvasComponent\entry\build\default\intermediates\res\default\resources\base\profile cache by regenerate.
[2026-04-20T20:56:21.653] [DEBUG] debug-file - Update task entry:default@BuildJS output file:D:\harmonyos_code\CanvasComponent\entry\build\default\intermediates\loader_out\default\js cache.
[2026-04-20T20:56:21.653] [DEBUG] debug-file - Incremental task entry:default@BuildJS post-execution cost:3 ms .
[2026-04-20T20:56:21.653] [DEBUG] debug-file - There is no need to refresh cache, since the incremental task entry:default@CacheNativeLibs is up-to-date.
[2026-04-20T20:56:21.653] [DEBUG] debug-file - There is no need to refresh cache, since the incremental task entry:default@GeneratePkgModuleJson is up-to-date.
[2026-04-20T20:56:21.653] [DEBUG] debug-file - Incremental task entry:default@ProcessCompiledResources post-execution cost:1 ms .
[2026-04-20T20:56:21.653] [DEBUG] debug-file - There is no need to refresh cache, since the incremental task entry:default@PackageHap is up-to-date.
[2026-04-20T20:56:21.653] [DEBUG] debug-file - Update task entry:default@SignHap input file:D:\harmonyos_code\CanvasComponent\entry\build\default\outputs\default\entry-default-unsigned.hap cache by regenerate.
[2026-04-20T20:56:21.653] [DEBUG] debug-file - Update task entry:default@SignHap output file:D:\harmonyos_code\CanvasComponent\entry\build\default\outputs\default\entry-default-signed.hap cache.
[2026-04-20T20:56:21.654] [DEBUG] debug-file - Incremental task entry:default@SignHap post-execution cost:1 ms .
[2026-04-20T20:56:21.654] [DEBUG] debug-file - Update task entry:default@CollectDebugSymbol input file:D:\harmonyos_code\CanvasComponent\entry\build\default\intermediates\loader_out\default\ets\sourceMaps.map cache by regenerate.
[2026-04-20T20:56:21.654] [DEBUG] debug-file - Update task entry:default@CollectDebugSymbol input file:D:\harmonyos_code\CanvasComponent\entry\build\default\intermediates\libs\default cache by regenerate.
[2026-04-20T20:56:21.654] [DEBUG] debug-file - Update task entry:default@CollectDebugSymbol output file:D:\harmonyos_code\CanvasComponent\entry\build\default\outputs\default\symbol cache.
[2026-04-20T20:56:21.654] [DEBUG] debug-file - Incremental task entry:default@CollectDebugSymbol post-execution cost:1 ms .
[2026-04-20T20:56:21.672] [DEBUG] debug-file - hvigor build process will be closed.
[2026-04-20T20:56:21.676] [DEBUG] debug-file - session manager: send message to worker process.
[2026-04-20T20:56:21.677] [DEBUG] debug-file - session manager: send message to worker process.
[2026-04-20T20:56:21.677] [DEBUG] debug-file - watch worker: worker id should be larger than 0. Nothing will be sent to any worker thread.
[2026-04-20T20:56:21.678] [DEBUG] debug-file - watch worker: worker id should be larger than 0. Nothing will be sent to any worker thread.
[2026-04-20T20:56:56.539] [DEBUG] debug-file - session manager: set active socket. socketId=wYh0d4nrvm_EqB3SAAAJ
[2026-04-20T20:56:56.543] [DEBUG] debug-file - watch worker: worker id should be larger than 0. Nothing will be sent to any worker thread.
[2026-04-20T20:56:56.545] [DEBUG] debug-file - Workers' log level updated to INFO
[2026-04-20T20:56:56.547] [DEBUG] debug-file - Hvigor init with startParameters:{
  hvigorfileTypeCheck: false,
  parallelExecution: true,
  incrementalExecution: true,
  printStackTrace: false,
  daemon: true,
  analyze: 0,
  logLevel: Level { level: 20000, levelStr: 'INFO', colour: 'green' },
  optimizationStrategy: 'memory',
  hotCompile: undefined,
  hotReloadBuild: undefined,
  customizedParam: undefined
}
[2026-04-20T20:56:56.550] [DEBUG] debug-file - Cache service initialization finished in 3 ms 
[2026-04-20T20:56:56.552] [DEBUG] debug-file - hvigorfile, resolving D:\harmonyos_code\CanvasComponent\hvigorfile.ts
[2026-04-20T20:56:56.558] [DEBUG] debug-file - hvigorfile, require result:  {}
[2026-04-20T20:56:56.558] [DEBUG] debug-file - hvigorfile, binding system plugins {}
[2026-04-20T20:56:56.559] [DEBUG] debug-file - Starting plugin build process
[2026-04-20T20:56:56.559] [DEBUG] debug-file - App plugin prepare start...
[2026-04-20T20:56:56.559] [DEBUG] debug-file - App plugin prepare end...
[2026-04-20T20:56:56.559] [DEBUG] debug-file - App plugin creating...
[2026-04-20T20:56:56.562] [DEBUG] debug-file - App plugin register hook start...
[2026-04-20T20:56:56.562] [DEBUG] debug-file - App plugin register hook end...
[2026-04-20T20:56:56.562] [DEBUG] debug-file - Plugin build process completed
[2026-04-20T20:56:56.563] [DEBUG] debug-file - Start initialize project's product build option map with build mode debug.
[2026-04-20T20:56:56.563] [DEBUG] debug-file - Picking option from product 'default' with build mode 'debug'.
[2026-04-20T20:56:56.563] [DEBUG] debug-file - Product 'default' build option initialized
[2026-04-20T20:56:56.563] [DEBUG] debug-file - End initialize project's product build option map with build mode 'debug'.
[2026-04-20T20:56:56.563] [DEBUG] debug-file - Obtain build option for product 'default'in this build.
[2026-04-20T20:56:56.564] [DEBUG] debug-file - No signingConfig found, initRemoteHspCache failed.
[2026-04-20T20:56:56.567] [DEBUG] debug-file - Start recording SDK configuration permission data.
[2026-04-20T20:56:56.590] [DEBUG] debug-file - Sdk init in 25 ms 
[2026-04-20T20:56:56.592] [DEBUG] debug-file - Project task initialization takes 3 ms 
[2026-04-20T20:56:56.592] [DEBUG] debug-file - hvigorfile, resolve finished D:\harmonyos_code\CanvasComponent\hvigorfile.ts
[2026-04-20T20:56:56.593] [DEBUG] debug-file - hvigorfile, resolving D:\harmonyos_code\CanvasComponent\entry\hvigorfile.ts
[2026-04-20T20:56:56.596] [DEBUG] debug-file - hvigorfile, require result:  {}
[2026-04-20T20:56:56.597] [DEBUG] debug-file - hvigorfile, binding system plugins {}
[2026-04-20T20:56:56.597] [DEBUG] debug-file - Starting plugin build process
[2026-04-20T20:56:56.597] [DEBUG] debug-file - Hap plugin creating...
[2026-04-20T20:56:56.598] [DEBUG] debug-file - failed to load cangjie to dynamically generate schemas: Error: Cannot find module '@ohos/cangjie-build-support/index'
Require stack:
- D:\DevEco Studio\tools\hvigor\hvigor-ohos-plugin\src\plugin\hooks\cangjie-register.js
- D:\DevEco Studio\tools\hvigor\hvigor-ohos-plugin\src\plugin\strategy\stage-init-strategy.js
- D:\DevEco Studio\tools\hvigor\hvigor-ohos-plugin\src\plugin\builder\abstract-plugin-builder.js
- D:\DevEco Studio\tools\hvigor\hvigor-ohos-plugin\src\plugin\builder\app-plugin-builder.js
- D:\DevEco Studio\tools\hvigor\hvigor-ohos-plugin\src\plugin\factory\plugin-factory.js
- D:\DevEco Studio\tools\hvigor\hvigor-ohos-plugin\index.js
- D:\harmonyos_code\CanvasComponent\hvigorfile.ts
- D:\DevEco Studio\tools\hvigor\hvigor\src\base\internal\lifecycle\configuration.js
- D:\DevEco Studio\tools\hvigor\hvigor\src\base\boot\index.js
- D:\DevEco Studio\tools\hvigor\hvigor\src\base\daemon\cluster\worker-process-lifecycle.js
- D:\DevEco Studio\tools\hvigor\hvigor\src\base\daemon\process\daemon-process-boot-script.js
[2026-04-20T20:56:56.599] [DEBUG] debug-file - Start initialize module-target build option map, moduleName=entry, buildMode=release
[2026-04-20T20:56:56.599] [DEBUG] debug-file - Target 'default' config initialized
[2026-04-20T20:56:56.599] [DEBUG] debug-file - Module 'entry' target 'default' build option initialized
[2026-04-20T20:56:56.599] [DEBUG] debug-file - End initialize module-target build option map, moduleName=entry
[2026-04-20T20:56:56.599] [DEBUG] debug-file - Start initialize module-target build option map, moduleName=entry, buildMode=debug
[2026-04-20T20:56:56.599] [DEBUG] debug-file - Target 'default' config initialized
[2026-04-20T20:56:56.599] [DEBUG] debug-file - Module 'entry' target 'default' build option initialized
[2026-04-20T20:56:56.599] [DEBUG] debug-file - End initialize module-target build option map, moduleName=entry
[2026-04-20T20:56:56.599] [DEBUG] debug-file - Start initialize module-target build option map, moduleName=entry, buildMode=debug
[2026-04-20T20:56:56.599] [DEBUG] debug-file - Target 'default' config initialized
[2026-04-20T20:56:56.599] [DEBUG] debug-file - Module 'entry' target 'default' build option initialized
[2026-04-20T20:56:56.599] [DEBUG] debug-file - End initialize module-target build option map, moduleName=entry
[2026-04-20T20:56:56.599] [DEBUG] debug-file - Obtain build option for module 'entry' target 'default'in this build.
[2026-04-20T20:56:56.601] [DEBUG] debug-file - Module entry task initialization takes 2 ms 
[2026-04-20T20:56:56.601] [DEBUG] debug-file - Hap plugin register hook start...
[2026-04-20T20:56:56.601] [DEBUG] debug-file - Hap plugin register hook end...
[2026-04-20T20:56:56.601] [DEBUG] debug-file - Plugin build process completed
[2026-04-20T20:56:56.601] [DEBUG] debug-file - hvigorfile, resolve finished D:\harmonyos_code\CanvasComponent\entry\hvigorfile.ts
[2026-04-20T20:56:56.615] [DEBUG] debug-file - hvigorfile, resolve hvigorfile dependencies in 14 ms 
[2026-04-20T20:56:56.616] [DEBUG] debug-file - project has submodules:entry
[2026-04-20T20:56:56.617] [DEBUG] debug-file - start to load updatedOhPackageInfo to the disk
[2026-04-20T20:56:56.619] [DEBUG] debug-file - load to the disk finished
[2026-04-20T20:56:56.620] [DEBUG] debug-file - Start to initialize dependency information.
[2026-04-20T20:56:56.621] [DEBUG] debug-file - Module CanvasComponent Collected Dependency: 
[2026-04-20T20:56:56.621] [DEBUG] debug-file - Module CanvasComponent's total dependency: 0
[2026-04-20T20:56:56.621] [DEBUG] debug-file - Start to initialize dependency information.
[2026-04-20T20:56:56.623] [DEBUG] debug-file - Module entry Collected Dependency: 
[2026-04-20T20:56:56.623] [DEBUG] debug-file - Module entry's total dependency: 0
[2026-04-20T20:56:56.624] [DEBUG] debug-file - Configuration phase cost:75 ms 
[2026-04-20T20:56:56.625] [DEBUG] debug-file - Configuration task cost before running: 80 ms 
[2026-04-20T20:56:56.628] [DEBUG] debug-file - Executing task :entry:default@PreBuild
[2026-04-20T20:56:56.629] [DEBUG] debug-file - Task 'entry:default@PreBuild' cost while wrapping incremental declarations: 1 ms 
[2026-04-20T20:56:56.633] [DEBUG] debug-file - Incremental task entry:default@PreBuild pre-execution cost: 3 ms .
[2026-04-20T20:56:56.633] [DEBUG] debug-file - entry : default@PreBuild cost memory 0.28351593017578125
[2026-04-20T20:56:56.635] [INFO] debug-file - UP-TO-DATE :entry:default@PreBuild...  
[2026-04-20T20:56:56.635] [DEBUG] debug-file - Executing task :entry:default@CreateModuleInfo
[2026-04-20T20:56:56.636] [DEBUG] debug-file - Task 'entry:default@CreateModuleInfo' cost while wrapping incremental declarations: 1 ms 
[2026-04-20T20:56:56.636] [DEBUG] debug-file - entry : default@CreateModuleInfo cost memory 0.041473388671875
[2026-04-20T20:56:56.636] [DEBUG] debug-file - runTaskFromQueue task cost before running: 91 ms 
[2026-04-20T20:56:56.636] [INFO] debug-file - Finished :entry:default@CreateModuleInfo... after 1 ms 
[2026-04-20T20:56:56.637] [DEBUG] debug-file - Executing task :entry:default@GenerateMetadata
[2026-04-20T20:56:56.637] [DEBUG] debug-file - Task 'entry:default@GenerateMetadata' cost while wrapping incremental declarations: 1 ms 
[2026-04-20T20:56:56.638] [DEBUG] debug-file - Incremental task entry:default@GenerateMetadata pre-execution cost: 1 ms .
[2026-04-20T20:56:56.638] [DEBUG] debug-file - entry : default@GenerateMetadata cost memory 0.082489013671875
[2026-04-20T20:56:56.638] [INFO] debug-file - UP-TO-DATE :entry:default@GenerateMetadata...  
[2026-04-20T20:56:56.639] [DEBUG] debug-file - Executing task :entry:default@ConfigureCmake
[2026-04-20T20:56:56.639] [DEBUG] debug-file - entry : default@ConfigureCmake cost memory 0.014556884765625
[2026-04-20T20:56:56.639] [DEBUG] debug-file - runTaskFromQueue task cost before running: 94 ms 
[2026-04-20T20:56:56.639] [INFO] debug-file - Finished :entry:default@ConfigureCmake... after 1 ms 
[2026-04-20T20:56:56.640] [DEBUG] debug-file - Executing task :entry:default@MergeProfile
[2026-04-20T20:56:56.640] [DEBUG] debug-file - Task 'entry:default@MergeProfile' cost while wrapping incremental declarations: 1 ms 
[2026-04-20T20:56:56.641] [DEBUG] debug-file - Incremental task entry:default@MergeProfile pre-execution cost: 2 ms .
[2026-04-20T20:56:56.641] [DEBUG] debug-file - entry : default@MergeProfile cost memory 0.1259002685546875
[2026-04-20T20:56:56.641] [INFO] debug-file - UP-TO-DATE :entry:default@MergeProfile...  
[2026-04-20T20:56:56.642] [DEBUG] debug-file - Executing task :entry:default@CreateBuildProfile
[2026-04-20T20:56:56.642] [DEBUG] debug-file - Task 'entry:default@CreateBuildProfile' cost while wrapping incremental declarations: 1 ms 
[2026-04-20T20:56:56.643] [DEBUG] debug-file - Incremental task entry:default@CreateBuildProfile pre-execution cost: 1 ms .
[2026-04-20T20:56:56.643] [DEBUG] debug-file - entry : default@CreateBuildProfile cost memory 0.19263458251953125
[2026-04-20T20:56:56.643] [INFO] debug-file - UP-TO-DATE :entry:default@CreateBuildProfile...  
[2026-04-20T20:56:56.644] [DEBUG] debug-file - Executing task :entry:default@PreCheckSyscap
[2026-04-20T20:56:56.644] [DEBUG] debug-file - entry : default@PreCheckSyscap cost memory 0.01474761962890625
[2026-04-20T20:56:56.645] [DEBUG] debug-file - runTaskFromQueue task cost before running: 99 ms 
[2026-04-20T20:56:56.645] [INFO] debug-file - Finished :entry:default@PreCheckSyscap... after 1 ms 
[2026-04-20T20:56:56.646] [DEBUG] debug-file - Executing task :entry:default@GeneratePkgContextInfo
[2026-04-20T20:56:56.649] [DEBUG] debug-file - Task 'entry:default@GeneratePkgContextInfo' cost while wrapping incremental declarations: 1 ms 
[2026-04-20T20:56:56.649] [DEBUG] debug-file - entry : default@GeneratePkgContextInfo cost memory -1.4725418090820312
[2026-04-20T20:56:56.649] [DEBUG] debug-file - runTaskFromQueue task cost before running: 104 ms 
[2026-04-20T20:56:56.649] [INFO] debug-file - Finished :entry:default@GeneratePkgContextInfo... after 4 ms 
[2026-04-20T20:56:56.650] [DEBUG] debug-file - Executing task :entry:default@GeneratePkgSdkInfo
[2026-04-20T20:56:56.652] [DEBUG] debug-file - Task 'entry:default@GeneratePkgSdkInfo' cost while wrapping incremental declarations: 1 ms 
[2026-04-20T20:56:56.652] [DEBUG] debug-file - Incremental task entry:default@GeneratePkgSdkInfo pre-execution cost: 1 ms .
[2026-04-20T20:56:56.652] [DEBUG] debug-file - entry : default@GeneratePkgSdkInfo cost memory 0.1246795654296875
[2026-04-20T20:56:56.653] [INFO] debug-file - UP-TO-DATE :entry:default@GeneratePkgSdkInfo...  
[2026-04-20T20:56:56.655] [DEBUG] debug-file - Executing task :entry:default@ProcessIntegratedHsp
[2026-04-20T20:56:56.655] [DEBUG] debug-file - entry:default@ProcessIntegratedHsp is not up-to-date, since the output file 'D:\harmonyos_code\CanvasComponent\build\cache\default\integrated_hsp\integratedHspCache.json' does not exist.
[2026-04-20T20:56:56.655] [DEBUG] debug-file - Incremental task entry:default@ProcessIntegratedHsp pre-execution cost: 1 ms .
[2026-04-20T20:56:56.655] [DEBUG] debug-file - entry : default@ProcessIntegratedHsp cost memory 0.055938720703125
[2026-04-20T20:56:56.655] [DEBUG] debug-file - runTaskFromQueue task cost before running: 110 ms 
[2026-04-20T20:56:56.655] [INFO] debug-file - Finished :entry:default@ProcessIntegratedHsp... after 1 ms 
[2026-04-20T20:56:56.656] [DEBUG] debug-file - Executing task :entry:default@BuildNativeWithCmake
[2026-04-20T20:56:56.656] [DEBUG] debug-file - entry : default@BuildNativeWithCmake cost memory 0.0145263671875
[2026-04-20T20:56:56.656] [DEBUG] debug-file - runTaskFromQueue task cost before running: 111 ms 
[2026-04-20T20:56:56.656] [INFO] debug-file - Finished :entry:default@BuildNativeWithCmake... after 1 ms 
[2026-04-20T20:56:56.657] [DEBUG] debug-file - Executing task :entry:default@MakePackInfo
[2026-04-20T20:56:56.658] [DEBUG] debug-file - Incremental task entry:default@MakePackInfo pre-execution cost: 2 ms .
[2026-04-20T20:56:56.659] [DEBUG] debug-file - entry : default@MakePackInfo cost memory 0.10509490966796875
[2026-04-20T20:56:56.659] [INFO] debug-file - UP-TO-DATE :entry:default@MakePackInfo...  
[2026-04-20T20:56:56.660] [DEBUG] debug-file - Executing task :entry:default@SyscapTransform
[2026-04-20T20:56:56.660] [DEBUG] debug-file - File: 'D:\harmonyos_code\CanvasComponent\entry\src\main\syscap.json' from 'sysCapJsonPath' is not exists, just ignore.
[2026-04-20T20:56:56.660] [DEBUG] debug-file - Task 'entry:default@SyscapTransform' cost while wrapping incremental declarations: 1 ms 
[2026-04-20T20:56:56.661] [DEBUG] debug-file - entry:default@SyscapTransform is not up-to-date, since the output file 'D:\harmonyos_code\CanvasComponent\entry\build\default\intermediates\syscap\default\rpcid.sc' does not exist.
[2026-04-20T20:56:56.661] [DEBUG] debug-file - Incremental task entry:default@SyscapTransform pre-execution cost: 2 ms .
[2026-04-20T20:56:56.662] [DEBUG] debug-file - entry : default@SyscapTransform cost memory 0.14525604248046875
[2026-04-20T20:56:56.662] [DEBUG] debug-file - runTaskFromQueue task cost before running: 117 ms 
[2026-04-20T20:56:56.662] [INFO] debug-file - Finished :entry:default@SyscapTransform... after 3 ms 
[2026-04-20T20:56:56.663] [DEBUG] debug-file - Executing task :entry:default@ProcessProfile
[2026-04-20T20:56:56.663] [DEBUG] debug-file - Task 'entry:default@ProcessProfile' cost while wrapping incremental declarations: 1 ms 
[2026-04-20T20:56:56.664] [DEBUG] debug-file - Incremental task entry:default@ProcessProfile pre-execution cost: 1 ms .
[2026-04-20T20:56:56.664] [DEBUG] debug-file - entry : default@ProcessProfile cost memory 0.12131500244140625
[2026-04-20T20:56:56.664] [INFO] debug-file - UP-TO-DATE :entry:default@ProcessProfile...  
[2026-04-20T20:56:56.665] [DEBUG] debug-file - Executing task :entry:default@ProcessRouterMap
[2026-04-20T20:56:56.667] [DEBUG] debug-file - Incremental task entry:default@ProcessRouterMap pre-execution cost: 2 ms .
[2026-04-20T20:56:56.667] [DEBUG] debug-file - entry : default@ProcessRouterMap cost memory 0.1291351318359375
[2026-04-20T20:56:56.667] [INFO] debug-file - UP-TO-DATE :entry:default@ProcessRouterMap...  
[2026-04-20T20:56:56.668] [DEBUG] debug-file - Executing task :entry:default@ProcessShareConfig
[2026-04-20T20:56:56.669] [DEBUG] debug-file - Incremental task entry:default@ProcessShareConfig pre-execution cost: 1 ms .
[2026-04-20T20:56:56.669] [DEBUG] debug-file - entry : default@ProcessShareConfig cost memory 0.10279083251953125
[2026-04-20T20:56:56.670] [INFO] debug-file - UP-TO-DATE :entry:default@ProcessShareConfig...  
[2026-04-20T20:56:56.670] [DEBUG] debug-file - Executing task :entry:default@ProcessStartupConfig
[2026-04-20T20:56:56.670] [DEBUG] debug-file - Task 'entry:default@ProcessStartupConfig' cost while wrapping incremental declarations: 1 ms 
[2026-04-20T20:56:56.671] [DEBUG] debug-file - entry:default@ProcessStartupConfig is not up-to-date, since the output file 'D:\harmonyos_code\CanvasComponent\entry\build\default\intermediates\startup\default\startup_config.json' does not exist.
[2026-04-20T20:56:56.671] [DEBUG] debug-file - Incremental task entry:default@ProcessStartupConfig pre-execution cost: 1 ms .
[2026-04-20T20:56:56.671] [DEBUG] debug-file - entry : default@ProcessStartupConfig cost memory 0.09063720703125
[2026-04-20T20:56:56.671] [DEBUG] debug-file - runTaskFromQueue task cost before running: 126 ms 
[2026-04-20T20:56:56.671] [INFO] debug-file - Finished :entry:default@ProcessStartupConfig... after 1 ms 
[2026-04-20T20:56:56.672] [DEBUG] debug-file - Executing task :entry:default@BuildNativeWithNinja
[2026-04-20T20:56:56.672] [DEBUG] debug-file - entry : default@BuildNativeWithNinja cost memory 0.020355224609375
[2026-04-20T20:56:56.672] [DEBUG] debug-file - runTaskFromQueue task cost before running: 127 ms 
[2026-04-20T20:56:56.672] [INFO] debug-file - Finished :entry:default@BuildNativeWithNinja... after 1 ms 
[2026-04-20T20:56:56.673] [DEBUG] debug-file - restool module names: entry; moduleName=entry, taskName=default@ProcessResource
[2026-04-20T20:56:56.674] [DEBUG] debug-file - Executing task :entry:default@ProcessResource
[2026-04-20T20:56:56.674] [DEBUG] debug-file - Task 'entry:default@ProcessResource' cost while wrapping incremental declarations: 1 ms 
[2026-04-20T20:56:56.675] [DEBUG] debug-file - Incremental task entry:default@ProcessResource pre-execution cost: 1 ms .
[2026-04-20T20:56:56.675] [DEBUG] debug-file - entry : default@ProcessResource cost memory 0.1345367431640625
[2026-04-20T20:56:56.676] [INFO] debug-file - UP-TO-DATE :entry:default@ProcessResource...  
[2026-04-20T20:56:56.677] [DEBUG] debug-file - Executing task :entry:default@GenerateLoaderJson
[2026-04-20T20:56:56.678] [DEBUG] debug-file - Task 'entry:default@GenerateLoaderJson' cost while wrapping incremental declarations: 1 ms 
[2026-04-20T20:56:56.683] [DEBUG] debug-file - Incremental task entry:default@GenerateLoaderJson pre-execution cost: 4 ms .
[2026-04-20T20:56:56.683] [DEBUG] debug-file - entry : default@GenerateLoaderJson cost memory 0.4298095703125
[2026-04-20T20:56:56.685] [INFO] debug-file - UP-TO-DATE :entry:default@GenerateLoaderJson...  
[2026-04-20T20:56:56.686] [DEBUG] debug-file - Executing task :entry:default@ProcessLibs
[2026-04-20T20:56:56.687] [DEBUG] debug-file - Incremental task entry:default@ProcessLibs pre-execution cost: 2 ms .
[2026-04-20T20:56:56.688] [DEBUG] debug-file - entry : default@ProcessLibs cost memory 0.09964752197265625
[2026-04-20T20:56:56.688] [INFO] debug-file - UP-TO-DATE :entry:default@ProcessLibs...  
[2026-04-20T20:56:56.689] [DEBUG] debug-file - restool module names: entry; moduleName=entry, taskName=default@CompileResource
[2026-04-20T20:56:56.690] [DEBUG] debug-file - Executing task :entry:default@CompileResource
[2026-04-20T20:56:56.702] [DEBUG] debug-file - Incremental task entry:default@CompileResource pre-execution cost: 11 ms .
[2026-04-20T20:56:56.702] [DEBUG] debug-file - entry : default@CompileResource cost memory 0.7805404663085938
[2026-04-20T20:56:56.703] [INFO] debug-file - UP-TO-DATE :entry:default@CompileResource...  
[2026-04-20T20:56:56.704] [DEBUG] debug-file - Executing task :entry:default@DoNativeStrip
[2026-04-20T20:56:56.704] [DEBUG] debug-file - File: 'D:\harmonyos_code\CanvasComponent\entry\build\default\intermediates\binxo\default' from 'doBinxoNativeLibs' is not exists, just ignore.
[2026-04-20T20:56:56.704] [DEBUG] debug-file - Task 'entry:default@DoNativeStrip' cost while wrapping incremental declarations: 1 ms 
[2026-04-20T20:56:56.705] [DEBUG] debug-file - Incremental task entry:default@DoNativeStrip pre-execution cost: 1 ms .
[2026-04-20T20:56:56.705] [DEBUG] debug-file - entry : default@DoNativeStrip cost memory 0.09268951416015625
[2026-04-20T20:56:56.706] [INFO] debug-file - UP-TO-DATE :entry:default@DoNativeStrip...  
[2026-04-20T20:56:56.707] [DEBUG] debug-file - Executing task :entry:default@CompileArkTS
[2026-04-20T20:56:56.707] [DEBUG] debug-file - obfuscationOptions: undefined
[2026-04-20T20:56:56.707] [DEBUG] debug-file - Task 'entry:default@CompileArkTS' cost while wrapping incremental declarations: 1 ms 
[2026-04-20T20:56:56.715] [DEBUG] debug-file - Incremental task entry:default@CompileArkTS pre-execution cost: 7 ms .
[2026-04-20T20:56:56.715] [DEBUG] debug-file - entry : default@CompileArkTS cost memory -1.1789474487304688
[2026-04-20T20:56:56.716] [INFO] debug-file - UP-TO-DATE :entry:default@CompileArkTS...  
[2026-04-20T20:56:56.717] [DEBUG] debug-file - Executing task :entry:default@BuildJS
[2026-04-20T20:56:56.717] [DEBUG] debug-file - Task 'entry:default@BuildJS' cost while wrapping incremental declarations: 1 ms 
[2026-04-20T20:56:56.719] [DEBUG] debug-file - entry : default@BuildJS cost memory 0.14398193359375
[2026-04-20T20:56:56.719] [DEBUG] debug-file - runTaskFromQueue task cost before running: 174 ms 
[2026-04-20T20:56:56.719] [INFO] debug-file - Finished :entry:default@BuildJS... after 2 ms 
[2026-04-20T20:56:56.720] [DEBUG] debug-file - Executing task :entry:default@CacheNativeLibs
[2026-04-20T20:56:56.720] [DEBUG] debug-file - File: 'D:\harmonyos_code\CanvasComponent\entry\build\default\intermediates\binxo\default' from 'cacheBinxoNativeLibs' is not exists, just ignore.
[2026-04-20T20:56:56.720] [DEBUG] debug-file - Task 'entry:default@CacheNativeLibs' cost while wrapping incremental declarations: 1 ms 
[2026-04-20T20:56:56.721] [DEBUG] debug-file - Incremental task entry:default@CacheNativeLibs pre-execution cost: 1 ms .
[2026-04-20T20:56:56.721] [DEBUG] debug-file - entry : default@CacheNativeLibs cost memory 0.1183319091796875
[2026-04-20T20:56:56.721] [INFO] debug-file - UP-TO-DATE :entry:default@CacheNativeLibs...  
[2026-04-20T20:56:56.722] [DEBUG] debug-file - Executing task :entry:default@GeneratePkgModuleJson
[2026-04-20T20:56:56.722] [DEBUG] debug-file - File: 'D:\harmonyos_code\CanvasComponent\entry\build\default\intermediates\preload\default\preload.json' from 'preloadSoJsonPath' is not exists, just ignore.
[2026-04-20T20:56:56.723] [DEBUG] debug-file - Error occurs while handling @Input 'shouldDeduplicateHar': The "data" argument must be of type string or an instance of Buffer, TypedArray, or DataView. Received undefined
[2026-04-20T20:56:56.723] [DEBUG] debug-file - Task 'entry:default@GeneratePkgModuleJson' cost while wrapping incremental declarations: 1 ms 
[2026-04-20T20:56:56.723] [DEBUG] debug-file - Incremental task entry:default@GeneratePkgModuleJson pre-execution cost: 1 ms .
[2026-04-20T20:56:56.723] [DEBUG] debug-file - entry : default@GeneratePkgModuleJson cost memory 0.10257720947265625
[2026-04-20T20:56:56.724] [INFO] debug-file - UP-TO-DATE :entry:default@GeneratePkgModuleJson...  
[2026-04-20T20:56:56.724] [DEBUG] debug-file - Executing task :entry:default@ProcessCompiledResources
[2026-04-20T20:56:56.724] [DEBUG] debug-file - File: 'D:\harmonyos_code\CanvasComponent\entry\build\default\intermediates\preload\default\preload.json' from 'preloadSoJsonPath' is not exists, just ignore.
[2026-04-20T20:56:56.724] [DEBUG] debug-file - Task 'entry:default@ProcessCompiledResources' cost while wrapping incremental declarations: 1 ms 
[2026-04-20T20:56:56.725] [DEBUG] debug-file - entry : default@ProcessCompiledResources cost memory 0.05744171142578125
[2026-04-20T20:56:56.725] [DEBUG] debug-file - runTaskFromQueue task cost before running: 180 ms 
[2026-04-20T20:56:56.725] [INFO] debug-file - Finished :entry:default@ProcessCompiledResources... after 1 ms 
[2026-04-20T20:56:56.726] [DEBUG] debug-file - Executing task :entry:default@PackageHap
[2026-04-20T20:56:56.733] [DEBUG] debug-file - Incremental task entry:default@PackageHap pre-execution cost: 6 ms .
[2026-04-20T20:56:56.733] [DEBUG] debug-file - entry : default@PackageHap cost memory 0.5095977783203125
[2026-04-20T20:56:56.733] [INFO] debug-file - UP-TO-DATE :entry:default@PackageHap...  
[2026-04-20T20:56:56.734] [DEBUG] debug-file - Executing task :entry:default@PackingCheck
[2026-04-20T20:56:56.738] [DEBUG] debug-file - entry : default@PackingCheck cost memory -1.3286056518554688
[2026-04-20T20:56:56.738] [DEBUG] debug-file - runTaskFromQueue task cost before running: 193 ms 
[2026-04-20T20:56:56.738] [INFO] debug-file - Finished :entry:default@PackingCheck... after 4 ms 
[2026-04-20T20:56:56.739] [DEBUG] debug-file - Executing task :entry:default@SignHap
[2026-04-20T20:56:56.739] [WARN] debug-file - Will skip sign 'hos_hap'. No signingConfigs profile is configured in current project.
             If needed, configure the signingConfigs in D:\harmonyos_code\CanvasComponent\build-profile.json5.
[2026-04-20T20:56:56.740] [DEBUG] debug-file - entry:default@SignHap is not up-to-date, since the output file 'D:\harmonyos_code\CanvasComponent\entry\build\default\outputs\default\entry-default-signed.hap' does not exist.
[2026-04-20T20:56:56.740] [DEBUG] debug-file - Incremental task entry:default@SignHap pre-execution cost: 1 ms .
[2026-04-20T20:56:56.740] [DEBUG] debug-file - entry : default@SignHap cost memory 0.09004974365234375
[2026-04-20T20:56:56.740] [DEBUG] debug-file - runTaskFromQueue task cost before running: 195 ms 
[2026-04-20T20:56:56.741] [INFO] debug-file - Finished :entry:default@SignHap... after 2 ms 
[2026-04-20T20:56:56.741] [DEBUG] debug-file - Executing task :entry:default@CollectDebugSymbol
[2026-04-20T20:56:56.742] [DEBUG] debug-file - entry : default@CollectDebugSymbol cost memory 0.0848846435546875
[2026-04-20T20:56:56.742] [DEBUG] debug-file - runTaskFromQueue task cost before running: 197 ms 
[2026-04-20T20:56:56.742] [INFO] debug-file - Finished :entry:default@CollectDebugSymbol... after 1 ms 
[2026-04-20T20:56:56.742] [DEBUG] debug-file - Executing task :entry:assembleHap
[2026-04-20T20:56:56.742] [DEBUG] debug-file - entry : assembleHap cost memory 0.0126800537109375
[2026-04-20T20:56:56.742] [DEBUG] debug-file - runTaskFromQueue task cost before running: 197 ms 
[2026-04-20T20:56:56.743] [INFO] debug-file - Finished :entry:assembleHap... after 1 ms 
[2026-04-20T20:56:56.752] [INFO] debug-file - BUILD SUCCESSFUL in 207 ms 
[2026-04-20T20:56:56.752] [DEBUG] debug-file - There is no need to refresh cache, since the incremental task entry:default@PreBuild is up-to-date.
[2026-04-20T20:56:56.752] [DEBUG] debug-file - Update task entry:default@CreateModuleInfo output file:D:\harmonyos_code\CanvasComponent\entry\build\default\generated\profile\default\ModuleInfo.ts cache.
[2026-04-20T20:56:56.752] [DEBUG] debug-file - Incremental task entry:default@CreateModuleInfo post-execution cost:1 ms .
[2026-04-20T20:56:56.752] [DEBUG] debug-file - There is no need to refresh cache, since the incremental task entry:default@GenerateMetadata is up-to-date.
[2026-04-20T20:56:56.752] [DEBUG] debug-file - There is no need to refresh cache, since the incremental task entry:default@MergeProfile is up-to-date.
[2026-04-20T20:56:56.752] [DEBUG] debug-file - There is no need to refresh cache, since the incremental task entry:default@CreateBuildProfile is up-to-date.
[2026-04-20T20:56:56.752] [DEBUG] debug-file - Update task entry:default@GeneratePkgContextInfo output file:D:\harmonyos_code\CanvasComponent\entry\build\default\intermediates\loader\default\pkgContextInfo.json cache.
[2026-04-20T20:56:56.753] [DEBUG] debug-file - Incremental task entry:default@GeneratePkgContextInfo post-execution cost:1 ms .
[2026-04-20T20:56:56.753] [DEBUG] debug-file - There is no need to refresh cache, since the incremental task entry:default@GeneratePkgSdkInfo is up-to-date.
[2026-04-20T20:56:56.753] [DEBUG] debug-file - Update task entry:default@ProcessIntegratedHsp output file:D:\harmonyos_code\CanvasComponent\build\cache\default\integrated_hsp\integratedHspCache.json cache.
[2026-04-20T20:56:56.753] [DEBUG] debug-file - Incremental task entry:default@ProcessIntegratedHsp post-execution cost:1 ms .
[2026-04-20T20:56:56.753] [DEBUG] debug-file - There is no need to refresh cache, since the incremental task entry:default@MakePackInfo is up-to-date.
[2026-04-20T20:56:56.753] [DEBUG] debug-file - Update task entry:default@SyscapTransform input file:D:\DevEco Studio\sdk\default\openharmony\toolchains\syscap_tool.exe cache by regenerate.
[2026-04-20T20:56:56.753] [DEBUG] debug-file - Update task entry:default@SyscapTransform input file:D:\DevEco Studio\sdk\default\openharmony\ets\api\device-define cache by regenerate.
[2026-04-20T20:56:56.754] [DEBUG] debug-file - Update task entry:default@SyscapTransform output file:D:\harmonyos_code\CanvasComponent\entry\build\default\intermediates\syscap\default\rpcid.sc cache.
[2026-04-20T20:56:56.754] [DEBUG] debug-file - Incremental task entry:default@SyscapTransform post-execution cost:2 ms .
[2026-04-20T20:56:56.754] [DEBUG] debug-file - There is no need to refresh cache, since the incremental task entry:default@ProcessProfile is up-to-date.
[2026-04-20T20:56:56.754] [DEBUG] debug-file - There is no need to refresh cache, since the incremental task entry:default@ProcessRouterMap is up-to-date.
[2026-04-20T20:56:56.755] [DEBUG] debug-file - There is no need to refresh cache, since the incremental task entry:default@ProcessShareConfig is up-to-date.
[2026-04-20T20:56:56.755] [DEBUG] debug-file - Update task entry:default@ProcessStartupConfig output file:D:\harmonyos_code\CanvasComponent\entry\build\default\intermediates\startup\default\startup_config.json cache.
[2026-04-20T20:56:56.755] [DEBUG] debug-file - Incremental task entry:default@ProcessStartupConfig post-execution cost:1 ms .
[2026-04-20T20:56:56.755] [DEBUG] debug-file - There is no need to refresh cache, since the incremental task entry:default@ProcessResource is up-to-date.
[2026-04-20T20:56:56.755] [DEBUG] debug-file - There is no need to refresh cache, since the incremental task entry:default@GenerateLoaderJson is up-to-date.
[2026-04-20T20:56:56.755] [DEBUG] debug-file - There is no need to refresh cache, since the incremental task entry:default@ProcessLibs is up-to-date.
[2026-04-20T20:56:56.755] [DEBUG] debug-file - There is no need to refresh cache, since the incremental task entry:default@CompileResource is up-to-date.
[2026-04-20T20:56:56.755] [DEBUG] debug-file - There is no need to refresh cache, since the incremental task entry:default@DoNativeStrip is up-to-date.
[2026-04-20T20:56:56.755] [DEBUG] debug-file - There is no need to refresh cache, since the incremental task entry:default@CompileArkTS is up-to-date.
[2026-04-20T20:56:56.756] [DEBUG] debug-file - Update task entry:default@BuildJS input file:D:\harmonyos_code\CanvasComponent\entry\build\default\intermediates\loader\default cache by regenerate.
[2026-04-20T20:56:56.756] [DEBUG] debug-file - Update task entry:default@BuildJS input file:D:\harmonyos_code\CanvasComponent\entry\build\default\intermediates\res\default\ResourceTable.txt cache by regenerate.
[2026-04-20T20:56:56.757] [DEBUG] debug-file - Update task entry:default@BuildJS input file:D:\harmonyos_code\CanvasComponent\entry\build\default\intermediates\res\default\ark_module.json cache by regenerate.
[2026-04-20T20:56:56.757] [DEBUG] debug-file - Update task entry:default@BuildJS input file:D:\harmonyos_code\CanvasComponent\entry\build\default\intermediates\res\default\resources\base\profile cache by regenerate.
[2026-04-20T20:56:56.757] [DEBUG] debug-file - Update task entry:default@BuildJS output file:D:\harmonyos_code\CanvasComponent\entry\build\default\intermediates\loader_out\default\js cache.
[2026-04-20T20:56:56.757] [DEBUG] debug-file - Incremental task entry:default@BuildJS post-execution cost:3 ms .
[2026-04-20T20:56:56.757] [DEBUG] debug-file - There is no need to refresh cache, since the incremental task entry:default@CacheNativeLibs is up-to-date.
[2026-04-20T20:56:56.757] [DEBUG] debug-file - There is no need to refresh cache, since the incremental task entry:default@GeneratePkgModuleJson is up-to-date.
[2026-04-20T20:56:56.757] [DEBUG] debug-file - Incremental task entry:default@ProcessCompiledResources post-execution cost:1 ms .
[2026-04-20T20:56:56.757] [DEBUG] debug-file - There is no need to refresh cache, since the incremental task entry:default@PackageHap is up-to-date.
[2026-04-20T20:56:56.758] [DEBUG] debug-file - Update task entry:default@SignHap input file:D:\harmonyos_code\CanvasComponent\entry\build\default\outputs\default\entry-default-unsigned.hap cache by regenerate.
[2026-04-20T20:56:56.758] [DEBUG] debug-file - Update task entry:default@SignHap output file:D:\harmonyos_code\CanvasComponent\entry\build\default\outputs\default\entry-default-signed.hap cache.
[2026-04-20T20:56:56.758] [DEBUG] debug-file - Incremental task entry:default@SignHap post-execution cost:1 ms .
[2026-04-20T20:56:56.758] [DEBUG] debug-file - Update task entry:default@CollectDebugSymbol input file:D:\harmonyos_code\CanvasComponent\entry\build\default\intermediates\loader_out\default\ets\sourceMaps.map cache by regenerate.
[2026-04-20T20:56:56.758] [DEBUG] debug-file - Update task entry:default@CollectDebugSymbol input file:D:\harmonyos_code\CanvasComponent\entry\build\default\intermediates\libs\default cache by regenerate.
[2026-04-20T20:56:56.758] [DEBUG] debug-file - Update task entry:default@CollectDebugSymbol output file:D:\harmonyos_code\CanvasComponent\entry\build\default\outputs\default\symbol cache.
[2026-04-20T20:56:56.759] [DEBUG] debug-file - Incremental task entry:default@CollectDebugSymbol post-execution cost:1 ms .
[2026-04-20T20:56:56.775] [DEBUG] debug-file - hvigor build process will be closed.
[2026-04-20T20:56:56.781] [DEBUG] debug-file - session manager: send message to worker process.
[2026-04-20T20:56:56.782] [DEBUG] debug-file - session manager: send message to worker process.
[2026-04-20T20:56:56.782] [DEBUG] debug-file - watch worker: worker id should be larger than 0. Nothing will be sent to any worker thread.
[2026-04-20T20:56:56.782] [DEBUG] debug-file - watch worker: worker id should be larger than 0. Nothing will be sent to any worker thread.
[2026-04-20T21:04:23.842] [DEBUG] debug-file - session manager: set active socket. socketId=Cu4q1QvTo71LJy7BAAAL
[2026-04-20T21:04:23.851] [DEBUG] debug-file - watch worker: worker id should be larger than 0. Nothing will be sent to any worker thread.
[2026-04-20T21:04:23.860] [DEBUG] debug-file - Workers' log level updated to INFO
[2026-04-20T21:04:23.868] [DEBUG] debug-file - Hvigor init with startParameters:{
  hvigorfileTypeCheck: false,
  parallelExecution: true,
  incrementalExecution: true,
  printStackTrace: false,
  daemon: true,
  analyze: 0,
  logLevel: Level { level: 20000, levelStr: 'INFO', colour: 'green' },
  optimizationStrategy: 'memory',
  hotCompile: undefined,
  hotReloadBuild: undefined,
  customizedParam: undefined
}
[2026-04-20T21:04:23.883] [DEBUG] debug-file - Cache service initialization finished in 15 ms 
[2026-04-20T21:04:23.884] [DEBUG] debug-file - hvigorfile, resolving D:\harmonyos_code\CanvasComponent\hvigorfile.ts
[2026-04-20T21:04:23.905] [DEBUG] debug-file - hvigorfile, require result:  {}
[2026-04-20T21:04:23.905] [DEBUG] debug-file - hvigorfile, binding system plugins {}
[2026-04-20T21:04:23.907] [DEBUG] debug-file - Starting plugin build process
[2026-04-20T21:04:23.907] [DEBUG] debug-file - App plugin prepare start...
[2026-04-20T21:04:23.907] [DEBUG] debug-file - App plugin prepare end...
[2026-04-20T21:04:23.907] [DEBUG] debug-file - App plugin creating...
[2026-04-20T21:04:23.918] [DEBUG] debug-file - App plugin register hook start...
[2026-04-20T21:04:23.919] [DEBUG] debug-file - App plugin register hook end...
[2026-04-20T21:04:23.919] [DEBUG] debug-file - Plugin build process completed
[2026-04-20T21:04:23.919] [DEBUG] debug-file - Start initialize project's product build option map with build mode debug.
[2026-04-20T21:04:23.919] [DEBUG] debug-file - Picking option from product 'default' with build mode 'debug'.
[2026-04-20T21:04:23.920] [DEBUG] debug-file - Product 'default' build option initialized
[2026-04-20T21:04:23.920] [DEBUG] debug-file - End initialize project's product build option map with build mode 'debug'.
[2026-04-20T21:04:23.921] [DEBUG] debug-file - Obtain build option for product 'default'in this build.
[2026-04-20T21:04:23.923] [DEBUG] debug-file - No signingConfig found, initRemoteHspCache failed.
[2026-04-20T21:04:23.927] [DEBUG] debug-file - Start recording SDK configuration permission data.
[2026-04-20T21:04:23.958] [DEBUG] debug-file - Sdk init in 35 ms 
[2026-04-20T21:04:23.962] [DEBUG] debug-file - Project task initialization takes 4 ms 
[2026-04-20T21:04:23.962] [DEBUG] debug-file - hvigorfile, resolve finished D:\harmonyos_code\CanvasComponent\hvigorfile.ts
[2026-04-20T21:04:23.962] [DEBUG] debug-file - hvigorfile, resolving D:\harmonyos_code\CanvasComponent\entry\hvigorfile.ts
[2026-04-20T21:04:23.966] [DEBUG] debug-file - hvigorfile, require result:  {}
[2026-04-20T21:04:23.966] [DEBUG] debug-file - hvigorfile, binding system plugins {}
[2026-04-20T21:04:23.966] [DEBUG] debug-file - Starting plugin build process
[2026-04-20T21:04:23.966] [DEBUG] debug-file - Hap plugin creating...
[2026-04-20T21:04:23.968] [DEBUG] debug-file - failed to load cangjie to dynamically generate schemas: Error: Cannot find module '@ohos/cangjie-build-support/index'
Require stack:
- D:\DevEco Studio\tools\hvigor\hvigor-ohos-plugin\src\plugin\hooks\cangjie-register.js
- D:\DevEco Studio\tools\hvigor\hvigor-ohos-plugin\src\plugin\strategy\stage-init-strategy.js
- D:\DevEco Studio\tools\hvigor\hvigor-ohos-plugin\src\plugin\builder\abstract-plugin-builder.js
- D:\DevEco Studio\tools\hvigor\hvigor-ohos-plugin\src\plugin\builder\app-plugin-builder.js
- D:\DevEco Studio\tools\hvigor\hvigor-ohos-plugin\src\plugin\factory\plugin-factory.js
- D:\DevEco Studio\tools\hvigor\hvigor-ohos-plugin\index.js
- D:\harmonyos_code\CanvasComponent\hvigorfile.ts
- D:\DevEco Studio\tools\hvigor\hvigor\src\base\internal\lifecycle\configuration.js
- D:\DevEco Studio\tools\hvigor\hvigor\src\base\boot\index.js
- D:\DevEco Studio\tools\hvigor\hvigor\src\base\daemon\cluster\worker-process-lifecycle.js
- D:\DevEco Studio\tools\hvigor\hvigor\src\base\daemon\process\daemon-process-boot-script.js
[2026-04-20T21:04:23.970] [DEBUG] debug-file - Start initialize module-target build option map, moduleName=entry, buildMode=release
[2026-04-20T21:04:23.971] [DEBUG] debug-file - Target 'default' config initialized
[2026-04-20T21:04:23.971] [DEBUG] debug-file - Module 'entry' target 'default' build option initialized
[2026-04-20T21:04:23.971] [DEBUG] debug-file - End initialize module-target build option map, moduleName=entry
[2026-04-20T21:04:23.971] [DEBUG] debug-file - Start initialize module-target build option map, moduleName=entry, buildMode=debug
[2026-04-20T21:04:23.971] [DEBUG] debug-file - Target 'default' config initialized
[2026-04-20T21:04:23.971] [DEBUG] debug-file - Module 'entry' target 'default' build option initialized
[2026-04-20T21:04:23.971] [DEBUG] debug-file - End initialize module-target build option map, moduleName=entry
[2026-04-20T21:04:23.971] [DEBUG] debug-file - Start initialize module-target build option map, moduleName=entry, buildMode=debug
[2026-04-20T21:04:23.971] [DEBUG] debug-file - Target 'default' config initialized
[2026-04-20T21:04:23.971] [DEBUG] debug-file - Module 'entry' target 'default' build option initialized
[2026-04-20T21:04:23.971] [DEBUG] debug-file - End initialize module-target build option map, moduleName=entry
[2026-04-20T21:04:23.971] [DEBUG] debug-file - Obtain build option for module 'entry' target 'default'in this build.
[2026-04-20T21:04:23.974] [DEBUG] debug-file - Module entry task initialization takes 3 ms 
[2026-04-20T21:04:23.974] [DEBUG] debug-file - Hap plugin register hook start...
[2026-04-20T21:04:23.974] [DEBUG] debug-file - Hap plugin register hook end...
[2026-04-20T21:04:23.974] [DEBUG] debug-file - Plugin build process completed
[2026-04-20T21:04:23.974] [DEBUG] debug-file - hvigorfile, resolve finished D:\harmonyos_code\CanvasComponent\entry\hvigorfile.ts
[2026-04-20T21:04:24.003] [DEBUG] debug-file - hvigorfile, resolve hvigorfile dependencies in 29 ms 
[2026-04-20T21:04:24.003] [DEBUG] debug-file - project has submodules:entry
[2026-04-20T21:04:24.005] [DEBUG] debug-file - start to load updatedOhPackageInfo to the disk
[2026-04-20T21:04:24.007] [DEBUG] debug-file - load to the disk finished
[2026-04-20T21:04:24.008] [DEBUG] debug-file - Start to initialize dependency information.
[2026-04-20T21:04:24.009] [DEBUG] debug-file - Module CanvasComponent Collected Dependency: 
[2026-04-20T21:04:24.009] [DEBUG] debug-file - Module CanvasComponent's total dependency: 0
[2026-04-20T21:04:24.009] [DEBUG] debug-file - Start to initialize dependency information.
[2026-04-20T21:04:24.011] [DEBUG] debug-file - Module entry Collected Dependency: 
[2026-04-20T21:04:24.011] [DEBUG] debug-file - Module entry's total dependency: 0
[2026-04-20T21:04:24.013] [DEBUG] debug-file - Configuration phase cost:130 ms 
[2026-04-20T21:04:24.014] [DEBUG] debug-file - Configuration task cost before running: 153 ms 
[2026-04-20T21:04:24.017] [DEBUG] debug-file - Executing task :entry:default@PreBuild
[2026-04-20T21:04:24.018] [DEBUG] debug-file - Task 'entry:default@PreBuild' cost while wrapping incremental declarations: 1 ms 
[2026-04-20T21:04:24.024] [DEBUG] debug-file - Incremental task entry:default@PreBuild pre-execution cost: 5 ms .
[2026-04-20T21:04:24.024] [DEBUG] debug-file - entry : default@PreBuild cost memory 0.31092071533203125
[2026-04-20T21:04:24.026] [INFO] debug-file - UP-TO-DATE :entry:default@PreBuild...  
[2026-04-20T21:04:24.027] [DEBUG] debug-file - Executing task :entry:default@CreateModuleInfo
[2026-04-20T21:04:24.027] [DEBUG] debug-file - Task 'entry:default@CreateModuleInfo' cost while wrapping incremental declarations: 1 ms 
[2026-04-20T21:04:24.027] [DEBUG] debug-file - entry : default@CreateModuleInfo cost memory 0.04137420654296875
[2026-04-20T21:04:24.028] [DEBUG] debug-file - runTaskFromQueue task cost before running: 167 ms 
[2026-04-20T21:04:24.028] [INFO] debug-file - Finished :entry:default@CreateModuleInfo... after 1 ms 
[2026-04-20T21:04:24.029] [DEBUG] debug-file - Executing task :entry:default@GenerateMetadata
[2026-04-20T21:04:24.029] [DEBUG] debug-file - Task 'entry:default@GenerateMetadata' cost while wrapping incremental declarations: 1 ms 
[2026-04-20T21:04:24.030] [DEBUG] debug-file - Incremental task entry:default@GenerateMetadata pre-execution cost: 2 ms .
[2026-04-20T21:04:24.031] [DEBUG] debug-file - entry : default@GenerateMetadata cost memory 0.0854034423828125
[2026-04-20T21:04:24.031] [INFO] debug-file - UP-TO-DATE :entry:default@GenerateMetadata...  
[2026-04-20T21:04:24.033] [DEBUG] debug-file - Executing task :entry:default@ConfigureCmake
[2026-04-20T21:04:24.033] [DEBUG] debug-file - entry : default@ConfigureCmake cost memory 0.0145263671875
[2026-04-20T21:04:24.033] [DEBUG] debug-file - runTaskFromQueue task cost before running: 173 ms 
[2026-04-20T21:04:24.034] [INFO] debug-file - Finished :entry:default@ConfigureCmake... after 1 ms 
[2026-04-20T21:04:24.035] [DEBUG] debug-file - Executing task :entry:default@MergeProfile
[2026-04-20T21:04:24.035] [DEBUG] debug-file - Task 'entry:default@MergeProfile' cost while wrapping incremental declarations: 1 ms 
[2026-04-20T21:04:24.038] [DEBUG] debug-file - Incremental task entry:default@MergeProfile pre-execution cost: 3 ms .
[2026-04-20T21:04:24.038] [DEBUG] debug-file - entry : default@MergeProfile cost memory 0.125396728515625
[2026-04-20T21:04:24.038] [INFO] debug-file - UP-TO-DATE :entry:default@MergeProfile...  
[2026-04-20T21:04:24.039] [DEBUG] debug-file - Executing task :entry:default@CreateBuildProfile
[2026-04-20T21:04:24.039] [DEBUG] debug-file - Task 'entry:default@CreateBuildProfile' cost while wrapping incremental declarations: 1 ms 
[2026-04-20T21:04:24.040] [DEBUG] debug-file - Incremental task entry:default@CreateBuildProfile pre-execution cost: 1 ms .
[2026-04-20T21:04:24.040] [DEBUG] debug-file - entry : default@CreateBuildProfile cost memory 0.10221099853515625
[2026-04-20T21:04:24.040] [INFO] debug-file - UP-TO-DATE :entry:default@CreateBuildProfile...  
[2026-04-20T21:04:24.041] [DEBUG] debug-file - Executing task :entry:default@PreCheckSyscap
[2026-04-20T21:04:24.041] [DEBUG] debug-file - entry : default@PreCheckSyscap cost memory 0.0147552490234375
[2026-04-20T21:04:24.041] [DEBUG] debug-file - runTaskFromQueue task cost before running: 181 ms 
[2026-04-20T21:04:24.041] [INFO] debug-file - Finished :entry:default@PreCheckSyscap... after 1 ms 
[2026-04-20T21:04:24.042] [DEBUG] debug-file - Executing task :entry:default@GeneratePkgContextInfo
[2026-04-20T21:04:24.046] [DEBUG] debug-file - Task 'entry:default@GeneratePkgContextInfo' cost while wrapping incremental declarations: 1 ms 
[2026-04-20T21:04:24.046] [DEBUG] debug-file - entry : default@GeneratePkgContextInfo cost memory 0.221923828125
[2026-04-20T21:04:24.046] [DEBUG] debug-file - runTaskFromQueue task cost before running: 185 ms 
[2026-04-20T21:04:24.046] [INFO] debug-file - Finished :entry:default@GeneratePkgContextInfo... after 4 ms 
[2026-04-20T21:04:24.046] [DEBUG] debug-file - Executing task :entry:default@GeneratePkgSdkInfo
[2026-04-20T21:04:24.048] [DEBUG] debug-file - Task 'entry:default@GeneratePkgSdkInfo' cost while wrapping incremental declarations: 1 ms 
[2026-04-20T21:04:24.048] [DEBUG] debug-file - Incremental task entry:default@GeneratePkgSdkInfo pre-execution cost: 1 ms .
[2026-04-20T21:04:24.048] [DEBUG] debug-file - entry : default@GeneratePkgSdkInfo cost memory 0.12410736083984375
[2026-04-20T21:04:24.048] [INFO] debug-file - UP-TO-DATE :entry:default@GeneratePkgSdkInfo...  
[2026-04-20T21:04:24.050] [DEBUG] debug-file - Executing task :entry:default@ProcessIntegratedHsp
[2026-04-20T21:04:24.051] [DEBUG] debug-file - entry:default@ProcessIntegratedHsp is not up-to-date, since the output file 'D:\harmonyos_code\CanvasComponent\build\cache\default\integrated_hsp\integratedHspCache.json' does not exist.
[2026-04-20T21:04:24.051] [DEBUG] debug-file - Incremental task entry:default@ProcessIntegratedHsp pre-execution cost: 1 ms .
[2026-04-20T21:04:24.051] [DEBUG] debug-file - entry : default@ProcessIntegratedHsp cost memory 0.0564422607421875
[2026-04-20T21:04:24.051] [DEBUG] debug-file - runTaskFromQueue task cost before running: 190 ms 
[2026-04-20T21:04:24.051] [INFO] debug-file - Finished :entry:default@ProcessIntegratedHsp... after 1 ms 
[2026-04-20T21:04:24.052] [DEBUG] debug-file - Executing task :entry:default@BuildNativeWithCmake
[2026-04-20T21:04:24.052] [DEBUG] debug-file - entry : default@BuildNativeWithCmake cost memory 0.0145263671875
[2026-04-20T21:04:24.052] [DEBUG] debug-file - runTaskFromQueue task cost before running: 191 ms 
[2026-04-20T21:04:24.052] [INFO] debug-file - Finished :entry:default@BuildNativeWithCmake... after 1 ms 
[2026-04-20T21:04:24.053] [DEBUG] debug-file - Executing task :entry:default@MakePackInfo
[2026-04-20T21:04:24.054] [DEBUG] debug-file - Incremental task entry:default@MakePackInfo pre-execution cost: 2 ms .
[2026-04-20T21:04:24.054] [DEBUG] debug-file - entry : default@MakePackInfo cost memory 0.10503387451171875
[2026-04-20T21:04:24.055] [INFO] debug-file - UP-TO-DATE :entry:default@MakePackInfo...  
[2026-04-20T21:04:24.056] [DEBUG] debug-file - Executing task :entry:default@SyscapTransform
[2026-04-20T21:04:24.056] [DEBUG] debug-file - File: 'D:\harmonyos_code\CanvasComponent\entry\src\main\syscap.json' from 'sysCapJsonPath' is not exists, just ignore.
[2026-04-20T21:04:24.058] [DEBUG] debug-file - Task 'entry:default@SyscapTransform' cost while wrapping incremental declarations: 2 ms 
[2026-04-20T21:04:24.061] [DEBUG] debug-file - entry:default@SyscapTransform is not up-to-date, since the output file 'D:\harmonyos_code\CanvasComponent\entry\build\default\intermediates\syscap\default\rpcid.sc' does not exist.
[2026-04-20T21:04:24.061] [DEBUG] debug-file - Incremental task entry:default@SyscapTransform pre-execution cost: 3 ms .
[2026-04-20T21:04:24.061] [DEBUG] debug-file - entry : default@SyscapTransform cost memory -1.3702926635742188
[2026-04-20T21:04:24.061] [DEBUG] debug-file - runTaskFromQueue task cost before running: 201 ms 
[2026-04-20T21:04:24.061] [INFO] debug-file - Finished :entry:default@SyscapTransform... after 6 ms 
[2026-04-20T21:04:24.063] [DEBUG] debug-file - Executing task :entry:default@ProcessProfile
[2026-04-20T21:04:24.065] [DEBUG] debug-file - Task 'entry:default@ProcessProfile' cost while wrapping incremental declarations: 1 ms 
[2026-04-20T21:04:24.066] [DEBUG] debug-file - Incremental task entry:default@ProcessProfile pre-execution cost: 1 ms .
[2026-04-20T21:04:24.066] [DEBUG] debug-file - entry : default@ProcessProfile cost memory 0.122589111328125
[2026-04-20T21:04:24.066] [INFO] debug-file - UP-TO-DATE :entry:default@ProcessProfile...  
[2026-04-20T21:04:24.067] [DEBUG] debug-file - Executing task :entry:default@ProcessRouterMap
[2026-04-20T21:04:24.070] [DEBUG] debug-file - Incremental task entry:default@ProcessRouterMap pre-execution cost: 3 ms .
[2026-04-20T21:04:24.070] [DEBUG] debug-file - entry : default@ProcessRouterMap cost memory 0.128875732421875
[2026-04-20T21:04:24.070] [INFO] debug-file - UP-TO-DATE :entry:default@ProcessRouterMap...  
[2026-04-20T21:04:24.071] [DEBUG] debug-file - Executing task :entry:default@ProcessShareConfig
[2026-04-20T21:04:24.072] [DEBUG] debug-file - Incremental task entry:default@ProcessShareConfig pre-execution cost: 1 ms .
[2026-04-20T21:04:24.072] [DEBUG] debug-file - entry : default@ProcessShareConfig cost memory 0.1021728515625
[2026-04-20T21:04:24.072] [INFO] debug-file - UP-TO-DATE :entry:default@ProcessShareConfig...  
[2026-04-20T21:04:24.073] [DEBUG] debug-file - Executing task :entry:default@ProcessStartupConfig
[2026-04-20T21:04:24.073] [DEBUG] debug-file - Task 'entry:default@ProcessStartupConfig' cost while wrapping incremental declarations: 1 ms 
[2026-04-20T21:04:24.073] [DEBUG] debug-file - entry:default@ProcessStartupConfig is not up-to-date, since the output file 'D:\harmonyos_code\CanvasComponent\entry\build\default\intermediates\startup\default\startup_config.json' does not exist.
[2026-04-20T21:04:24.074] [DEBUG] debug-file - Incremental task entry:default@ProcessStartupConfig pre-execution cost: 1 ms .
[2026-04-20T21:04:24.074] [DEBUG] debug-file - entry : default@ProcessStartupConfig cost memory 0.08998870849609375
[2026-04-20T21:04:24.074] [DEBUG] debug-file - runTaskFromQueue task cost before running: 213 ms 
[2026-04-20T21:04:24.074] [INFO] debug-file - Finished :entry:default@ProcessStartupConfig... after 1 ms 
[2026-04-20T21:04:24.074] [DEBUG] debug-file - Executing task :entry:default@BuildNativeWithNinja
[2026-04-20T21:04:24.075] [DEBUG] debug-file - entry : default@BuildNativeWithNinja cost memory 0.020355224609375
[2026-04-20T21:04:24.075] [DEBUG] debug-file - runTaskFromQueue task cost before running: 214 ms 
[2026-04-20T21:04:24.075] [INFO] debug-file - Finished :entry:default@BuildNativeWithNinja... after 1 ms 
[2026-04-20T21:04:24.076] [DEBUG] debug-file - restool module names: entry; moduleName=entry, taskName=default@ProcessResource
[2026-04-20T21:04:24.077] [DEBUG] debug-file - Executing task :entry:default@ProcessResource
[2026-04-20T21:04:24.077] [DEBUG] debug-file - Task 'entry:default@ProcessResource' cost while wrapping incremental declarations: 1 ms 
[2026-04-20T21:04:24.078] [DEBUG] debug-file - Incremental task entry:default@ProcessResource pre-execution cost: 1 ms .
[2026-04-20T21:04:24.078] [DEBUG] debug-file - entry : default@ProcessResource cost memory 0.1353607177734375
[2026-04-20T21:04:24.079] [INFO] debug-file - UP-TO-DATE :entry:default@ProcessResource...  
[2026-04-20T21:04:24.080] [DEBUG] debug-file - Executing task :entry:default@GenerateLoaderJson
[2026-04-20T21:04:24.080] [DEBUG] debug-file - Task 'entry:default@GenerateLoaderJson' cost while wrapping incremental declarations: 1 ms 
[2026-04-20T21:04:24.088] [DEBUG] debug-file - Incremental task entry:default@GenerateLoaderJson pre-execution cost: 4 ms .
[2026-04-20T21:04:24.088] [DEBUG] debug-file - entry : default@GenerateLoaderJson cost memory -1.1674270629882812
[2026-04-20T21:04:24.093] [INFO] debug-file - UP-TO-DATE :entry:default@GenerateLoaderJson...  
[2026-04-20T21:04:24.093] [DEBUG] debug-file - Executing task :entry:default@ProcessLibs
[2026-04-20T21:04:24.095] [DEBUG] debug-file - Incremental task entry:default@ProcessLibs pre-execution cost: 2 ms .
[2026-04-20T21:04:24.095] [DEBUG] debug-file - entry : default@ProcessLibs cost memory 0.0994873046875
[2026-04-20T21:04:24.096] [INFO] debug-file - UP-TO-DATE :entry:default@ProcessLibs...  
[2026-04-20T21:04:24.097] [DEBUG] debug-file - restool module names: entry; moduleName=entry, taskName=default@CompileResource
[2026-04-20T21:04:24.097] [DEBUG] debug-file - Executing task :entry:default@CompileResource
[2026-04-20T21:04:24.109] [DEBUG] debug-file - Incremental task entry:default@CompileResource pre-execution cost: 12 ms .
[2026-04-20T21:04:24.109] [DEBUG] debug-file - entry : default@CompileResource cost memory 0.8241348266601562
[2026-04-20T21:04:24.110] [INFO] debug-file - UP-TO-DATE :entry:default@CompileResource...  
[2026-04-20T21:04:24.112] [DEBUG] debug-file - Executing task :entry:default@DoNativeStrip
[2026-04-20T21:04:24.112] [DEBUG] debug-file - File: 'D:\harmonyos_code\CanvasComponent\entry\build\default\intermediates\binxo\default' from 'doBinxoNativeLibs' is not exists, just ignore.
[2026-04-20T21:04:24.112] [DEBUG] debug-file - Task 'entry:default@DoNativeStrip' cost while wrapping incremental declarations: 1 ms 
[2026-04-20T21:04:24.113] [DEBUG] debug-file - Incremental task entry:default@DoNativeStrip pre-execution cost: 1 ms .
[2026-04-20T21:04:24.113] [DEBUG] debug-file - entry : default@DoNativeStrip cost memory 0.09203338623046875
[2026-04-20T21:04:24.113] [INFO] debug-file - UP-TO-DATE :entry:default@DoNativeStrip...  
[2026-04-20T21:04:24.114] [DEBUG] debug-file - Executing task :entry:default@CompileArkTS
[2026-04-20T21:04:24.114] [DEBUG] debug-file - obfuscationOptions: undefined
[2026-04-20T21:04:24.115] [DEBUG] debug-file - Task 'entry:default@CompileArkTS' cost while wrapping incremental declarations: 1 ms 
[2026-04-20T21:04:24.122] [DEBUG] debug-file - Incremental task entry:default@CompileArkTS pre-execution cost: 7 ms .
[2026-04-20T21:04:24.122] [DEBUG] debug-file - entry : default@CompileArkTS cost memory 0.5867843627929688
[2026-04-20T21:04:24.124] [INFO] debug-file - UP-TO-DATE :entry:default@CompileArkTS...  
[2026-04-20T21:04:24.126] [DEBUG] debug-file - Executing task :entry:default@BuildJS
[2026-04-20T21:04:24.126] [DEBUG] debug-file - Task 'entry:default@BuildJS' cost while wrapping incremental declarations: 1 ms 
[2026-04-20T21:04:24.128] [DEBUG] debug-file - entry : default@BuildJS cost memory 0.14412689208984375
[2026-04-20T21:04:24.128] [DEBUG] debug-file - runTaskFromQueue task cost before running: 267 ms 
[2026-04-20T21:04:24.128] [INFO] debug-file - Finished :entry:default@BuildJS... after 3 ms 
[2026-04-20T21:04:24.129] [DEBUG] debug-file - Executing task :entry:default@CacheNativeLibs
[2026-04-20T21:04:24.129] [DEBUG] debug-file - File: 'D:\harmonyos_code\CanvasComponent\entry\build\default\intermediates\binxo\default' from 'cacheBinxoNativeLibs' is not exists, just ignore.
[2026-04-20T21:04:24.129] [DEBUG] debug-file - Task 'entry:default@CacheNativeLibs' cost while wrapping incremental declarations: 1 ms 
[2026-04-20T21:04:24.131] [DEBUG] debug-file - Incremental task entry:default@CacheNativeLibs pre-execution cost: 2 ms .
[2026-04-20T21:04:24.131] [DEBUG] debug-file - entry : default@CacheNativeLibs cost memory 0.11989593505859375
[2026-04-20T21:04:24.131] [INFO] debug-file - UP-TO-DATE :entry:default@CacheNativeLibs...  
[2026-04-20T21:04:24.132] [DEBUG] debug-file - Executing task :entry:default@GeneratePkgModuleJson
[2026-04-20T21:04:24.132] [DEBUG] debug-file - File: 'D:\harmonyos_code\CanvasComponent\entry\build\default\intermediates\preload\default\preload.json' from 'preloadSoJsonPath' is not exists, just ignore.
[2026-04-20T21:04:24.132] [DEBUG] debug-file - Error occurs while handling @Input 'shouldDeduplicateHar': The "data" argument must be of type string or an instance of Buffer, TypedArray, or DataView. Received undefined
[2026-04-20T21:04:24.132] [DEBUG] debug-file - Task 'entry:default@GeneratePkgModuleJson' cost while wrapping incremental declarations: 1 ms 
[2026-04-20T21:04:24.133] [DEBUG] debug-file - Incremental task entry:default@GeneratePkgModuleJson pre-execution cost: 1 ms .
[2026-04-20T21:04:24.133] [DEBUG] debug-file - entry : default@GeneratePkgModuleJson cost memory 0.22229766845703125
[2026-04-20T21:04:24.133] [INFO] debug-file - UP-TO-DATE :entry:default@GeneratePkgModuleJson...  
[2026-04-20T21:04:24.134] [DEBUG] debug-file - Executing task :entry:default@ProcessCompiledResources
[2026-04-20T21:04:24.134] [DEBUG] debug-file - File: 'D:\harmonyos_code\CanvasComponent\entry\build\default\intermediates\preload\default\preload.json' from 'preloadSoJsonPath' is not exists, just ignore.
[2026-04-20T21:04:24.134] [DEBUG] debug-file - Task 'entry:default@ProcessCompiledResources' cost while wrapping incremental declarations: 1 ms 
[2026-04-20T21:04:24.134] [DEBUG] debug-file - entry : default@ProcessCompiledResources cost memory 0.05620574951171875
[2026-04-20T21:04:24.134] [DEBUG] debug-file - runTaskFromQueue task cost before running: 274 ms 
[2026-04-20T21:04:24.135] [INFO] debug-file - Finished :entry:default@ProcessCompiledResources... after 1 ms 
[2026-04-20T21:04:24.136] [DEBUG] debug-file - Executing task :entry:default@PackageHap
[2026-04-20T21:04:24.144] [DEBUG] debug-file - Incremental task entry:default@PackageHap pre-execution cost: 7 ms .
[2026-04-20T21:04:24.145] [DEBUG] debug-file - entry : default@PackageHap cost memory 0.5069808959960938
[2026-04-20T21:04:24.146] [INFO] debug-file - UP-TO-DATE :entry:default@PackageHap...  
[2026-04-20T21:04:24.147] [DEBUG] debug-file - Executing task :entry:default@PackingCheck
[2026-04-20T21:04:24.152] [DEBUG] debug-file - entry : default@PackingCheck cost memory 0.38071441650390625
[2026-04-20T21:04:24.152] [DEBUG] debug-file - runTaskFromQueue task cost before running: 291 ms 
[2026-04-20T21:04:24.152] [INFO] debug-file - Finished :entry:default@PackingCheck... after 5 ms 
[2026-04-20T21:04:24.153] [DEBUG] debug-file - Executing task :entry:default@SignHap
[2026-04-20T21:04:24.153] [WARN] debug-file - Will skip sign 'hos_hap'. No signingConfigs profile is configured in current project.
             If needed, configure the signingConfigs in D:\harmonyos_code\CanvasComponent\build-profile.json5.
[2026-04-20T21:04:24.154] [DEBUG] debug-file - entry:default@SignHap is not up-to-date, since the output file 'D:\harmonyos_code\CanvasComponent\entry\build\default\outputs\default\entry-default-signed.hap' does not exist.
[2026-04-20T21:04:24.154] [DEBUG] debug-file - Incremental task entry:default@SignHap pre-execution cost: 1 ms .
[2026-04-20T21:04:24.154] [DEBUG] debug-file - entry : default@SignHap cost memory 0.08762359619140625
[2026-04-20T21:04:24.154] [DEBUG] debug-file - runTaskFromQueue task cost before running: 294 ms 
[2026-04-20T21:04:24.154] [INFO] debug-file - Finished :entry:default@SignHap... after 2 ms 
[2026-04-20T21:04:24.155] [DEBUG] debug-file - Executing task :entry:default@CollectDebugSymbol
[2026-04-20T21:04:24.156] [DEBUG] debug-file - entry : default@CollectDebugSymbol cost memory 0.083038330078125
[2026-04-20T21:04:24.156] [DEBUG] debug-file - runTaskFromQueue task cost before running: 295 ms 
[2026-04-20T21:04:24.156] [INFO] debug-file - Finished :entry:default@CollectDebugSymbol... after 1 ms 
[2026-04-20T21:04:24.156] [DEBUG] debug-file - Executing task :entry:assembleHap
[2026-04-20T21:04:24.156] [DEBUG] debug-file - entry : assembleHap cost memory 0.0122528076171875
[2026-04-20T21:04:24.156] [DEBUG] debug-file - runTaskFromQueue task cost before running: 296 ms 
[2026-04-20T21:04:24.156] [INFO] debug-file - Finished :entry:assembleHap... after 1 ms 
[2026-04-20T21:04:24.169] [INFO] debug-file - BUILD SUCCESSFUL in 308 ms 
[2026-04-20T21:04:24.169] [DEBUG] debug-file - There is no need to refresh cache, since the incremental task entry:default@PreBuild is up-to-date.
[2026-04-20T21:04:24.169] [DEBUG] debug-file - Update task entry:default@CreateModuleInfo output file:D:\harmonyos_code\CanvasComponent\entry\build\default\generated\profile\default\ModuleInfo.ts cache.
[2026-04-20T21:04:24.169] [DEBUG] debug-file - Incremental task entry:default@CreateModuleInfo post-execution cost:1 ms .
[2026-04-20T21:04:24.170] [DEBUG] debug-file - There is no need to refresh cache, since the incremental task entry:default@GenerateMetadata is up-to-date.
[2026-04-20T21:04:24.170] [DEBUG] debug-file - There is no need to refresh cache, since the incremental task entry:default@MergeProfile is up-to-date.
[2026-04-20T21:04:24.170] [DEBUG] debug-file - There is no need to refresh cache, since the incremental task entry:default@CreateBuildProfile is up-to-date.
[2026-04-20T21:04:24.170] [DEBUG] debug-file - Update task entry:default@GeneratePkgContextInfo output file:D:\harmonyos_code\CanvasComponent\entry\build\default\intermediates\loader\default\pkgContextInfo.json cache.
[2026-04-20T21:04:24.170] [DEBUG] debug-file - Incremental task entry:default@GeneratePkgContextInfo post-execution cost:1 ms .
[2026-04-20T21:04:24.170] [DEBUG] debug-file - There is no need to refresh cache, since the incremental task entry:default@GeneratePkgSdkInfo is up-to-date.
[2026-04-20T21:04:24.170] [DEBUG] debug-file - Update task entry:default@ProcessIntegratedHsp output file:D:\harmonyos_code\CanvasComponent\build\cache\default\integrated_hsp\integratedHspCache.json cache.
[2026-04-20T21:04:24.171] [DEBUG] debug-file - Incremental task entry:default@ProcessIntegratedHsp post-execution cost:2 ms .
[2026-04-20T21:04:24.171] [DEBUG] debug-file - There is no need to refresh cache, since the incremental task entry:default@MakePackInfo is up-to-date.
[2026-04-20T21:04:24.171] [DEBUG] debug-file - Update task entry:default@SyscapTransform input file:D:\DevEco Studio\sdk\default\openharmony\toolchains\syscap_tool.exe cache by regenerate.
[2026-04-20T21:04:24.172] [DEBUG] debug-file - Update task entry:default@SyscapTransform input file:D:\DevEco Studio\sdk\default\openharmony\ets\api\device-define cache by regenerate.
[2026-04-20T21:04:24.174] [DEBUG] debug-file - Update task entry:default@SyscapTransform output file:D:\harmonyos_code\CanvasComponent\entry\build\default\intermediates\syscap\default\rpcid.sc cache.
[2026-04-20T21:04:24.174] [DEBUG] debug-file - Incremental task entry:default@SyscapTransform post-execution cost:3 ms .
[2026-04-20T21:04:24.174] [DEBUG] debug-file - There is no need to refresh cache, since the incremental task entry:default@ProcessProfile is up-to-date.
[2026-04-20T21:04:24.174] [DEBUG] debug-file - There is no need to refresh cache, since the incremental task entry:default@ProcessRouterMap is up-to-date.
[2026-04-20T21:04:24.174] [DEBUG] debug-file - There is no need to refresh cache, since the incremental task entry:default@ProcessShareConfig is up-to-date.
[2026-04-20T21:04:24.175] [DEBUG] debug-file - Update task entry:default@ProcessStartupConfig output file:D:\harmonyos_code\CanvasComponent\entry\build\default\intermediates\startup\default\startup_config.json cache.
[2026-04-20T21:04:24.175] [DEBUG] debug-file - Incremental task entry:default@ProcessStartupConfig post-execution cost:1 ms .
[2026-04-20T21:04:24.175] [DEBUG] debug-file - There is no need to refresh cache, since the incremental task entry:default@ProcessResource is up-to-date.
[2026-04-20T21:04:24.175] [DEBUG] debug-file - There is no need to refresh cache, since the incremental task entry:default@GenerateLoaderJson is up-to-date.
[2026-04-20T21:04:24.175] [DEBUG] debug-file - There is no need to refresh cache, since the incremental task entry:default@ProcessLibs is up-to-date.
[2026-04-20T21:04:24.175] [DEBUG] debug-file - There is no need to refresh cache, since the incremental task entry:default@CompileResource is up-to-date.
[2026-04-20T21:04:24.175] [DEBUG] debug-file - There is no need to refresh cache, since the incremental task entry:default@DoNativeStrip is up-to-date.
[2026-04-20T21:04:24.175] [DEBUG] debug-file - There is no need to refresh cache, since the incremental task entry:default@CompileArkTS is up-to-date.
[2026-04-20T21:04:24.176] [DEBUG] debug-file - Update task entry:default@BuildJS input file:D:\harmonyos_code\CanvasComponent\entry\build\default\intermediates\loader\default cache by regenerate.
[2026-04-20T21:04:24.177] [DEBUG] debug-file - Update task entry:default@BuildJS input file:D:\harmonyos_code\CanvasComponent\entry\build\default\intermediates\res\default\ResourceTable.txt cache by regenerate.
[2026-04-20T21:04:24.178] [DEBUG] debug-file - Update task entry:default@BuildJS input file:D:\harmonyos_code\CanvasComponent\entry\build\default\intermediates\res\default\ark_module.json cache by regenerate.
[2026-04-20T21:04:24.178] [DEBUG] debug-file - Update task entry:default@BuildJS input file:D:\harmonyos_code\CanvasComponent\entry\build\default\intermediates\res\default\resources\base\profile cache by regenerate.
[2026-04-20T21:04:24.179] [DEBUG] debug-file - Update task entry:default@BuildJS output file:D:\harmonyos_code\CanvasComponent\entry\build\default\intermediates\loader_out\default\js cache.
[2026-04-20T21:04:24.179] [DEBUG] debug-file - Incremental task entry:default@BuildJS post-execution cost:4 ms .
[2026-04-20T21:04:24.179] [DEBUG] debug-file - There is no need to refresh cache, since the incremental task entry:default@CacheNativeLibs is up-to-date.
[2026-04-20T21:04:24.179] [DEBUG] debug-file - There is no need to refresh cache, since the incremental task entry:default@GeneratePkgModuleJson is up-to-date.
[2026-04-20T21:04:24.179] [DEBUG] debug-file - Incremental task entry:default@ProcessCompiledResources post-execution cost:1 ms .
[2026-04-20T21:04:24.179] [DEBUG] debug-file - There is no need to refresh cache, since the incremental task entry:default@PackageHap is up-to-date.
[2026-04-20T21:04:24.179] [DEBUG] debug-file - Update task entry:default@SignHap input file:D:\harmonyos_code\CanvasComponent\entry\build\default\outputs\default\entry-default-unsigned.hap cache by regenerate.
[2026-04-20T21:04:24.179] [DEBUG] debug-file - Update task entry:default@SignHap output file:D:\harmonyos_code\CanvasComponent\entry\build\default\outputs\default\entry-default-signed.hap cache.
[2026-04-20T21:04:24.179] [DEBUG] debug-file - Incremental task entry:default@SignHap post-execution cost:1 ms .
[2026-04-20T21:04:24.180] [DEBUG] debug-file - Update task entry:default@CollectDebugSymbol input file:D:\harmonyos_code\CanvasComponent\entry\build\default\intermediates\loader_out\default\ets\sourceMaps.map cache by regenerate.
[2026-04-20T21:04:24.180] [DEBUG] debug-file - Update task entry:default@CollectDebugSymbol input file:D:\harmonyos_code\CanvasComponent\entry\build\default\intermediates\libs\default cache by regenerate.
[2026-04-20T21:04:24.180] [DEBUG] debug-file - Update task entry:default@CollectDebugSymbol output file:D:\harmonyos_code\CanvasComponent\entry\build\default\outputs\default\symbol cache.
[2026-04-20T21:04:24.180] [DEBUG] debug-file - Incremental task entry:default@CollectDebugSymbol post-execution cost:1 ms .
[2026-04-20T21:04:24.210] [DEBUG] debug-file - hvigor build process will be closed.
[2026-04-20T21:04:24.217] [DEBUG] debug-file - session manager: send message to worker process.
[2026-04-20T21:04:24.218] [DEBUG] debug-file - session manager: send message to worker process.
[2026-04-20T21:04:24.217] [DEBUG] debug-file - watch worker: worker id should be larger than 0. Nothing will be sent to any worker thread.
[2026-04-20T21:04:24.218] [DEBUG] debug-file - watch worker: worker id should be larger than 0. Nothing will be sent to any worker thread.
[2026-04-20T21:22:53.096] [DEBUG] debug-file - session manager: set active socket. socketId=gyDyebfZ218weVZSAAAN
[2026-04-20T21:22:53.119] [DEBUG] debug-file - watch worker: worker id should be larger than 0. Nothing will be sent to any worker thread.
[2026-04-20T21:22:53.137] [DEBUG] debug-file - Workers' log level updated to INFO
[2026-04-20T21:22:53.148] [DEBUG] debug-file - Hvigor init with startParameters:{
  hvigorfileTypeCheck: false,
  parallelExecution: true,
  incrementalExecution: true,
  printStackTrace: false,
  daemon: true,
  analyze: 0,
  logLevel: Level { level: 20000, levelStr: 'INFO', colour: 'green' },
  optimizationStrategy: 'memory',
  hotCompile: undefined,
  hotReloadBuild: undefined,
  customizedParam: undefined
}
[2026-04-20T21:22:53.167] [DEBUG] debug-file - Cache service initialization finished in 19 ms 
[2026-04-20T21:22:53.170] [DEBUG] debug-file - hvigorfile, resolving D:\harmonyos_code\CanvasComponent\hvigorfile.ts
[2026-04-20T21:22:53.189] [DEBUG] debug-file - hvigorfile, require result:  {}
[2026-04-20T21:22:53.189] [DEBUG] debug-file - hvigorfile, binding system plugins {}
[2026-04-20T21:22:53.191] [DEBUG] debug-file - Starting plugin build process
[2026-04-20T21:22:53.191] [DEBUG] debug-file - App plugin prepare start...
[2026-04-20T21:22:53.192] [DEBUG] debug-file - App plugin prepare end...
[2026-04-20T21:22:53.192] [DEBUG] debug-file - App plugin creating...
[2026-04-20T21:22:53.206] [DEBUG] debug-file - App plugin register hook start...
[2026-04-20T21:22:53.207] [DEBUG] debug-file - App plugin register hook end...
[2026-04-20T21:22:53.207] [DEBUG] debug-file - Plugin build process completed
[2026-04-20T21:22:53.207] [DEBUG] debug-file - Start initialize project's product build option map with build mode debug.
[2026-04-20T21:22:53.208] [DEBUG] debug-file - Picking option from product 'default' with build mode 'debug'.
[2026-04-20T21:22:53.208] [DEBUG] debug-file - Product 'default' build option initialized
[2026-04-20T21:22:53.208] [DEBUG] debug-file - End initialize project's product build option map with build mode 'debug'.
[2026-04-20T21:22:53.210] [DEBUG] debug-file - Obtain build option for product 'default'in this build.
[2026-04-20T21:22:53.212] [DEBUG] debug-file - No signingConfig found, initRemoteHspCache failed.
[2026-04-20T21:22:53.218] [DEBUG] debug-file - Start recording SDK configuration permission data.
[2026-04-20T21:22:53.251] [DEBUG] debug-file - Sdk init in 39 ms 
[2026-04-20T21:22:53.257] [DEBUG] debug-file - Project task initialization takes 5 ms 
[2026-04-20T21:22:53.257] [DEBUG] debug-file - hvigorfile, resolve finished D:\harmonyos_code\CanvasComponent\hvigorfile.ts
[2026-04-20T21:22:53.258] [DEBUG] debug-file - hvigorfile, resolving D:\harmonyos_code\CanvasComponent\entry\hvigorfile.ts
[2026-04-20T21:22:53.263] [DEBUG] debug-file - hvigorfile, require result:  {}
[2026-04-20T21:22:53.263] [DEBUG] debug-file - hvigorfile, binding system plugins {}
[2026-04-20T21:22:53.264] [DEBUG] debug-file - Starting plugin build process
[2026-04-20T21:22:53.264] [DEBUG] debug-file - Hap plugin creating...
[2026-04-20T21:22:53.266] [DEBUG] debug-file - failed to load cangjie to dynamically generate schemas: Error: Cannot find module '@ohos/cangjie-build-support/index'
Require stack:
- D:\DevEco Studio\tools\hvigor\hvigor-ohos-plugin\src\plugin\hooks\cangjie-register.js
- D:\DevEco Studio\tools\hvigor\hvigor-ohos-plugin\src\plugin\strategy\stage-init-strategy.js
- D:\DevEco Studio\tools\hvigor\hvigor-ohos-plugin\src\plugin\builder\abstract-plugin-builder.js
- D:\DevEco Studio\tools\hvigor\hvigor-ohos-plugin\src\plugin\builder\app-plugin-builder.js
- D:\DevEco Studio\tools\hvigor\hvigor-ohos-plugin\src\plugin\factory\plugin-factory.js
- D:\DevEco Studio\tools\hvigor\hvigor-ohos-plugin\index.js
- D:\harmonyos_code\CanvasComponent\hvigorfile.ts
- D:\DevEco Studio\tools\hvigor\hvigor\src\base\internal\lifecycle\configuration.js
- D:\DevEco Studio\tools\hvigor\hvigor\src\base\boot\index.js
- D:\DevEco Studio\tools\hvigor\hvigor\src\base\daemon\cluster\worker-process-lifecycle.js
- D:\DevEco Studio\tools\hvigor\hvigor\src\base\daemon\process\daemon-process-boot-script.js
[2026-04-20T21:22:53.269] [DEBUG] debug-file - Start initialize module-target build option map, moduleName=entry, buildMode=release
[2026-04-20T21:22:53.269] [DEBUG] debug-file - Target 'default' config initialized
[2026-04-20T21:22:53.270] [DEBUG] debug-file - Module 'entry' target 'default' build option initialized
[2026-04-20T21:22:53.270] [DEBUG] debug-file - End initialize module-target build option map, moduleName=entry
[2026-04-20T21:22:53.270] [DEBUG] debug-file - Start initialize module-target build option map, moduleName=entry, buildMode=debug
[2026-04-20T21:22:53.270] [DEBUG] debug-file - Target 'default' config initialized
[2026-04-20T21:22:53.270] [DEBUG] debug-file - Module 'entry' target 'default' build option initialized
[2026-04-20T21:22:53.270] [DEBUG] debug-file - End initialize module-target build option map, moduleName=entry
[2026-04-20T21:22:53.270] [DEBUG] debug-file - Start initialize module-target build option map, moduleName=entry, buildMode=debug
[2026-04-20T21:22:53.270] [DEBUG] debug-file - Target 'default' config initialized
[2026-04-20T21:22:53.270] [DEBUG] debug-file - Module 'entry' target 'default' build option initialized
[2026-04-20T21:22:53.270] [DEBUG] debug-file - End initialize module-target build option map, moduleName=entry
[2026-04-20T21:22:53.271] [DEBUG] debug-file - Obtain build option for module 'entry' target 'default'in this build.
[2026-04-20T21:22:53.277] [DEBUG] debug-file - Module entry task initialization takes 5 ms 
[2026-04-20T21:22:53.277] [DEBUG] debug-file - Hap plugin register hook start...
[2026-04-20T21:22:53.277] [DEBUG] debug-file - Hap plugin register hook end...
[2026-04-20T21:22:53.277] [DEBUG] debug-file - Plugin build process completed
[2026-04-20T21:22:53.277] [DEBUG] debug-file - hvigorfile, resolve finished D:\harmonyos_code\CanvasComponent\entry\hvigorfile.ts
[2026-04-20T21:22:53.330] [DEBUG] debug-file - hvigorfile, resolve hvigorfile dependencies in 52 ms 
[2026-04-20T21:22:53.330] [DEBUG] debug-file - project has submodules:entry
[2026-04-20T21:22:53.333] [DEBUG] debug-file - start to load updatedOhPackageInfo to the disk
[2026-04-20T21:22:53.337] [DEBUG] debug-file - load to the disk finished
[2026-04-20T21:22:53.338] [DEBUG] debug-file - Start to initialize dependency information.
[2026-04-20T21:22:53.339] [DEBUG] debug-file - Module CanvasComponent Collected Dependency: 
[2026-04-20T21:22:53.339] [DEBUG] debug-file - Module CanvasComponent's total dependency: 0
[2026-04-20T21:22:53.339] [DEBUG] debug-file - Start to initialize dependency information.
[2026-04-20T21:22:53.341] [DEBUG] debug-file - Module entry Collected Dependency: 
[2026-04-20T21:22:53.341] [DEBUG] debug-file - Module entry's total dependency: 0
[2026-04-20T21:22:53.342] [DEBUG] debug-file - Configuration phase cost:175 ms 
[2026-04-20T21:22:53.343] [DEBUG] debug-file - Configuration task cost before running: 205 ms 
[2026-04-20T21:22:53.351] [DEBUG] debug-file - Executing task :entry:default@PreBuild
[2026-04-20T21:22:53.352] [DEBUG] debug-file - Task 'entry:default@PreBuild' cost while wrapping incremental declarations: 1 ms 
[2026-04-20T21:22:53.358] [DEBUG] debug-file - Incremental task entry:default@PreBuild pre-execution cost: 4 ms .
[2026-04-20T21:22:53.358] [DEBUG] debug-file - entry : default@PreBuild cost memory 0.2799530029296875
[2026-04-20T21:22:53.360] [INFO] debug-file - UP-TO-DATE :entry:default@PreBuild...  
[2026-04-20T21:22:53.362] [DEBUG] debug-file - Executing task :entry:default@CreateModuleInfo
[2026-04-20T21:22:53.362] [DEBUG] debug-file - Task 'entry:default@CreateModuleInfo' cost while wrapping incremental declarations: 1 ms 
[2026-04-20T21:22:53.362] [DEBUG] debug-file - entry : default@CreateModuleInfo cost memory 0.03949737548828125
[2026-04-20T21:22:53.363] [DEBUG] debug-file - runTaskFromQueue task cost before running: 224 ms 
[2026-04-20T21:22:53.363] [INFO] debug-file - Finished :entry:default@CreateModuleInfo... after 2 ms 
[2026-04-20T21:22:53.364] [DEBUG] debug-file - Executing task :entry:default@GenerateMetadata
[2026-04-20T21:22:53.365] [DEBUG] debug-file - Task 'entry:default@GenerateMetadata' cost while wrapping incremental declarations: 1 ms 
[2026-04-20T21:22:53.366] [DEBUG] debug-file - Incremental task entry:default@GenerateMetadata pre-execution cost: 1 ms .
[2026-04-20T21:22:53.366] [DEBUG] debug-file - entry : default@GenerateMetadata cost memory 0.0812835693359375
[2026-04-20T21:22:53.366] [INFO] debug-file - UP-TO-DATE :entry:default@GenerateMetadata...  
[2026-04-20T21:22:53.366] [DEBUG] debug-file - Executing task :entry:default@ConfigureCmake
[2026-04-20T21:22:53.367] [DEBUG] debug-file - entry : default@ConfigureCmake cost memory 0.01409912109375
[2026-04-20T21:22:53.367] [DEBUG] debug-file - runTaskFromQueue task cost before running: 228 ms 
[2026-04-20T21:22:53.367] [INFO] debug-file - Finished :entry:default@ConfigureCmake... after 1 ms 
[2026-04-20T21:22:53.367] [DEBUG] debug-file - Executing task :entry:default@MergeProfile
[2026-04-20T21:22:53.367] [DEBUG] debug-file - Task 'entry:default@MergeProfile' cost while wrapping incremental declarations: 1 ms 
[2026-04-20T21:22:53.370] [DEBUG] debug-file - Incremental task entry:default@MergeProfile pre-execution cost: 2 ms .
[2026-04-20T21:22:53.370] [DEBUG] debug-file - entry : default@MergeProfile cost memory 0.12476348876953125
[2026-04-20T21:22:53.370] [INFO] debug-file - UP-TO-DATE :entry:default@MergeProfile...  
[2026-04-20T21:22:53.372] [DEBUG] debug-file - Executing task :entry:default@CreateBuildProfile
[2026-04-20T21:22:53.373] [DEBUG] debug-file - Task 'entry:default@CreateBuildProfile' cost while wrapping incremental declarations: 1 ms 
[2026-04-20T21:22:53.375] [DEBUG] debug-file - Incremental task entry:default@CreateBuildProfile pre-execution cost: 2 ms .
[2026-04-20T21:22:53.375] [DEBUG] debug-file - entry : default@CreateBuildProfile cost memory 0.104461669921875
[2026-04-20T21:22:53.375] [INFO] debug-file - UP-TO-DATE :entry:default@CreateBuildProfile...  
[2026-04-20T21:22:53.377] [DEBUG] debug-file - Executing task :entry:default@PreCheckSyscap
[2026-04-20T21:22:53.377] [DEBUG] debug-file - entry : default@PreCheckSyscap cost memory 0.01432037353515625
[2026-04-20T21:22:53.377] [DEBUG] debug-file - runTaskFromQueue task cost before running: 239 ms 
[2026-04-20T21:22:53.378] [INFO] debug-file - Finished :entry:default@PreCheckSyscap... after 1 ms 
[2026-04-20T21:22:53.379] [DEBUG] debug-file - Executing task :entry:default@GeneratePkgContextInfo
[2026-04-20T21:22:53.385] [DEBUG] debug-file - Task 'entry:default@GeneratePkgContextInfo' cost while wrapping incremental declarations: 1 ms 
[2026-04-20T21:22:53.386] [DEBUG] debug-file - entry : default@GeneratePkgContextInfo cost memory 0.14931488037109375
[2026-04-20T21:22:53.386] [DEBUG] debug-file - runTaskFromQueue task cost before running: 248 ms 
[2026-04-20T21:22:53.386] [INFO] debug-file - Finished :entry:default@GeneratePkgContextInfo... after 7 ms 
[2026-04-20T21:22:53.387] [DEBUG] debug-file - Executing task :entry:default@GeneratePkgSdkInfo
[2026-04-20T21:22:53.390] [DEBUG] debug-file - Task 'entry:default@GeneratePkgSdkInfo' cost while wrapping incremental declarations: 1 ms 
[2026-04-20T21:22:53.390] [DEBUG] debug-file - Incremental task entry:default@GeneratePkgSdkInfo pre-execution cost: 1 ms .
[2026-04-20T21:22:53.390] [DEBUG] debug-file - entry : default@GeneratePkgSdkInfo cost memory -1.5306243896484375
[2026-04-20T21:22:53.390] [INFO] debug-file - UP-TO-DATE :entry:default@GeneratePkgSdkInfo...  
[2026-04-20T21:22:53.393] [DEBUG] debug-file - Executing task :entry:default@ProcessIntegratedHsp
[2026-04-20T21:22:53.393] [DEBUG] debug-file - entry:default@ProcessIntegratedHsp is not up-to-date, since the output file 'D:\harmonyos_code\CanvasComponent\build\cache\default\integrated_hsp\integratedHspCache.json' does not exist.
[2026-04-20T21:22:53.393] [DEBUG] debug-file - Incremental task entry:default@ProcessIntegratedHsp pre-execution cost: 1 ms .
[2026-04-20T21:22:53.393] [DEBUG] debug-file - entry : default@ProcessIntegratedHsp cost memory 0.0549774169921875
[2026-04-20T21:22:53.393] [DEBUG] debug-file - runTaskFromQueue task cost before running: 255 ms 
[2026-04-20T21:22:53.393] [INFO] debug-file - Finished :entry:default@ProcessIntegratedHsp... after 1 ms 
[2026-04-20T21:22:53.394] [DEBUG] debug-file - Executing task :entry:default@BuildNativeWithCmake
[2026-04-20T21:22:53.394] [DEBUG] debug-file - entry : default@BuildNativeWithCmake cost memory 0.01409912109375
[2026-04-20T21:22:53.394] [DEBUG] debug-file - runTaskFromQueue task cost before running: 256 ms 
[2026-04-20T21:22:53.394] [INFO] debug-file - Finished :entry:default@BuildNativeWithCmake... after 1 ms 
[2026-04-20T21:22:53.395] [DEBUG] debug-file - Executing task :entry:default@MakePackInfo
[2026-04-20T21:22:53.397] [DEBUG] debug-file - Incremental task entry:default@MakePackInfo pre-execution cost: 2 ms .
[2026-04-20T21:22:53.397] [DEBUG] debug-file - entry : default@MakePackInfo cost memory 0.337860107421875
[2026-04-20T21:22:53.397] [INFO] debug-file - UP-TO-DATE :entry:default@MakePackInfo...  
[2026-04-20T21:22:53.398] [DEBUG] debug-file - Executing task :entry:default@SyscapTransform
[2026-04-20T21:22:53.398] [DEBUG] debug-file - File: 'D:\harmonyos_code\CanvasComponent\entry\src\main\syscap.json' from 'sysCapJsonPath' is not exists, just ignore.
[2026-04-20T21:22:53.398] [DEBUG] debug-file - Task 'entry:default@SyscapTransform' cost while wrapping incremental declarations: 1 ms 
[2026-04-20T21:22:53.400] [DEBUG] debug-file - entry:default@SyscapTransform is not up-to-date, since the output file 'D:\harmonyos_code\CanvasComponent\entry\build\default\intermediates\syscap\default\rpcid.sc' does not exist.
[2026-04-20T21:22:53.400] [DEBUG] debug-file - Incremental task entry:default@SyscapTransform pre-execution cost: 2 ms .
[2026-04-20T21:22:53.400] [DEBUG] debug-file - entry : default@SyscapTransform cost memory 0.14347076416015625
[2026-04-20T21:22:53.400] [DEBUG] debug-file - runTaskFromQueue task cost before running: 262 ms 
[2026-04-20T21:22:53.400] [INFO] debug-file - Finished :entry:default@SyscapTransform... after 3 ms 
[2026-04-20T21:22:53.402] [DEBUG] debug-file - Executing task :entry:default@ProcessProfile
[2026-04-20T21:22:53.403] [DEBUG] debug-file - Task 'entry:default@ProcessProfile' cost while wrapping incremental declarations: 1 ms 
[2026-04-20T21:22:53.405] [DEBUG] debug-file - Incremental task entry:default@ProcessProfile pre-execution cost: 2 ms .
[2026-04-20T21:22:53.405] [DEBUG] debug-file - entry : default@ProcessProfile cost memory 0.122344970703125
[2026-04-20T21:22:53.406] [INFO] debug-file - UP-TO-DATE :entry:default@ProcessProfile...  
[2026-04-20T21:22:53.406] [DEBUG] debug-file - Executing task :entry:default@ProcessRouterMap
[2026-04-20T21:22:53.411] [DEBUG] debug-file - Incremental task entry:default@ProcessRouterMap pre-execution cost: 4 ms .
[2026-04-20T21:22:53.412] [DEBUG] debug-file - entry : default@ProcessRouterMap cost memory 0.12786102294921875
[2026-04-20T21:22:53.412] [INFO] debug-file - UP-TO-DATE :entry:default@ProcessRouterMap...  
[2026-04-20T21:22:53.413] [DEBUG] debug-file - Executing task :entry:default@ProcessShareConfig
[2026-04-20T21:22:53.415] [DEBUG] debug-file - Incremental task entry:default@ProcessShareConfig pre-execution cost: 2 ms .
[2026-04-20T21:22:53.415] [DEBUG] debug-file - entry : default@ProcessShareConfig cost memory 0.1043701171875
[2026-04-20T21:22:53.415] [INFO] debug-file - UP-TO-DATE :entry:default@ProcessShareConfig...  
[2026-04-20T21:22:53.416] [DEBUG] debug-file - Executing task :entry:default@ProcessStartupConfig
[2026-04-20T21:22:53.416] [DEBUG] debug-file - Task 'entry:default@ProcessStartupConfig' cost while wrapping incremental declarations: 1 ms 
[2026-04-20T21:22:53.417] [DEBUG] debug-file - entry:default@ProcessStartupConfig is not up-to-date, since the output file 'D:\harmonyos_code\CanvasComponent\entry\build\default\intermediates\startup\default\startup_config.json' does not exist.
[2026-04-20T21:22:53.417] [DEBUG] debug-file - Incremental task entry:default@ProcessStartupConfig pre-execution cost: 2 ms .
[2026-04-20T21:22:53.418] [DEBUG] debug-file - entry : default@ProcessStartupConfig cost memory -1.5036849975585938
[2026-04-20T21:22:53.418] [DEBUG] debug-file - runTaskFromQueue task cost before running: 279 ms 
[2026-04-20T21:22:53.418] [INFO] debug-file - Finished :entry:default@ProcessStartupConfig... after 2 ms 
[2026-04-20T21:22:53.419] [DEBUG] debug-file - Executing task :entry:default@BuildNativeWithNinja
[2026-04-20T21:22:53.419] [DEBUG] debug-file - entry : default@BuildNativeWithNinja cost memory 0.019866943359375
[2026-04-20T21:22:53.419] [DEBUG] debug-file - runTaskFromQueue task cost before running: 281 ms 
[2026-04-20T21:22:53.420] [INFO] debug-file - Finished :entry:default@BuildNativeWithNinja... after 1 ms 
[2026-04-20T21:22:53.421] [DEBUG] debug-file - restool module names: entry; moduleName=entry, taskName=default@ProcessResource
[2026-04-20T21:22:53.422] [DEBUG] debug-file - Executing task :entry:default@ProcessResource
[2026-04-20T21:22:53.422] [DEBUG] debug-file - Task 'entry:default@ProcessResource' cost while wrapping incremental declarations: 1 ms 
[2026-04-20T21:22:53.424] [DEBUG] debug-file - Incremental task entry:default@ProcessResource pre-execution cost: 2 ms .
[2026-04-20T21:22:53.425] [DEBUG] debug-file - entry : default@ProcessResource cost memory 0.13643646240234375
[2026-04-20T21:22:53.428] [INFO] debug-file - UP-TO-DATE :entry:default@ProcessResource...  
[2026-04-20T21:22:53.430] [DEBUG] debug-file - Executing task :entry:default@GenerateLoaderJson
[2026-04-20T21:22:53.431] [DEBUG] debug-file - Task 'entry:default@GenerateLoaderJson' cost while wrapping incremental declarations: 1 ms 
[2026-04-20T21:22:53.443] [DEBUG] debug-file - Incremental task entry:default@GenerateLoaderJson pre-execution cost: 8 ms .
[2026-04-20T21:22:53.443] [DEBUG] debug-file - entry : default@GenerateLoaderJson cost memory 0.427703857421875
[2026-04-20T21:22:53.449] [INFO] debug-file - UP-TO-DATE :entry:default@GenerateLoaderJson...  
[2026-04-20T21:22:53.450] [DEBUG] debug-file - Executing task :entry:default@ProcessLibs
[2026-04-20T21:22:53.454] [DEBUG] debug-file - Incremental task entry:default@ProcessLibs pre-execution cost: 3 ms .
[2026-04-20T21:22:53.454] [DEBUG] debug-file - entry : default@ProcessLibs cost memory 0.098419189453125
[2026-04-20T21:22:53.455] [INFO] debug-file - UP-TO-DATE :entry:default@ProcessLibs...  
[2026-04-20T21:22:53.457] [DEBUG] debug-file - restool module names: entry; moduleName=entry, taskName=default@CompileResource
[2026-04-20T21:22:53.457] [DEBUG] debug-file - Executing task :entry:default@CompileResource
[2026-04-20T21:22:53.473] [DEBUG] debug-file - Incremental task entry:default@CompileResource pre-execution cost: 15 ms .
[2026-04-20T21:22:53.473] [DEBUG] debug-file - entry : default@CompileResource cost memory -0.8879623413085938
[2026-04-20T21:22:53.474] [INFO] debug-file - UP-TO-DATE :entry:default@CompileResource...  
[2026-04-20T21:22:53.475] [DEBUG] debug-file - Executing task :entry:default@DoNativeStrip
[2026-04-20T21:22:53.475] [DEBUG] debug-file - File: 'D:\harmonyos_code\CanvasComponent\entry\build\default\intermediates\binxo\default' from 'doBinxoNativeLibs' is not exists, just ignore.
[2026-04-20T21:22:53.476] [DEBUG] debug-file - Task 'entry:default@DoNativeStrip' cost while wrapping incremental declarations: 1 ms 
[2026-04-20T21:22:53.477] [DEBUG] debug-file - Incremental task entry:default@DoNativeStrip pre-execution cost: 2 ms .
[2026-04-20T21:22:53.477] [DEBUG] debug-file - entry : default@DoNativeStrip cost memory 0.0943756103515625
[2026-04-20T21:22:53.477] [INFO] debug-file - UP-TO-DATE :entry:default@DoNativeStrip...  
[2026-04-20T21:22:53.478] [DEBUG] debug-file - Executing task :entry:default@CompileArkTS
[2026-04-20T21:22:53.479] [DEBUG] debug-file - obfuscationOptions: undefined
[2026-04-20T21:22:53.480] [DEBUG] debug-file - Task 'entry:default@CompileArkTS' cost while wrapping incremental declarations: 1 ms 
[2026-04-20T21:22:53.492] [DEBUG] debug-file - Incremental task entry:default@CompileArkTS pre-execution cost: 12 ms .
[2026-04-20T21:22:53.493] [DEBUG] debug-file - entry : default@CompileArkTS cost memory 0.5806121826171875
[2026-04-20T21:22:53.496] [INFO] debug-file - UP-TO-DATE :entry:default@CompileArkTS...  
[2026-04-20T21:22:53.498] [DEBUG] debug-file - Executing task :entry:default@BuildJS
[2026-04-20T21:22:53.498] [DEBUG] debug-file - Task 'entry:default@BuildJS' cost while wrapping incremental declarations: 1 ms 
[2026-04-20T21:22:53.503] [DEBUG] debug-file - entry : default@BuildJS cost memory -1.5909957885742188
[2026-04-20T21:22:53.503] [DEBUG] debug-file - runTaskFromQueue task cost before running: 365 ms 
[2026-04-20T21:22:53.503] [INFO] debug-file - Finished :entry:default@BuildJS... after 6 ms 
[2026-04-20T21:22:53.505] [DEBUG] debug-file - Executing task :entry:default@CacheNativeLibs
[2026-04-20T21:22:53.505] [DEBUG] debug-file - File: 'D:\harmonyos_code\CanvasComponent\entry\build\default\intermediates\binxo\default' from 'cacheBinxoNativeLibs' is not exists, just ignore.
[2026-04-20T21:22:53.506] [DEBUG] debug-file - Task 'entry:default@CacheNativeLibs' cost while wrapping incremental declarations: 1 ms 
[2026-04-20T21:22:53.508] [DEBUG] debug-file - Incremental task entry:default@CacheNativeLibs pre-execution cost: 3 ms .
[2026-04-20T21:22:53.508] [DEBUG] debug-file - entry : default@CacheNativeLibs cost memory 0.12014007568359375
[2026-04-20T21:22:53.509] [INFO] debug-file - UP-TO-DATE :entry:default@CacheNativeLibs...  
[2026-04-20T21:22:53.510] [DEBUG] debug-file - Executing task :entry:default@GeneratePkgModuleJson
[2026-04-20T21:22:53.511] [DEBUG] debug-file - File: 'D:\harmonyos_code\CanvasComponent\entry\build\default\intermediates\preload\default\preload.json' from 'preloadSoJsonPath' is not exists, just ignore.
[2026-04-20T21:22:53.511] [DEBUG] debug-file - Error occurs while handling @Input 'shouldDeduplicateHar': The "data" argument must be of type string or an instance of Buffer, TypedArray, or DataView. Received undefined
[2026-04-20T21:22:53.511] [DEBUG] debug-file - Task 'entry:default@GeneratePkgModuleJson' cost while wrapping incremental declarations: 1 ms 
[2026-04-20T21:22:53.513] [DEBUG] debug-file - Incremental task entry:default@GeneratePkgModuleJson pre-execution cost: 2 ms .
[2026-04-20T21:22:53.513] [DEBUG] debug-file - entry : default@GeneratePkgModuleJson cost memory 0.1043853759765625
[2026-04-20T21:22:53.513] [INFO] debug-file - UP-TO-DATE :entry:default@GeneratePkgModuleJson...  
[2026-04-20T21:22:53.515] [DEBUG] debug-file - Executing task :entry:default@ProcessCompiledResources
[2026-04-20T21:22:53.515] [DEBUG] debug-file - File: 'D:\harmonyos_code\CanvasComponent\entry\build\default\intermediates\preload\default\preload.json' from 'preloadSoJsonPath' is not exists, just ignore.
[2026-04-20T21:22:53.515] [DEBUG] debug-file - Task 'entry:default@ProcessCompiledResources' cost while wrapping incremental declarations: 1 ms 
[2026-04-20T21:22:53.515] [DEBUG] debug-file - entry : default@ProcessCompiledResources cost memory 0.0561676025390625
[2026-04-20T21:22:53.516] [DEBUG] debug-file - runTaskFromQueue task cost before running: 377 ms 
[2026-04-20T21:22:53.516] [INFO] debug-file - Finished :entry:default@ProcessCompiledResources... after 2 ms 
[2026-04-20T21:22:53.518] [DEBUG] debug-file - Executing task :entry:default@PackageHap
[2026-04-20T21:22:53.533] [DEBUG] debug-file - Incremental task entry:default@PackageHap pre-execution cost: 14 ms .
[2026-04-20T21:22:53.533] [DEBUG] debug-file - entry : default@PackageHap cost memory 0.5044097900390625
[2026-04-20T21:22:53.534] [INFO] debug-file - UP-TO-DATE :entry:default@PackageHap...  
[2026-04-20T21:22:53.536] [DEBUG] debug-file - Executing task :entry:default@PackingCheck
[2026-04-20T21:22:53.543] [DEBUG] debug-file - entry : default@PackingCheck cost memory 0.37735748291015625
[2026-04-20T21:22:53.544] [DEBUG] debug-file - runTaskFromQueue task cost before running: 405 ms 
[2026-04-20T21:22:53.544] [INFO] debug-file - Finished :entry:default@PackingCheck... after 8 ms 
[2026-04-20T21:22:53.546] [DEBUG] debug-file - Executing task :entry:default@SignHap
[2026-04-20T21:22:53.546] [WARN] debug-file - Will skip sign 'hos_hap'. No signingConfigs profile is configured in current project.
             If needed, configure the signingConfigs in D:\harmonyos_code\CanvasComponent\build-profile.json5.
[2026-04-20T21:22:53.547] [DEBUG] debug-file - entry:default@SignHap is not up-to-date, since the output file 'D:\harmonyos_code\CanvasComponent\entry\build\default\outputs\default\entry-default-signed.hap' does not exist.
[2026-04-20T21:22:53.547] [DEBUG] debug-file - Incremental task entry:default@SignHap pre-execution cost: 1 ms .
[2026-04-20T21:22:53.547] [DEBUG] debug-file - entry : default@SignHap cost memory 0.08756256103515625
[2026-04-20T21:22:53.547] [DEBUG] debug-file - runTaskFromQueue task cost before running: 409 ms 
[2026-04-20T21:22:53.548] [INFO] debug-file - Finished :entry:default@SignHap... after 2 ms 
[2026-04-20T21:22:53.549] [DEBUG] debug-file - Executing task :entry:default@CollectDebugSymbol
[2026-04-20T21:22:53.551] [DEBUG] debug-file - entry : default@CollectDebugSymbol cost memory 0.083038330078125
[2026-04-20T21:22:53.551] [DEBUG] debug-file - runTaskFromQueue task cost before running: 413 ms 
[2026-04-20T21:22:53.551] [INFO] debug-file - Finished :entry:default@CollectDebugSymbol... after 2 ms 
[2026-04-20T21:22:53.551] [DEBUG] debug-file - Executing task :entry:assembleHap
[2026-04-20T21:22:53.552] [DEBUG] debug-file - entry : assembleHap cost memory 0.0122528076171875
[2026-04-20T21:22:53.552] [DEBUG] debug-file - runTaskFromQueue task cost before running: 414 ms 
[2026-04-20T21:22:53.552] [INFO] debug-file - Finished :entry:assembleHap... after 1 ms 
[2026-04-20T21:22:53.567] [INFO] debug-file - BUILD SUCCESSFUL in 429 ms 
[2026-04-20T21:22:53.567] [DEBUG] debug-file - There is no need to refresh cache, since the incremental task entry:default@PreBuild is up-to-date.
[2026-04-20T21:22:53.567] [DEBUG] debug-file - Update task entry:default@CreateModuleInfo output file:D:\harmonyos_code\CanvasComponent\entry\build\default\generated\profile\default\ModuleInfo.ts cache.
[2026-04-20T21:22:53.567] [DEBUG] debug-file - Incremental task entry:default@CreateModuleInfo post-execution cost:1 ms .
[2026-04-20T21:22:53.567] [DEBUG] debug-file - There is no need to refresh cache, since the incremental task entry:default@GenerateMetadata is up-to-date.
[2026-04-20T21:22:53.568] [DEBUG] debug-file - There is no need to refresh cache, since the incremental task entry:default@MergeProfile is up-to-date.
[2026-04-20T21:22:53.568] [DEBUG] debug-file - There is no need to refresh cache, since the incremental task entry:default@CreateBuildProfile is up-to-date.
[2026-04-20T21:22:53.568] [DEBUG] debug-file - Update task entry:default@GeneratePkgContextInfo output file:D:\harmonyos_code\CanvasComponent\entry\build\default\intermediates\loader\default\pkgContextInfo.json cache.
[2026-04-20T21:22:53.568] [DEBUG] debug-file - Incremental task entry:default@GeneratePkgContextInfo post-execution cost:1 ms .
[2026-04-20T21:22:53.568] [DEBUG] debug-file - There is no need to refresh cache, since the incremental task entry:default@GeneratePkgSdkInfo is up-to-date.
[2026-04-20T21:22:53.568] [DEBUG] debug-file - Update task entry:default@ProcessIntegratedHsp output file:D:\harmonyos_code\CanvasComponent\build\cache\default\integrated_hsp\integratedHspCache.json cache.
[2026-04-20T21:22:53.568] [DEBUG] debug-file - Incremental task entry:default@ProcessIntegratedHsp post-execution cost:1 ms .
[2026-04-20T21:22:53.568] [DEBUG] debug-file - There is no need to refresh cache, since the incremental task entry:default@MakePackInfo is up-to-date.
[2026-04-20T21:22:53.568] [DEBUG] debug-file - Update task entry:default@SyscapTransform input file:D:\DevEco Studio\sdk\default\openharmony\toolchains\syscap_tool.exe cache by regenerate.
[2026-04-20T21:22:53.569] [DEBUG] debug-file - Update task entry:default@SyscapTransform input file:D:\DevEco Studio\sdk\default\openharmony\ets\api\device-define cache by regenerate.
[2026-04-20T21:22:53.570] [DEBUG] debug-file - Update task entry:default@SyscapTransform output file:D:\harmonyos_code\CanvasComponent\entry\build\default\intermediates\syscap\default\rpcid.sc cache.
[2026-04-20T21:22:53.570] [DEBUG] debug-file - Incremental task entry:default@SyscapTransform post-execution cost:2 ms .
[2026-04-20T21:22:53.570] [DEBUG] debug-file - There is no need to refresh cache, since the incremental task entry:default@ProcessProfile is up-to-date.
[2026-04-20T21:22:53.570] [DEBUG] debug-file - There is no need to refresh cache, since the incremental task entry:default@ProcessRouterMap is up-to-date.
[2026-04-20T21:22:53.570] [DEBUG] debug-file - There is no need to refresh cache, since the incremental task entry:default@ProcessShareConfig is up-to-date.
[2026-04-20T21:22:53.570] [DEBUG] debug-file - Update task entry:default@ProcessStartupConfig output file:D:\harmonyos_code\CanvasComponent\entry\build\default\intermediates\startup\default\startup_config.json cache.
[2026-04-20T21:22:53.570] [DEBUG] debug-file - Incremental task entry:default@ProcessStartupConfig post-execution cost:1 ms .
[2026-04-20T21:22:53.570] [DEBUG] debug-file - There is no need to refresh cache, since the incremental task entry:default@ProcessResource is up-to-date.
[2026-04-20T21:22:53.570] [DEBUG] debug-file - There is no need to refresh cache, since the incremental task entry:default@GenerateLoaderJson is up-to-date.
[2026-04-20T21:22:53.570] [DEBUG] debug-file - There is no need to refresh cache, since the incremental task entry:default@ProcessLibs is up-to-date.
[2026-04-20T21:22:53.570] [DEBUG] debug-file - There is no need to refresh cache, since the incremental task entry:default@CompileResource is up-to-date.
[2026-04-20T21:22:53.570] [DEBUG] debug-file - There is no need to refresh cache, since the incremental task entry:default@DoNativeStrip is up-to-date.
[2026-04-20T21:22:53.570] [DEBUG] debug-file - There is no need to refresh cache, since the incremental task entry:default@CompileArkTS is up-to-date.
[2026-04-20T21:22:53.572] [DEBUG] debug-file - Update task entry:default@BuildJS input file:D:\harmonyos_code\CanvasComponent\entry\build\default\intermediates\loader\default cache by regenerate.
[2026-04-20T21:22:53.574] [DEBUG] debug-file - Update task entry:default@BuildJS input file:D:\harmonyos_code\CanvasComponent\entry\build\default\intermediates\res\default\ResourceTable.txt cache by regenerate.
[2026-04-20T21:22:53.574] [DEBUG] debug-file - Update task entry:default@BuildJS input file:D:\harmonyos_code\CanvasComponent\entry\build\default\intermediates\res\default\ark_module.json cache by regenerate.
[2026-04-20T21:22:53.574] [DEBUG] debug-file - Update task entry:default@BuildJS input file:D:\harmonyos_code\CanvasComponent\entry\build\default\intermediates\res\default\resources\base\profile cache by regenerate.
[2026-04-20T21:22:53.574] [DEBUG] debug-file - Update task entry:default@BuildJS output file:D:\harmonyos_code\CanvasComponent\entry\build\default\intermediates\loader_out\default\js cache.
[2026-04-20T21:22:53.575] [DEBUG] debug-file - Incremental task entry:default@BuildJS post-execution cost:5 ms .
[2026-04-20T21:22:53.575] [DEBUG] debug-file - There is no need to refresh cache, since the incremental task entry:default@CacheNativeLibs is up-to-date.
[2026-04-20T21:22:53.575] [DEBUG] debug-file - There is no need to refresh cache, since the incremental task entry:default@GeneratePkgModuleJson is up-to-date.
[2026-04-20T21:22:53.575] [DEBUG] debug-file - Incremental task entry:default@ProcessCompiledResources post-execution cost:1 ms .
[2026-04-20T21:22:53.575] [DEBUG] debug-file - There is no need to refresh cache, since the incremental task entry:default@PackageHap is up-to-date.
[2026-04-20T21:22:53.575] [DEBUG] debug-file - Update task entry:default@SignHap input file:D:\harmonyos_code\CanvasComponent\entry\build\default\outputs\default\entry-default-unsigned.hap cache by regenerate.
[2026-04-20T21:22:53.575] [DEBUG] debug-file - Update task entry:default@SignHap output file:D:\harmonyos_code\CanvasComponent\entry\build\default\outputs\default\entry-default-signed.hap cache.
[2026-04-20T21:22:53.575] [DEBUG] debug-file - Incremental task entry:default@SignHap post-execution cost:1 ms .
[2026-04-20T21:22:53.576] [DEBUG] debug-file - Update task entry:default@CollectDebugSymbol input file:D:\harmonyos_code\CanvasComponent\entry\build\default\intermediates\loader_out\default\ets\sourceMaps.map cache by regenerate.
[2026-04-20T21:22:53.576] [DEBUG] debug-file - Update task entry:default@CollectDebugSymbol input file:D:\harmonyos_code\CanvasComponent\entry\build\default\intermediates\libs\default cache by regenerate.
[2026-04-20T21:22:53.576] [DEBUG] debug-file - Update task entry:default@CollectDebugSymbol output file:D:\harmonyos_code\CanvasComponent\entry\build\default\outputs\default\symbol cache.
[2026-04-20T21:22:53.576] [DEBUG] debug-file - Incremental task entry:default@CollectDebugSymbol post-execution cost:1 ms .
[2026-04-20T21:22:53.607] [DEBUG] debug-file - hvigor build process will be closed.
[2026-04-20T21:22:53.615] [DEBUG] debug-file - session manager: send message to worker process.
[2026-04-20T21:22:53.616] [DEBUG] debug-file - session manager: send message to worker process.
[2026-04-20T21:22:53.616] [DEBUG] debug-file - watch worker: worker id should be larger than 0. Nothing will be sent to any worker thread.
[2026-04-20T21:22:53.617] [DEBUG] debug-file - watch worker: worker id should be larger than 0. Nothing will be sent to any worker thread.
[2026-04-20T22:11:16.766] [DEBUG] debug-file - env: nodejsVersion=v18.20.1
[2026-04-20T22:11:16.815] [DEBUG] debug-file - env: daemon=true
[2026-04-20T22:11:16.767] [DEBUG] debug-file - env: hvigor-config.json5 content = { modelVersion: '5.0.0', dependencies: {} }
[2026-04-20T22:11:17.586] [DEBUG] debug-file - java daemon tryConnect failed Error: connect ECONNREFUSED 127.0.0.1:45050
[2026-04-20T22:11:17.604] [DEBUG] debug-file - java daemon started at port 45050 pid 40984
[2026-04-20T22:11:17.641] [DEBUG] debug-file - session manager: set active socket. socketId=Fn7Om0xg9W6Ghe5cAAAB
[2026-04-20T22:11:18.395] [DEBUG] debug-file - watch worker: worker id should be larger than 0. Nothing will be sent to any worker thread.
[2026-04-20T22:11:18.398] [DEBUG] debug-file - Since there is no instance or instance is terminated, create a new worker pool.
[2026-04-20T22:11:18.398] [DEBUG] debug-file - Worker pool is initialized with config:  {
  minPoolNum: 2,
  maxPoolNum: undefined,
  maxCoreSize: undefined,
  cacheCapacity: undefined,
  cacheTtl: undefined
}
[2026-04-20T22:11:18.399] [DEBUG] debug-file - Create  resident worker with id: 0.
[2026-04-20T22:11:18.400] [DEBUG] debug-file - Create  resident worker with id: 1.
[2026-04-20T22:11:18.401] [DEBUG] debug-file - Workers' log level updated to INFO
[2026-04-20T22:11:18.406] [DEBUG] debug-file - Hvigor init with startParameters:{
  hvigorfileTypeCheck: false,
  parallelExecution: true,
  incrementalExecution: true,
  printStackTrace: false,
  daemon: true,
  analyze: 0,
  logLevel: Level { level: 20000, levelStr: 'INFO', colour: 'green' },
  optimizationStrategy: 'memory',
  hotCompile: undefined,
  hotReloadBuild: undefined,
  customizedParam: undefined
}
[2026-04-20T22:11:18.411] [DEBUG] debug-file - Cache service initialization finished in 5 ms 
[2026-04-20T22:11:18.413] [DEBUG] debug-file - hvigorfile, resolving D:\harmonyos_code\CanvasComponent\hvigorfile.ts
[2026-04-20T22:11:20.572] [DEBUG] debug-file - hvigorfile, require result:  {}
[2026-04-20T22:11:20.572] [DEBUG] debug-file - hvigorfile, binding system plugins {}
[2026-04-20T22:11:20.573] [DEBUG] debug-file - Starting plugin build process
[2026-04-20T22:11:20.573] [DEBUG] debug-file - App plugin prepare start...
[2026-04-20T22:11:20.573] [DEBUG] debug-file - App plugin prepare end...
[2026-04-20T22:11:20.573] [DEBUG] debug-file - App plugin creating...
[2026-04-20T22:11:20.702] [DEBUG] debug-file - App plugin register hook start...
[2026-04-20T22:11:20.703] [DEBUG] debug-file - App plugin register hook end...
[2026-04-20T22:11:20.703] [DEBUG] debug-file - Plugin build process completed
[2026-04-20T22:11:20.704] [DEBUG] debug-file - Start initialize project's product build option map with build mode debug.
[2026-04-20T22:11:20.704] [DEBUG] debug-file - Picking option from product 'default' with build mode 'debug'.
[2026-04-20T22:11:20.705] [DEBUG] debug-file - Product 'default' build option initialized
[2026-04-20T22:11:20.705] [DEBUG] debug-file - End initialize project's product build option map with build mode 'debug'.
[2026-04-20T22:11:20.706] [DEBUG] debug-file - Obtain build option for product 'default'in this build.
[2026-04-20T22:11:20.708] [DEBUG] debug-file - No signingConfig found, initRemoteHspCache failed.
[2026-04-20T22:11:20.709] [DEBUG] debug-file - Local scan or download HarmonyOS sdk components toolchains,ets,js,native,previewer
[2026-04-20T22:11:20.712] [DEBUG] debug-file - Local scan or download hmscore sdk components toolchains,ets,native
[2026-04-20T22:11:20.714] [DEBUG] debug-file - Start recording SDK configuration permission data.
[2026-04-20T22:11:20.743] [DEBUG] debug-file - Sdk init in 35 ms 
[2026-04-20T22:11:20.747] [DEBUG] debug-file - Project task initialization takes 4 ms 
[2026-04-20T22:11:20.747] [DEBUG] debug-file - hvigorfile, resolve finished D:\harmonyos_code\CanvasComponent\hvigorfile.ts
[2026-04-20T22:11:20.748] [DEBUG] debug-file - hvigorfile, resolving D:\harmonyos_code\CanvasComponent\entry\hvigorfile.ts
[2026-04-20T22:11:20.752] [DEBUG] debug-file - hvigorfile, require result:  {}
[2026-04-20T22:11:20.752] [DEBUG] debug-file - hvigorfile, binding system plugins {}
[2026-04-20T22:11:20.752] [DEBUG] debug-file - Starting plugin build process
[2026-04-20T22:11:20.752] [DEBUG] debug-file - Hap plugin creating...
[2026-04-20T22:11:20.753] [DEBUG] debug-file - failed to load cangjie to dynamically generate schemas: Error: Cannot find module '@ohos/cangjie-build-support/index'
Require stack:
- D:\DevEco Studio\tools\hvigor\hvigor-ohos-plugin\src\plugin\hooks\cangjie-register.js
- D:\DevEco Studio\tools\hvigor\hvigor-ohos-plugin\src\plugin\strategy\stage-init-strategy.js
- D:\DevEco Studio\tools\hvigor\hvigor-ohos-plugin\src\plugin\builder\abstract-plugin-builder.js
- D:\DevEco Studio\tools\hvigor\hvigor-ohos-plugin\src\plugin\builder\app-plugin-builder.js
- D:\DevEco Studio\tools\hvigor\hvigor-ohos-plugin\src\plugin\factory\plugin-factory.js
- D:\DevEco Studio\tools\hvigor\hvigor-ohos-plugin\index.js
- D:\harmonyos_code\CanvasComponent\hvigorfile.ts
- D:\DevEco Studio\tools\hvigor\hvigor\src\base\internal\lifecycle\configuration.js
- D:\DevEco Studio\tools\hvigor\hvigor\src\base\boot\index.js
- D:\DevEco Studio\tools\hvigor\hvigor\src\base\daemon\cluster\worker-process-lifecycle.js
- D:\DevEco Studio\tools\hvigor\hvigor\src\base\daemon\process\daemon-process-boot-script.js
[2026-04-20T22:11:20.761] [DEBUG] debug-file - Start initialize module-target build option map, moduleName=entry, buildMode=release
[2026-04-20T22:11:20.761] [DEBUG] debug-file - Target 'default' config initialized
[2026-04-20T22:11:20.762] [DEBUG] debug-file - Module 'entry' target 'default' build option initialized
[2026-04-20T22:11:20.762] [DEBUG] debug-file - End initialize module-target build option map, moduleName=entry
[2026-04-20T22:11:20.762] [DEBUG] debug-file - Start initialize module-target build option map, moduleName=entry, buildMode=debug
[2026-04-20T22:11:20.762] [DEBUG] debug-file - Target 'default' config initialized
[2026-04-20T22:11:20.762] [DEBUG] debug-file - Module 'entry' target 'default' build option initialized
[2026-04-20T22:11:20.762] [DEBUG] debug-file - End initialize module-target build option map, moduleName=entry
[2026-04-20T22:11:20.762] [DEBUG] debug-file - Start initialize module-target build option map, moduleName=entry, buildMode=debug
[2026-04-20T22:11:20.762] [DEBUG] debug-file - Target 'default' config initialized
[2026-04-20T22:11:20.762] [DEBUG] debug-file - Module 'entry' target 'default' build option initialized
[2026-04-20T22:11:20.762] [DEBUG] debug-file - End initialize module-target build option map, moduleName=entry
[2026-04-20T22:11:20.762] [DEBUG] debug-file - Obtain build option for module 'entry' target 'default'in this build.
[2026-04-20T22:11:20.766] [DEBUG] debug-file - Module entry task initialization takes 3 ms 
[2026-04-20T22:11:20.766] [DEBUG] debug-file - Hap plugin register hook start...
[2026-04-20T22:11:20.766] [DEBUG] debug-file - Hap plugin register hook end...
[2026-04-20T22:11:20.766] [DEBUG] debug-file - Plugin build process completed
[2026-04-20T22:11:20.766] [DEBUG] debug-file - hvigorfile, resolve finished D:\harmonyos_code\CanvasComponent\entry\hvigorfile.ts
[2026-04-20T22:11:20.780] [DEBUG] debug-file - hvigorfile, resolve hvigorfile dependencies in 14 ms 
[2026-04-20T22:11:20.781] [DEBUG] debug-file - project has submodules:entry
[2026-04-20T22:11:20.782] [DEBUG] debug-file - start to load updatedOhPackageInfo to the disk
[2026-04-20T22:11:20.784] [DEBUG] debug-file - load to the disk finished
[2026-04-20T22:11:20.785] [DEBUG] debug-file - Start to initialize dependency information.
[2026-04-20T22:11:20.786] [DEBUG] debug-file - Module CanvasComponent Collected Dependency: 
[2026-04-20T22:11:20.786] [DEBUG] debug-file - Module CanvasComponent's total dependency: 0
[2026-04-20T22:11:20.787] [DEBUG] debug-file - Start to initialize dependency information.
[2026-04-20T22:11:20.789] [DEBUG] debug-file - Module entry Collected Dependency: 
[2026-04-20T22:11:20.789] [DEBUG] debug-file - Module entry's total dependency: 0
[2026-04-20T22:11:20.792] [DEBUG] debug-file - Configuration phase cost:2 s 381 ms 
[2026-04-20T22:11:20.794] [DEBUG] debug-file - Configuration task cost before running: 2 s 392 ms 
[2026-04-20T22:11:20.794] [DEBUG] debug-file - Executing task :entry:init
[2026-04-20T22:11:20.794] [DEBUG] debug-file - entry : init cost memory 0.0164642333984375
[2026-04-20T22:11:20.794] [DEBUG] debug-file - runTaskFromQueue task cost before running: 2 s 393 ms 
[2026-04-20T22:11:20.795] [INFO] debug-file - Finished :entry:init... after 1 ms 
[2026-04-20T22:11:20.795] [DEBUG] debug-file - Executing task ::init
[2026-04-20T22:11:20.795] [DEBUG] debug-file - CanvasComponent : init cost memory 0.014190673828125
[2026-04-20T22:11:20.795] [DEBUG] debug-file - runTaskFromQueue task cost before running: 2 s 394 ms 
[2026-04-20T22:11:20.795] [INFO] debug-file - Finished ::init... after 1 ms 
[2026-04-20T22:11:20.807] [DEBUG] debug-file - Obtain build option for module 'entry' target 'default'in this build.
[2026-04-20T22:11:20.813] [DEBUG] debug-file - Cleanup worker 0.
[2026-04-20T22:11:20.813] [DEBUG] debug-file - Worker 0 has been cleaned up.
[2026-04-20T22:11:20.813] [DEBUG] debug-file - Current idle worker size: 1.
[2026-04-20T22:11:20.813] [DEBUG] debug-file - Current resident worker size: 2.
[2026-04-20T22:11:20.813] [DEBUG] debug-file - Cleanup worker 1.
[2026-04-20T22:11:20.813] [DEBUG] debug-file - Worker 1 has been cleaned up.
[2026-04-20T22:11:20.813] [DEBUG] debug-file - Current idle worker size: 0.
[2026-04-20T22:11:20.813] [DEBUG] debug-file - Current resident worker size: 2.
[2026-04-20T22:11:20.814] [DEBUG] debug-file - hvigor build process will be closed.
[2026-04-20T22:11:20.816] [DEBUG] debug-file - session manager: send message to worker process.
[2026-04-20T22:11:20.816] [DEBUG] debug-file - session manager: send message to worker process.
[2026-04-20T22:11:20.818] [DEBUG] debug-file - watch worker: worker id should be larger than 0. Nothing will be sent to any worker thread.
[2026-04-20T22:11:20.819] [DEBUG] debug-file - watch worker: worker id should be larger than 0. Nothing will be sent to any worker thread.
[2026-04-20T22:11:20.820] [DEBUG] debug-file - worker[0] exits with exit code 1.
[2026-04-20T22:11:20.820] [DEBUG] debug-file - worker[1] exits with exit code 1.
[2026-04-20T22:11:51.493] [DEBUG] debug-file - env: nodejsVersion=v18.20.1
[2026-04-20T22:11:51.901] [DEBUG] debug-file - Hvigor init with startParameters:{
  hvigorfileTypeCheck: false,
  parallelExecution: true,
  incrementalExecution: true,
  printStackTrace: false,
  daemon: false,
  analyze: 0,
  logLevel: Level { level: 20000, levelStr: 'INFO', colour: 'green' },
  optimizationStrategy: 'memory',
  hotCompile: undefined,
  hotReloadBuild: undefined,
  customizedParam: undefined
}
[2026-04-20T22:11:53.410] [DEBUG] debug-file - hvigorfile, require result:  { appTasks: [Getter] }
[2026-04-20T22:11:53.412] [DEBUG] debug-file - Starting plugin build process
[2026-04-20T22:11:53.554] [DEBUG] debug-file - App plugin register hook start...
[2026-04-20T22:11:53.555] [DEBUG] debug-file - Start initialize project's product build option map with build mode debug.
[2026-04-20T22:11:53.559] [DEBUG] debug-file - Obtain build option for product 'default'in this build.
[2026-04-20T22:11:53.567] [DEBUG] debug-file - Start recording SDK configuration permission data.
[2026-04-20T22:11:53.607] [DEBUG] debug-file - Project task initialization takes 8 ms 
[2026-04-20T22:11:53.615] [DEBUG] debug-file - failed to load cangjie to dynamically generate schemas: Error: Cannot find module '@ohos/cangjie-build-support/index'
Require stack:
- D:\DevEco Studio\tools\hvigor\hvigor-ohos-plugin\src\plugin\hooks\cangjie-register.js
- D:\DevEco Studio\tools\hvigor\hvigor-ohos-plugin\src\plugin\strategy\stage-init-strategy.js
- D:\DevEco Studio\tools\hvigor\hvigor-ohos-plugin\src\plugin\builder\abstract-plugin-builder.js
- D:\DevEco Studio\tools\hvigor\hvigor-ohos-plugin\src\plugin\builder\app-plugin-builder.js
- D:\DevEco Studio\tools\hvigor\hvigor-ohos-plugin\src\plugin\factory\plugin-factory.js
- D:\DevEco Studio\tools\hvigor\hvigor-ohos-plugin\index.js
- D:\harmonyos_code\ljh25307105\hvigorfile.ts
- D:\DevEco Studio\tools\hvigor\hvigor\src\base\internal\lifecycle\configuration.js
- D:\DevEco Studio\tools\hvigor\hvigor\src\base\boot\index.js
- D:\DevEco Studio\tools\hvigor\hvigor\src\cli\main\cli.js
- D:\DevEco Studio\tools\hvigor\hvigor\bin\hvigor.js
[2026-04-20T22:11:53.627] [DEBUG] debug-file - Start initialize module-target build option map, moduleName=entry, buildMode=release
[2026-04-20T22:11:51.494] [DEBUG] debug-file - env: hvigor-config.json5 content = { modelVersion: '5.0.0', dependencies: {} }
[2026-04-20T22:11:53.636] [DEBUG] debug-file - project has submodules:entry
[2026-04-20T22:11:53.638] [DEBUG] debug-file - start to load updatedOhPackageInfo to the disk
[2026-04-20T22:11:53.687] [DEBUG] debug-file - Create  resident worker with id: 0.
[2026-04-20T22:11:53.646] [DEBUG] debug-file - Start to initialize dependency information.
[2026-04-20T22:11:51.907] [DEBUG] debug-file - Cache service initialization finished in 6 ms 
[2026-04-20T22:11:53.410] [DEBUG] debug-file - hvigorfile, binding system plugins { appTasks: [Getter] }
[2026-04-20T22:11:53.412] [DEBUG] debug-file - App plugin prepare start...
[2026-04-20T22:11:53.554] [DEBUG] debug-file - App plugin register hook end...
[2026-04-20T22:11:53.555] [DEBUG] debug-file - Picking option from product 'default' with build mode 'debug'.
[2026-04-20T22:11:53.560] [DEBUG] debug-file - No signingConfig found, initRemoteHspCache failed.
[2026-04-20T22:11:53.598] [DEBUG] debug-file - Sdk init in 38 ms 
[2026-04-20T22:11:53.607] [DEBUG] debug-file - hvigorfile, resolve finished D:\harmonyos_code\ljh25307105\hvigorfile.ts
[2026-04-20T22:11:53.628] [DEBUG] debug-file - Target 'default' config initialized
[2026-04-20T22:11:51.496] [DEBUG] debug-file - env: daemon=false
[2026-04-20T22:11:53.641] [DEBUG] debug-file - load to the disk finished
[2026-04-20T22:11:53.689] [DEBUG] debug-file - Create  resident worker with id: 1.
[2026-04-20T22:11:53.649] [DEBUG] debug-file - Module entry Collected Dependency: 
[2026-04-20T22:11:51.909] [DEBUG] debug-file - hvigorfile, resolving D:\harmonyos_code\ljh25307105\hvigorfile.ts
[2026-04-20T22:11:53.412] [DEBUG] debug-file - App plugin prepare end...
[2026-04-20T22:11:53.554] [DEBUG] debug-file - Plugin build process completed
[2026-04-20T22:11:53.556] [DEBUG] debug-file - Product 'default' build option initialized
[2026-04-20T22:11:53.562] [DEBUG] debug-file - Local scan or download HarmonyOS sdk components toolchains,ets,js,native,previewer
[2026-04-20T22:11:53.608] [DEBUG] debug-file - hvigorfile, resolving D:\harmonyos_code\ljh25307105\entry\hvigorfile.ts
[2026-04-20T22:11:53.628] [DEBUG] debug-file - Module 'entry' target 'default' build option initialized
[2026-04-20T22:11:51.496] [DEBUG] debug-file - no-daemon, use the parent process.execArgv --max-old-space-size=8192,--max-semi-space-size=16,--expose-gc
[2026-04-20T22:11:53.642] [DEBUG] debug-file - Start to initialize dependency information.
[2026-04-20T22:11:53.691] [DEBUG] debug-file - Current worker pool is stopped or closed.
[2026-04-20T22:11:53.649] [DEBUG] debug-file - Module entry's total dependency: 0
[2026-04-20T22:11:53.412] [DEBUG] debug-file - App plugin creating...
[2026-04-20T22:11:53.556] [DEBUG] debug-file - End initialize project's product build option map with build mode 'debug'.
[2026-04-20T22:11:53.564] [DEBUG] debug-file - Local scan or download hmscore sdk components toolchains,ets,native
[2026-04-20T22:11:53.628] [DEBUG] debug-file - End initialize module-target build option map, moduleName=entry
[2026-04-20T22:11:53.644] [DEBUG] debug-file - Module ljh25307105 Collected Dependency: 
[2026-04-20T22:11:53.613] [DEBUG] debug-file - hvigorfile, require result:  { hapTasks: [Getter] }
[2026-04-20T22:11:53.691] [DEBUG] debug-file - Clear worker 0.
[2026-04-20T22:11:53.653] [DEBUG] debug-file - Configuration phase cost:1 s 747 ms 
[2026-04-20T22:11:53.644] [DEBUG] debug-file - Module ljh25307105's total dependency: 0
[2026-04-20T22:11:53.628] [DEBUG] debug-file - Start initialize module-target build option map, moduleName=entry, buildMode=debug
[2026-04-20T22:11:53.613] [DEBUG] debug-file - hvigorfile, binding system plugins { hapTasks: [Getter] }
[2026-04-20T22:11:53.692] [DEBUG] debug-file - Worker 0 has been cleared.
[2026-04-20T22:11:53.656] [DEBUG] debug-file - Configuration task cost before running: 1 s 765 ms 
[2026-04-20T22:11:53.628] [DEBUG] debug-file - Target 'default' config initialized
[2026-04-20T22:11:53.692] [DEBUG] debug-file - Current idle worker size: 1.
[2026-04-20T22:11:53.613] [DEBUG] debug-file - Starting plugin build process
[2026-04-20T22:11:53.657] [DEBUG] debug-file - Executing task :entry:init
[2026-04-20T22:11:53.628] [DEBUG] debug-file - Module 'entry' target 'default' build option initialized
[2026-04-20T22:11:53.613] [DEBUG] debug-file - Hap plugin creating...
[2026-04-20T22:11:53.692] [DEBUG] debug-file - Current busy worker size: 0.
[2026-04-20T22:11:53.657] [DEBUG] debug-file - entry : init cost memory 0.0141448974609375
[2026-04-20T22:11:53.628] [DEBUG] debug-file - End initialize module-target build option map, moduleName=entry
[2026-04-20T22:11:53.692] [DEBUG] debug-file - Clear worker 1.
[2026-04-20T22:11:53.657] [DEBUG] debug-file - runTaskFromQueue task cost before running: 1 s 766 ms 
[2026-04-20T22:11:53.628] [DEBUG] debug-file - Start initialize module-target build option map, moduleName=entry, buildMode=debug
[2026-04-20T22:11:53.692] [DEBUG] debug-file - Worker 1 has been cleared.
[2026-04-20T22:11:53.658] [INFO] debug-file - Finished :entry:init... after 1 ms 
[2026-04-20T22:11:53.628] [DEBUG] debug-file - Target 'default' config initialized
[2026-04-20T22:11:53.692] [DEBUG] debug-file - Current idle worker size: 0.
[2026-04-20T22:11:53.658] [DEBUG] debug-file - Executing task ::init
[2026-04-20T22:11:53.629] [DEBUG] debug-file - Module 'entry' target 'default' build option initialized
[2026-04-20T22:11:53.692] [DEBUG] debug-file - Current busy worker size: 0.
[2026-04-20T22:11:53.658] [DEBUG] debug-file - ljh25307105 : init cost memory 0.01177215576171875
[2026-04-20T22:11:53.629] [DEBUG] debug-file - End initialize module-target build option map, moduleName=entry
[2026-04-20T22:11:53.693] [DEBUG] debug-file - hvigor build process will be closed.
[2026-04-20T22:11:53.659] [DEBUG] debug-file - runTaskFromQueue task cost before running: 1 s 768 ms 
[2026-04-20T22:11:53.629] [DEBUG] debug-file - Obtain build option for module 'entry' target 'default'in this build.
[2026-04-20T22:11:53.696] [DEBUG] debug-file - worker[0] exits with exit code 0.
[2026-04-20T22:11:53.659] [INFO] debug-file - Finished ::init... after 1 ms 
[2026-04-20T22:11:53.634] [DEBUG] debug-file - Module entry task initialization takes 5 ms 
[2026-04-20T22:11:53.697] [DEBUG] debug-file - worker[1] exits with exit code 0.
[2026-04-20T22:11:53.675] [DEBUG] debug-file - Obtain build option for module 'entry' target 'default'in this build.
[2026-04-20T22:11:53.634] [DEBUG] debug-file - Hap plugin register hook start...
[2026-04-20T22:11:53.698] [DEBUG] debug-file - Current worker pool is terminated.
[2026-04-20T22:11:53.684] [DEBUG] debug-file - Since there is no instance or instance is terminated, create a new worker pool.
[2026-04-20T22:11:53.634] [DEBUG] debug-file - Hap plugin register hook end...
[2026-04-20T22:11:53.684] [DEBUG] debug-file - Worker pool is initialized with config:  {
  minPoolNum: 2,
  maxPoolNum: undefined,
  maxCoreSize: undefined,
  cacheCapacity: undefined,
  cacheTtl: undefined
}
[2026-04-20T22:11:53.634] [DEBUG] debug-file - Plugin build process completed
[2026-04-20T22:11:53.634] [DEBUG] debug-file - hvigorfile, resolve finished D:\harmonyos_code\ljh25307105\entry\hvigorfile.ts
[2026-04-20T22:33:30.788] [DEBUG] debug-file - env: nodejsVersion=v18.20.1
[2026-04-20T22:33:30.851] [DEBUG] debug-file - env: daemon=true
[2026-04-20T22:33:30.789] [DEBUG] debug-file - env: hvigor-config.json5 content = { modelVersion: '5.0.0', dependencies: {} }
[2026-04-20T22:33:31.542] [DEBUG] debug-file - java daemon tryConnect failed Error: connect ECONNREFUSED 127.0.0.1:45050
[2026-04-20T22:33:31.549] [DEBUG] debug-file - java daemon started at port 45050 pid 20508
[2026-04-20T22:33:31.569] [DEBUG] debug-file - session manager: set active socket. socketId=31Cv4S0X7LAPEqklAAAB
[2026-04-20T22:33:32.223] [DEBUG] debug-file - watch worker: worker id should be larger than 0. Nothing will be sent to any worker thread.
[2026-04-20T22:33:32.226] [DEBUG] debug-file - Since there is no instance or instance is terminated, create a new worker pool.
[2026-04-20T22:33:32.226] [DEBUG] debug-file - Worker pool is initialized with config:  {
  minPoolNum: 2,
  maxPoolNum: undefined,
  maxCoreSize: undefined,
  cacheCapacity: undefined,
  cacheTtl: undefined
}
[2026-04-20T22:33:32.227] [DEBUG] debug-file - Create  resident worker with id: 0.
[2026-04-20T22:33:32.228] [DEBUG] debug-file - Create  resident worker with id: 1.
[2026-04-20T22:33:32.230] [DEBUG] debug-file - Workers' log level updated to INFO
[2026-04-20T22:33:32.235] [DEBUG] debug-file - Hvigor init with startParameters:{
  hvigorfileTypeCheck: false,
  parallelExecution: true,
  incrementalExecution: true,
  printStackTrace: false,
  daemon: true,
  analyze: 0,
  logLevel: Level { level: 20000, levelStr: 'INFO', colour: 'green' },
  optimizationStrategy: 'memory',
  hotCompile: undefined,
  hotReloadBuild: undefined,
  customizedParam: undefined
}
[2026-04-20T22:33:32.240] [DEBUG] debug-file - Cache service initialization finished in 5 ms 
[2026-04-20T22:33:32.242] [DEBUG] debug-file - hvigorfile, resolving D:\harmonyos_code\ljh25307105\hvigorfile.ts
[2026-04-20T22:33:33.826] [DEBUG] debug-file - hvigorfile, require result:  {}
[2026-04-20T22:33:33.826] [DEBUG] debug-file - hvigorfile, binding system plugins {}
[2026-04-20T22:33:33.826] [DEBUG] debug-file - Starting plugin build process
[2026-04-20T22:33:33.827] [DEBUG] debug-file - App plugin prepare start...
[2026-04-20T22:33:33.827] [DEBUG] debug-file - App plugin prepare end...
[2026-04-20T22:33:33.827] [DEBUG] debug-file - App plugin creating...
[2026-04-20T22:33:33.948] [DEBUG] debug-file - App plugin register hook start...
[2026-04-20T22:33:33.948] [DEBUG] debug-file - App plugin register hook end...
[2026-04-20T22:33:33.948] [DEBUG] debug-file - Plugin build process completed
[2026-04-20T22:33:33.949] [DEBUG] debug-file - Start initialize project's product build option map with build mode debug.
[2026-04-20T22:33:33.949] [DEBUG] debug-file - Picking option from product 'default' with build mode 'debug'.
[2026-04-20T22:33:33.949] [DEBUG] debug-file - Product 'default' build option initialized
[2026-04-20T22:33:33.949] [DEBUG] debug-file - End initialize project's product build option map with build mode 'debug'.
[2026-04-20T22:33:33.950] [DEBUG] debug-file - Obtain build option for product 'default'in this build.
[2026-04-20T22:33:33.952] [DEBUG] debug-file - No signingConfig found, initRemoteHspCache failed.
[2026-04-20T22:33:33.954] [DEBUG] debug-file - Local scan or download HarmonyOS sdk components toolchains,ets,js,native,previewer
[2026-04-20T22:33:33.956] [DEBUG] debug-file - Local scan or download hmscore sdk components toolchains,ets,native
[2026-04-20T22:33:33.957] [DEBUG] debug-file - Start recording SDK configuration permission data.
[2026-04-20T22:33:33.983] [DEBUG] debug-file - Sdk init in 31 ms 
[2026-04-20T22:33:33.988] [DEBUG] debug-file - Project task initialization takes 4 ms 
[2026-04-20T22:33:33.988] [DEBUG] debug-file - hvigorfile, resolve finished D:\harmonyos_code\ljh25307105\hvigorfile.ts
[2026-04-20T22:33:33.988] [DEBUG] debug-file - hvigorfile, resolving D:\harmonyos_code\ljh25307105\entry\hvigorfile.ts
[2026-04-20T22:33:33.992] [DEBUG] debug-file - hvigorfile, require result:  {}
[2026-04-20T22:33:33.993] [DEBUG] debug-file - hvigorfile, binding system plugins {}
[2026-04-20T22:33:33.993] [DEBUG] debug-file - Starting plugin build process
[2026-04-20T22:33:33.993] [DEBUG] debug-file - Hap plugin creating...
[2026-04-20T22:33:33.994] [DEBUG] debug-file - failed to load cangjie to dynamically generate schemas: Error: Cannot find module '@ohos/cangjie-build-support/index'
Require stack:
- D:\DevEco Studio\tools\hvigor\hvigor-ohos-plugin\src\plugin\hooks\cangjie-register.js
- D:\DevEco Studio\tools\hvigor\hvigor-ohos-plugin\src\plugin\strategy\stage-init-strategy.js
- D:\DevEco Studio\tools\hvigor\hvigor-ohos-plugin\src\plugin\builder\abstract-plugin-builder.js
- D:\DevEco Studio\tools\hvigor\hvigor-ohos-plugin\src\plugin\builder\app-plugin-builder.js
- D:\DevEco Studio\tools\hvigor\hvigor-ohos-plugin\src\plugin\factory\plugin-factory.js
- D:\DevEco Studio\tools\hvigor\hvigor-ohos-plugin\index.js
- D:\harmonyos_code\ljh25307105\hvigorfile.ts
- D:\DevEco Studio\tools\hvigor\hvigor\src\base\internal\lifecycle\configuration.js
- D:\DevEco Studio\tools\hvigor\hvigor\src\base\boot\index.js
- D:\DevEco Studio\tools\hvigor\hvigor\src\base\daemon\cluster\worker-process-lifecycle.js
- D:\DevEco Studio\tools\hvigor\hvigor\src\base\daemon\process\daemon-process-boot-script.js
[2026-04-20T22:33:34.002] [DEBUG] debug-file - Start initialize module-target build option map, moduleName=entry, buildMode=release
[2026-04-20T22:33:34.002] [DEBUG] debug-file - Target 'default' config initialized
[2026-04-20T22:33:34.002] [DEBUG] debug-file - Module 'entry' target 'default' build option initialized
[2026-04-20T22:33:34.002] [DEBUG] debug-file - End initialize module-target build option map, moduleName=entry
[2026-04-20T22:33:34.002] [DEBUG] debug-file - Start initialize module-target build option map, moduleName=entry, buildMode=debug
[2026-04-20T22:33:34.003] [DEBUG] debug-file - Target 'default' config initialized
[2026-04-20T22:33:34.003] [DEBUG] debug-file - Module 'entry' target 'default' build option initialized
[2026-04-20T22:33:34.003] [DEBUG] debug-file - End initialize module-target build option map, moduleName=entry
[2026-04-20T22:33:34.003] [DEBUG] debug-file - Start initialize module-target build option map, moduleName=entry, buildMode=debug
[2026-04-20T22:33:34.003] [DEBUG] debug-file - Target 'default' config initialized
[2026-04-20T22:33:34.003] [DEBUG] debug-file - Module 'entry' target 'default' build option initialized
[2026-04-20T22:33:34.003] [DEBUG] debug-file - End initialize module-target build option map, moduleName=entry
[2026-04-20T22:33:34.003] [DEBUG] debug-file - Obtain build option for module 'entry' target 'default'in this build.
[2026-04-20T22:33:34.007] [DEBUG] debug-file - Module entry task initialization takes 3 ms 
[2026-04-20T22:33:34.007] [DEBUG] debug-file - Hap plugin register hook start...
[2026-04-20T22:33:34.007] [DEBUG] debug-file - Hap plugin register hook end...
[2026-04-20T22:33:34.007] [DEBUG] debug-file - Plugin build process completed
[2026-04-20T22:33:34.007] [DEBUG] debug-file - hvigorfile, resolve finished D:\harmonyos_code\ljh25307105\entry\hvigorfile.ts
[2026-04-20T22:33:34.019] [DEBUG] debug-file - hvigorfile, resolve hvigorfile dependencies in 12 ms 
[2026-04-20T22:33:34.019] [DEBUG] debug-file - project has submodules:entry
[2026-04-20T22:33:34.021] [DEBUG] debug-file - start to load updatedOhPackageInfo to the disk
[2026-04-20T22:33:34.022] [DEBUG] debug-file - load to the disk finished
[2026-04-20T22:33:34.023] [DEBUG] debug-file - Start to initialize dependency information.
[2026-04-20T22:33:34.025] [DEBUG] debug-file - Module ljh25307105 Collected Dependency: 
[2026-04-20T22:33:34.025] [DEBUG] debug-file - Module ljh25307105's total dependency: 0
[2026-04-20T22:33:34.025] [DEBUG] debug-file - Start to initialize dependency information.
[2026-04-20T22:33:34.027] [DEBUG] debug-file - Module entry Collected Dependency: 
[2026-04-20T22:33:34.027] [DEBUG] debug-file - Module entry's total dependency: 0
[2026-04-20T22:33:34.032] [DEBUG] debug-file - Configuration phase cost:1 s 792 ms 
[2026-04-20T22:33:34.033] [DEBUG] debug-file - Configuration task cost before running: 1 s 804 ms 
[2026-04-20T22:33:34.038] [DEBUG] debug-file - Executing task :entry:default@PreBuild
[2026-04-20T22:33:34.039] [DEBUG] debug-file - Task 'entry:default@PreBuild' cost while wrapping incremental declarations: 1 ms 
[2026-04-20T22:33:34.135] [DEBUG] debug-file - current product is not Atomic service.
[2026-04-20T22:33:34.135] [DEBUG] debug-file - Use tool [win32: JAVA_HOME, CLASSPATH]
 [ { JAVA_HOME: 'D:\\DevEco Studio\\jbr' }, { CLASSPATH: undefined } ]
[2026-04-20T22:33:34.135] [DEBUG] debug-file - Use tool [win32: NODE_HOME]
 [ { NODE_HOME: 'D:/DevEco Studio/tools/node' } ]
[2026-04-20T22:33:34.135] [DEBUG] debug-file - entry : default@PreBuild cost memory -3.4888763427734375
[2026-04-20T22:33:34.136] [DEBUG] debug-file - runTaskFromQueue task cost before running: 1 s 906 ms 
[2026-04-20T22:33:34.137] [INFO] debug-file - Finished :entry:default@PreBuild... after 98 ms 
[2026-04-20T22:33:34.138] [DEBUG] debug-file - Executing task :entry:default@CreateModuleInfo
[2026-04-20T22:33:34.138] [DEBUG] debug-file - Task 'entry:default@CreateModuleInfo' cost while wrapping incremental declarations: 1 ms 
[2026-04-20T22:33:34.139] [DEBUG] debug-file - entry : default@CreateModuleInfo cost memory 0.0423583984375
[2026-04-20T22:33:34.139] [DEBUG] debug-file - runTaskFromQueue task cost before running: 1 s 909 ms 
[2026-04-20T22:33:34.139] [INFO] debug-file - Finished :entry:default@CreateModuleInfo... after 1 ms 
[2026-04-20T22:33:34.140] [DEBUG] debug-file - Executing task :entry:default@GenerateMetadata
[2026-04-20T22:33:34.140] [DEBUG] debug-file - Task 'entry:default@GenerateMetadata' cost while wrapping incremental declarations: 1 ms 
[2026-04-20T22:33:34.143] [DEBUG] debug-file - entry : default@GenerateMetadata cost memory 0.05918121337890625
[2026-04-20T22:33:34.143] [DEBUG] debug-file - runTaskFromQueue task cost before running: 1 s 913 ms 
[2026-04-20T22:33:34.143] [INFO] debug-file - Finished :entry:default@GenerateMetadata... after 4 ms 
[2026-04-20T22:33:34.144] [DEBUG] debug-file - Executing task :entry:default@ConfigureCmake
[2026-04-20T22:33:34.144] [DEBUG] debug-file - entry : default@ConfigureCmake cost memory 0.0145263671875
[2026-04-20T22:33:34.144] [DEBUG] debug-file - runTaskFromQueue task cost before running: 1 s 914 ms 
[2026-04-20T22:33:34.144] [INFO] debug-file - Finished :entry:default@ConfigureCmake... after 1 ms 
[2026-04-20T22:33:34.145] [DEBUG] debug-file - Executing task :entry:default@MergeProfile
[2026-04-20T22:33:34.145] [DEBUG] debug-file - Task 'entry:default@MergeProfile' cost while wrapping incremental declarations: 1 ms 
[2026-04-20T22:33:34.146] [DEBUG] debug-file - Change app api release type with 'Release'
[2026-04-20T22:33:34.146] [DEBUG] debug-file - Change app compile API version with '6.1.0.105'
[2026-04-20T22:33:34.146] [DEBUG] debug-file - Change app target API version with '60002022'
[2026-04-20T22:33:34.146] [DEBUG] debug-file - Change app minimum API version with '50005017'
[2026-04-20T22:33:34.146] [DEBUG] debug-file - Use cli appEnvironment
[2026-04-20T22:33:34.149] [DEBUG] debug-file - entry : default@MergeProfile cost memory 0.19501495361328125
[2026-04-20T22:33:34.149] [DEBUG] debug-file - runTaskFromQueue task cost before running: 1 s 919 ms 
[2026-04-20T22:33:34.149] [INFO] debug-file - Finished :entry:default@MergeProfile... after 4 ms 
[2026-04-20T22:33:34.150] [DEBUG] debug-file - Executing task :entry:default@CreateBuildProfile
[2026-04-20T22:33:34.150] [DEBUG] debug-file - Task 'entry:default@CreateBuildProfile' cost while wrapping incremental declarations: 1 ms 
[2026-04-20T22:33:34.151] [DEBUG] debug-file - entry : default@CreateBuildProfile cost memory 0.08490753173828125
[2026-04-20T22:33:34.151] [DEBUG] debug-file - runTaskFromQueue task cost before running: 1 s 922 ms 
[2026-04-20T22:33:34.151] [INFO] debug-file - Finished :entry:default@CreateBuildProfile... after 2 ms 
[2026-04-20T22:33:34.152] [DEBUG] debug-file - Executing task :entry:default@PreCheckSyscap
[2026-04-20T22:33:34.152] [DEBUG] debug-file - entry : default@PreCheckSyscap cost memory 0.01476287841796875
[2026-04-20T22:33:34.152] [DEBUG] debug-file - runTaskFromQueue task cost before running: 1 s 923 ms 
[2026-04-20T22:33:34.152] [INFO] debug-file - Finished :entry:default@PreCheckSyscap... after 1 ms 
[2026-04-20T22:33:34.153] [DEBUG] debug-file - Executing task :entry:default@GeneratePkgContextInfo
[2026-04-20T22:33:34.161] [DEBUG] debug-file - Task 'entry:default@GeneratePkgContextInfo' cost while wrapping incremental declarations: 1 ms 
[2026-04-20T22:33:34.162] [DEBUG] debug-file - entry : default@GeneratePkgContextInfo cost memory 0.5325469970703125
[2026-04-20T22:33:34.162] [DEBUG] debug-file - runTaskFromQueue task cost before running: 1 s 932 ms 
[2026-04-20T22:33:34.162] [INFO] debug-file - Finished :entry:default@GeneratePkgContextInfo... after 9 ms 
[2026-04-20T22:33:34.163] [DEBUG] debug-file - Executing task :entry:default@GeneratePkgSdkInfo
[2026-04-20T22:33:34.164] [DEBUG] debug-file - Task 'entry:default@GeneratePkgSdkInfo' cost while wrapping incremental declarations: 1 ms 
[2026-04-20T22:33:34.166] [DEBUG] debug-file - entry : default@GeneratePkgSdkInfo cost memory 0.36226654052734375
[2026-04-20T22:33:34.166] [DEBUG] debug-file - runTaskFromQueue task cost before running: 1 s 936 ms 
[2026-04-20T22:33:34.166] [INFO] debug-file - Finished :entry:default@GeneratePkgSdkInfo... after 3 ms 
[2026-04-20T22:33:34.169] [DEBUG] debug-file - Executing task :entry:default@ProcessIntegratedHsp
[2026-04-20T22:33:34.169] [DEBUG] debug-file - entry : default@ProcessIntegratedHsp cost memory 0.02928924560546875
[2026-04-20T22:33:34.169] [DEBUG] debug-file - runTaskFromQueue task cost before running: 1 s 940 ms 
[2026-04-20T22:33:34.169] [INFO] debug-file - Finished :entry:default@ProcessIntegratedHsp... after 1 ms 
[2026-04-20T22:33:34.170] [DEBUG] debug-file - Executing task :entry:default@BuildNativeWithCmake
[2026-04-20T22:33:34.170] [DEBUG] debug-file - entry : default@BuildNativeWithCmake cost memory 0.015167236328125
[2026-04-20T22:33:34.170] [DEBUG] debug-file - runTaskFromQueue task cost before running: 1 s 941 ms 
[2026-04-20T22:33:34.170] [INFO] debug-file - Finished :entry:default@BuildNativeWithCmake... after 1 ms 
[2026-04-20T22:33:34.171] [DEBUG] debug-file - Executing task :entry:default@MakePackInfo
[2026-04-20T22:33:34.172] [DEBUG] debug-file - Module Pack Info:  {
  summary: {
    app: { bundleName: 'c***t', bundleType: 'app', version: [Object] },
    modules: [ [Object] ]
  },
  packages: [
    {
      deviceType: [Array],
      moduleType: 'entry',
      deliveryWithInstall: true,
      name: 'entry-default'
    }
  ]
}
[2026-04-20T22:33:34.173] [DEBUG] debug-file - entry : default@MakePackInfo cost memory 0.0998687744140625
[2026-04-20T22:33:34.173] [DEBUG] debug-file - runTaskFromQueue task cost before running: 1 s 944 ms 
[2026-04-20T22:33:34.173] [INFO] debug-file - Finished :entry:default@MakePackInfo... after 2 ms 
[2026-04-20T22:33:34.174] [DEBUG] debug-file - Executing task :entry:default@SyscapTransform
[2026-04-20T22:33:34.174] [DEBUG] debug-file - File: 'D:\harmonyos_code\ljh25307105\entry\src\main\syscap.json' from 'sysCapJsonPath' is not exists, just ignore.
[2026-04-20T22:33:34.175] [DEBUG] debug-file - Task 'entry:default@SyscapTransform' cost while wrapping incremental declarations: 1 ms 
[2026-04-20T22:33:34.175] [DEBUG] debug-file - entry : default@SyscapTransform cost memory 0.0548095703125
[2026-04-20T22:33:34.176] [DEBUG] debug-file - runTaskFromQueue task cost before running: 1 s 946 ms 
[2026-04-20T22:33:34.176] [INFO] debug-file - Finished :entry:default@SyscapTransform... after 2 ms 
[2026-04-20T22:33:34.177] [DEBUG] debug-file - Executing task :entry:default@ProcessProfile
[2026-04-20T22:33:34.178] [DEBUG] debug-file - Task 'entry:default@ProcessProfile' cost while wrapping incremental declarations: 1 ms 
[2026-04-20T22:33:34.179] [DEBUG] debug-file - [
  'D:\\DevEco Studio\\tools\\node\\node.exe',
  'D:\\DevEco Studio\\sdk\\default\\openharmony\\ets\\build-tools\\ets-loader\\bin\\ark\\ts2abc.js',
  '--target-api-version',
  '17'
]
[2026-04-20T22:33:34.284] [DEBUG] debug-file - 12.0.6.0
[2026-04-20T22:33:34.285] [DEBUG] debug-file - No need to add fake ui ability because of not in preview process.
[2026-04-20T22:33:34.286] [DEBUG] debug-file - entry : default@ProcessProfile cost memory 2.0531005859375
[2026-04-20T22:33:34.286] [DEBUG] debug-file - runTaskFromQueue task cost before running: 2 s 57 ms 
[2026-04-20T22:33:34.286] [INFO] debug-file - Finished :entry:default@ProcessProfile... after 110 ms 
[2026-04-20T22:33:34.287] [DEBUG] debug-file - Executing task :entry:default@ProcessRouterMap
[2026-04-20T22:33:34.289] [DEBUG] debug-file - entry : default@ProcessRouterMap cost memory 0.0669403076171875
[2026-04-20T22:33:34.290] [DEBUG] debug-file - runTaskFromQueue task cost before running: 2 s 60 ms 
[2026-04-20T22:33:34.290] [INFO] debug-file - Finished :entry:default@ProcessRouterMap... after 3 ms 
[2026-04-20T22:33:34.291] [DEBUG] debug-file - Executing task :entry:default@ProcessShareConfig
[2026-04-20T22:33:34.292] [DEBUG] debug-file - entry : default@ProcessShareConfig cost memory 0.05462646484375
[2026-04-20T22:33:34.292] [DEBUG] debug-file - runTaskFromQueue task cost before running: 2 s 62 ms 
[2026-04-20T22:33:34.292] [INFO] debug-file - Finished :entry:default@ProcessShareConfig... after 2 ms 
[2026-04-20T22:33:34.293] [DEBUG] debug-file - Executing task :entry:default@ProcessStartupConfig
[2026-04-20T22:33:34.293] [DEBUG] debug-file - Task 'entry:default@ProcessStartupConfig' cost while wrapping incremental declarations: 1 ms 
[2026-04-20T22:33:34.294] [DEBUG] debug-file - entry : default@ProcessStartupConfig cost memory 0.061553955078125
[2026-04-20T22:33:34.294] [DEBUG] debug-file - runTaskFromQueue task cost before running: 2 s 65 ms 
[2026-04-20T22:33:34.294] [INFO] debug-file - Finished :entry:default@ProcessStartupConfig... after 1 ms 
[2026-04-20T22:33:34.295] [DEBUG] debug-file - Executing task :entry:default@BuildNativeWithNinja
[2026-04-20T22:33:34.295] [DEBUG] debug-file - entry : default@BuildNativeWithNinja cost memory 0.0211944580078125
[2026-04-20T22:33:34.295] [DEBUG] debug-file - runTaskFromQueue task cost before running: 2 s 66 ms 
[2026-04-20T22:33:34.296] [INFO] debug-file - Finished :entry:default@BuildNativeWithNinja... after 1 ms 
[2026-04-20T22:33:34.297] [DEBUG] debug-file - restool module names: entry; moduleName=entry, taskName=default@ProcessResource
[2026-04-20T22:33:34.298] [DEBUG] debug-file - Executing task :entry:default@ProcessResource
[2026-04-20T22:33:34.298] [DEBUG] debug-file - Task 'entry:default@ProcessResource' cost while wrapping incremental declarations: 1 ms 
[2026-04-20T22:33:34.300] [DEBUG] debug-file - entry : default@ProcessResource cost memory 0.131591796875
[2026-04-20T22:33:34.301] [DEBUG] debug-file - runTaskFromQueue task cost before running: 2 s 71 ms 
[2026-04-20T22:33:34.302] [INFO] debug-file - Finished :entry:default@ProcessResource... after 4 ms 
[2026-04-20T22:33:34.303] [DEBUG] debug-file - Executing task :entry:default@GenerateLoaderJson
[2026-04-20T22:33:34.304] [DEBUG] debug-file - Task 'entry:default@GenerateLoaderJson' cost while wrapping incremental declarations: 1 ms 
[2026-04-20T22:33:34.311] [DEBUG] debug-file - entry : default@GenerateLoaderJson cost memory 0.5174407958984375
[2026-04-20T22:33:34.311] [DEBUG] debug-file - runTaskFromQueue task cost before running: 2 s 82 ms 
[2026-04-20T22:33:34.314] [INFO] debug-file - Finished :entry:default@GenerateLoaderJson... after 9 ms 
[2026-04-20T22:33:34.314] [DEBUG] debug-file - Executing task :entry:default@ProcessLibs
[2026-04-20T22:33:34.318] [DEBUG] debug-file - Worker dispatch failed, running processLibs on main thread.
[2026-04-20T22:33:34.319] [DEBUG] debug-file - entry : default@ProcessLibs cost memory 0.51513671875
[2026-04-20T22:33:34.319] [DEBUG] debug-file - runTaskFromQueue task cost before running: 2 s 90 ms 
[2026-04-20T22:33:34.320] [INFO] debug-file - Finished :entry:default@ProcessLibs... after 5 ms 
[2026-04-20T22:33:34.321] [DEBUG] debug-file - restool module names: entry; moduleName=entry, taskName=default@CompileResource
[2026-04-20T22:33:34.321] [DEBUG] debug-file - Executing task :entry:default@CompileResource
[2026-04-20T22:33:34.327] [DEBUG] debug-file - Use tool [D:\DevEco Studio\sdk\default\openharmony\toolchains\restool.exe]
 [
  'D:\\DevEco Studio\\sdk\\default\\openharmony\\toolchains\\restool.exe',
  '-l',
  'D:\\harmonyos_code\\ljh25307105\\entry\\build\\default\\intermediates\\res\\default\\resConfig.json'
]
[2026-04-20T22:33:34.328] [DEBUG] debug-file - current process  memoryUsage: {
  rss: 263581696,
  heapTotal: 163950592,
  heapUsed: 138206936,
  external: 3088834,
  arrayBuffers: 192206
} os memoryUsage :12.98638916015625
[2026-04-20T22:33:34.366] [DEBUG] debug-file - Info: Pack: normal pack mode

[2026-04-20T22:33:34.433] [DEBUG] debug-file - Info: hardware concurrency count is : 32
Info: thread count is : 32

[2026-04-20T22:33:34.434] [DEBUG] debug-file - Info: thread pool is started

[2026-04-20T22:33:34.435] [DEBUG] debug-file - Info: GenericCompiler::CompileFiles

[2026-04-20T22:33:34.441] [DEBUG] debug-file - Info: GenericCompiler::CompileFiles

[2026-04-20T22:33:34.446] [DEBUG] debug-file - Info: GenericCompiler::CompileFiles

[2026-04-20T22:33:34.449] [DEBUG] debug-file - 04-20 22:33:34.450 40136 51844 E C01400/ImageTranscoderUtils: DecodeToRGBA IN

[2026-04-20T22:33:34.449] [DEBUG] debug-file - 04-20 22:33:34.450 40136 51844 E C01400/ImageTranscoderUtils: ImageFilter IN D:\harmonyos_code\ljh25307105\AppScope\resources\base\media\app_icon.png

[2026-04-20T22:33:34.452] [DEBUG] debug-file - 04-20 22:33:34.453 40136 51844 E C01400/ImageTranscoder: TranscodeSLR Only zoom-out is supported.

[2026-04-20T22:33:34.453] [DEBUG] debug-file - Warning: ScaleImage failed, error message: INVALID_PARAMETERS, file path = D:\harmonyos_code\ljh25307105\AppScope\resources\base\media\app_icon.png

[2026-04-20T22:33:34.453] [DEBUG] debug-file - 04-20 22:33:34.454 40136 51844 E C01400/ImageTranscoderUtils: DecodeToRGBA IN

[2026-04-20T22:33:34.453] [DEBUG] debug-file - 04-20 22:33:34.454 40136 51844 E C01400/ImageTranscoderUtils: ImageFilter IN D:\harmonyos_code\ljh25307105\entry\src\main\resources\base\media\icon.png

[2026-04-20T22:33:34.453] [DEBUG] debug-file - 04-20 22:33:34.454 40136 51844 E C01400/ImageTranscoder: TranscodeSLR Only zoom-out is supported.
Warning: ScaleImage failed, error message: INVALID_PARAMETERS, file path = D:\harmonyos_code\ljh25307105\entry\src\main\resources\base\media\icon.png

[2026-04-20T22:33:34.455] [DEBUG] debug-file - Warning: The width or height of the png file referenced by the icon exceeds the limit (41 pixels)
at D:\harmonyos_code\ljh25307105\AppScope\resources\base\media\app_icon.png

[2026-04-20T22:33:34.455] [DEBUG] debug-file - Warning: The width or height of the png file referenced by the icon exceeds the limit (41 pixels)
at D:\harmonyos_code\ljh25307105\entry\src\main\resources\base\media\icon.png

[2026-04-20T22:33:34.455] [DEBUG] debug-file - Info: restool resources compile success.

[2026-04-20T22:33:34.456] [DEBUG] debug-file - Info: thread pool is stopped

[2026-04-20T22:33:34.520] [DEBUG] debug-file - entry : default@CompileResource cost memory 0.5108718872070312
[2026-04-20T22:33:34.520] [DEBUG] debug-file - runTaskFromQueue task cost before running: 2 s 291 ms 
[2026-04-20T22:33:34.521] [INFO] debug-file - Finished :entry:default@CompileResource... after 200 ms 
[2026-04-20T22:33:34.522] [DEBUG] debug-file - Executing task :entry:default@DoNativeStrip
[2026-04-20T22:33:34.522] [DEBUG] debug-file - File: 'D:\harmonyos_code\ljh25307105\entry\build\default\intermediates\binxo\default' from 'doBinxoNativeLibs' is not exists, just ignore.
[2026-04-20T22:33:34.522] [DEBUG] debug-file - Task 'entry:default@DoNativeStrip' cost while wrapping incremental declarations: 1 ms 
[2026-04-20T22:33:34.524] [DEBUG] debug-file - entry : default@DoNativeStrip cost memory 0.07265472412109375
[2026-04-20T22:33:34.524] [DEBUG] debug-file - runTaskFromQueue task cost before running: 2 s 295 ms 
[2026-04-20T22:33:34.524] [INFO] debug-file - Finished :entry:default@DoNativeStrip... after 3 ms 
[2026-04-20T22:33:34.525] [DEBUG] debug-file - Executing task :entry:default@CompileArkTS
[2026-04-20T22:33:34.526] [DEBUG] debug-file - obfuscationOptions: undefined
[2026-04-20T22:33:34.527] [DEBUG] debug-file - Task 'entry:default@CompileArkTS' cost while wrapping incremental declarations: 1 ms 
[2026-04-20T22:33:34.540] [DEBUG] debug-file - build config:
[2026-04-20T22:33:34.541] [DEBUG] debug-file - {
  moduleType: 'entry',
  perf: 0,
  targetName: '.default',
  packageManagerType: 'ohpm',
  localPropertiesPath: 'D:\\harmonyos_code\\ljh25307105\\local.properties',
  isPreview: false,
  isOhosTest: false,
  isLocalTest: false,
  buildMode: 'Debug',
  hotReloadBuild: undefined,
  watchMode: 'false',
  aceProfilePath: 'D:\\harmonyos_code\\ljh25307105\\entry\\build\\default\\intermediates\\res\\default\\resources\\base\\profile',
  etsLoaderPath: 'D:\\DevEco Studio\\sdk\\default\\openharmony\\ets\\build-tools\\ets-loader',
  modulePath: 'D:\\harmonyos_code\\ljh25307105\\entry',
  testFrameworkPar: {
    testMode: undefined,
    coveragePathFilter: undefined,
    coverageMode: undefined
  },
  needCoverageInsert: false,
  debugLine: false,
  projectTopDir: 'D:\\harmonyos_code\\ljh25307105',
  compileSdkVersion: 23,
  compatibleSdkVersion: 17,
  originCompatibleSdkVersion: '5.0.5(17)',
  compatibleSdkVersionStage: undefined,
  bundleName: 'c***t',
  etsLoaderVersion: '6.1.0.105',
  etsLoaderReleaseType: 'Release',
  aotCompileMode: 'type',
  apPath: 'D:\\harmonyos_code\\ljh25307105\\entry\\modules.ap',
  entryModuleName: 'entry',
  entryModuleVersion: '1.0.0',
  entryPackageName: 'entry',
  allModuleNameHash: '0019564ec147b3f85683354dda26a089a339380e39ebac837016312bfe63a515',
  externalApiPaths: [ 'D:\\DevEco Studio\\sdk\\default\\hms\\ets' ],
  compilerTypes: [],
  isCrossplatform: false,
  hvigorPluginFile: undefined,
  compilePluginPath: undefined,
  buildGeneratedProfilePath: 'D:\\harmonyos_code\\ljh25307105\\entry\\build\\default\\generated\\profile\\default',
  bundleType: 'app',
  arkTSVersion: undefined,
  apiVersion: 23,
  needCompleteSourcesMap: false,
  isFaMode: false,
  buildDir: 'D:\\harmonyos_code\\ljh25307105\\entry\\build',
  deviceTypes: [ 'phone' ],
  pkgContextInfo: undefined,
  ohPackagePathMap: {},
  dependencyAliasMap: {},
  permission: { requestPermissions: undefined, definePermissions: undefined },
  useGetCurrentBundleName: false,
  projectArkOption: undefined,
  sourceMapDir: undefined,
  branchElimination: false,
  transformLib: undefined,
  tsImportSendable: false,
  resolveConflictMode: true,
  depName2RootPath: {},
  depName2DepInfo: {},
  depName2OhExports: {},
  rootPathSet: [ 'D:\\harmonyos_code\\ljh25307105' ],
  useNativeResolver: true,
  shouldEmitJs: true,
  useTscResolve: false,
  singleFileEmit: false,
  userProjectConfig: {
    autoLazyImport: false,
    allowEmptyBundleName: false,
    reExportCheckMode: 'noCheck',
    executionMode: 'memory',
    usePathPlaceholder: false,
    writeRollupCache: true,
    isExpandImportEnabled: false,
    expandImportExclude: '',
    lazyImportExclude: '',
    lazyImportInclude: '',
    ignoreCrossplatformCheck: false,
    isHarDeduplicateEnabled: false,
    skipOhModulesLint: false,
    enableStrictCheckOHModule: false,
    disableSendableCheckRules: [],
    useDeclarationFileSignature: false,
    customizedOptions: undefined,
    integratedHsp: false,
    isPreloadSoEnabled: false
  },
  executionMode: 'memory',
  arkCompileCachePath: 'D:\\harmonyos_code\\ljh25307105\\entry\\build\\default\\cache\\default\\default@CompileArkTS\\esmodule',
  autoLazyFilter: undefined,
  isHarDeduplicateEnabled: false,
  intermediateHarDuplicateDirPath: 'D:\\harmonyos_code\\ljh25307105\\entry\\build\\default\\intermediates\\har_duplicate\\default',
  autoLazyImport: false,
  allowEmptyBundleName: false,
  reExportCheckMode: 'noCheck',
  usePathPlaceholder: false,
  writeRollupCache: true,
  isExpandImportEnabled: false,
  expandImportExclude: '',
  lazyImportExclude: '',
  lazyImportInclude: '',
  ignoreCrossplatformCheck: false,
  skipOhModulesLint: false,
  enableStrictCheckOHModule: false,
  disableSendableCheckRules: [],
  useDeclarationFileSignature: false,
  customizedOptions: undefined,
  integratedHsp: false,
  isPreloadSoEnabled: false,
  strictMode: undefined,
  useNormalizedOHMUrl: false,
  caseSensitiveCheck: false,
  aceModuleJsonPath: 'D:\\harmonyos_code\\ljh25307105\\entry\\build\\default\\intermediates\\res\\default\\ark_module.json',
  appResource: 'D:\\harmonyos_code\\ljh25307105\\entry\\build\\default\\intermediates\\res\\default\\ResourceTable.txt',
  rawFileResource: 'D:\\harmonyos_code\\ljh25307105\\entry\\build\\default\\intermediates\\res\\default\\resources\\rawfile',
  resourceTableHash: 'd481ae20e410bc66026a4d886b5af27f05f5b1a0de0da20153d7f02963b0d2d2',
  runtimeOS: 'HarmonyOS',
  sdkInfo: 'false:23:6.1.0.105:Release',
  aceModuleRoot: 'D:\\harmonyos_code\\ljh25307105\\entry\\src\\main\\ets',
  compileMode: 'esmodule',
  aceSuperVisualPath: 'D:\\harmonyos_code\\ljh25307105\\entry\\src\\main\\supervisual',
  aceBuildJson: 'D:\\harmonyos_code\\ljh25307105\\entry\\build\\default\\intermediates\\loader\\default\\loader.json',
  cachePath: 'D:\\harmonyos_code\\ljh25307105\\entry\\build\\default\\cache\\default\\default@CompileArkTS\\esmodule\\debug',
  aceModuleBuild: 'D:\\harmonyos_code\\ljh25307105\\entry\\build\\default\\intermediates\\loader_out\\default\\ets',
  supportChunks: true,
  declaredFilesPath: undefined,
  shouldCollectDirectImportees: false,
  isByteCodeHarOptimize: false,
  expandImportPath: undefined,
  resourceTableTs: 'D:\\harmonyos_code\\ljh25307105\\entry\\build\\default\\generated\\r\\default\\ResourceTable.ts',
  moduleMetaInfoFiles: [
    {
      filePath: 'D:\\harmonyos_code\\ljh25307105\\entry\\build\\default\\generated\\r\\default\\ResourceTable.ts',
      ohmurl: 'com.example.canvascomponent/entry/build/generated/r/ResourceTable'
    }
  ],
  pkgNameToPkgBriefInfo: {
    entry: {
      pkgRoot: 'D:\\harmonyos_code\\ljh25307105\\entry',
      originalSourceRoots: undefined,
      sourceRoots: [Array],
      pkgName: 'entry'
    }
  },
  projectModel: {
    'D:\\harmonyos_code\\ljh25307105\\entry\\src\\main': {
      moduleName: 'entry',
      modulePkgPath: 'D:\\harmonyos_code\\ljh25307105\\entry',
      belongProjectPath: 'D:\\harmonyos_code\\ljh25307105'
    },
    'D:\\harmonyos_code\\ljh25307105\\entry': {
      moduleName: 'entry',
      modulePkgPath: 'D:\\harmonyos_code\\ljh25307105\\entry',
      belongProjectPath: 'D:\\harmonyos_code\\ljh25307105'
    },
    'D:\\harmonyos_code\\ljh25307105': {
      moduleName: 'ljh25307105',
      modulePkgPath: 'D:\\harmonyos_code\\ljh25307105',
      belongProjectPath: 'D:\\harmonyos_code\\ljh25307105'
    }
  },
  pkgJsonFileHash: '2afff4febdc36911eef91f56078f85eadae932cafc4985f481ba3dd356730d69',
  allModulePaths: [ 'D:\\harmonyos_code\\ljh25307105\\entry' ],
  routerMap: {},
  obfuscationOptions: undefined,
  byteCodeHarToDependencyKeys: undefined,
  compileBlockPkg: [],
  mockParams: {
    decorator: '@MockSetup',
    packageName: '@ohos/hamock',
    etsSourceRootPath: 'src/main/ets',
    mockConfigPath: undefined,
    mockConfigKey2ModuleInfo: {},
    source2ModuleIdMap: {}
  },
  copyCodeResourceEnable: true,
  copyCodeResourceExcludes: [],
  copyCodeResourceIncludes: undefined,
  uiTransformOptimization: false,
  sdkPath: 'D:/DevEco Studio/sdk',
  needPreloadSoFileSet: {},
  preloadSoFilePath: 'D:\\harmonyos_code\\ljh25307105\\entry\\build\\default\\intermediates\\preload\\default\\preload.json',
  useSourceHash: false,
  localModuleParamMap: {},
  otherPaths: {
    'entry/*': [
      '..\\*',
      '..\\..\\..\\build\\default\\generated\\profile\\default\\*'
    ]
  },
  collectImportersConfig: undefined
}
[2026-04-20T22:33:34.541] [DEBUG] debug-file - Compile arkts with external api path: D:\DevEco Studio\sdk\default\hms\ets
[2026-04-20T22:33:34.542] [DEBUG] debug-file - default@CompileArkTS work[0] is submitted.
[2026-04-20T22:33:34.543] [DEBUG] debug-file - default@CompileArkTS work[0] is pushed to ready queue.
[2026-04-20T22:33:34.543] [DEBUG] debug-file - A work dispatched to worker[31] failed because unable to get work from ready queue.
[2026-04-20T22:33:34.543] [DEBUG] debug-file - A work dispatched to worker[30] failed because unable to get work from ready queue.
[2026-04-20T22:33:34.543] [DEBUG] debug-file - A work dispatched to worker[29] failed because unable to get work from ready queue.
[2026-04-20T22:33:34.543] [DEBUG] debug-file - A work dispatched to worker[28] failed because unable to get work from ready queue.
[2026-04-20T22:33:34.543] [DEBUG] debug-file - A work dispatched to worker[27] failed because unable to get work from ready queue.
[2026-04-20T22:33:34.543] [DEBUG] debug-file - A work dispatched to worker[26] failed because unable to get work from ready queue.
[2026-04-20T22:33:34.543] [DEBUG] debug-file - A work dispatched to worker[25] failed because unable to get work from ready queue.
[2026-04-20T22:33:34.543] [DEBUG] debug-file - A work dispatched to worker[24] failed because unable to get work from ready queue.
[2026-04-20T22:33:34.543] [DEBUG] debug-file - A work dispatched to worker[23] failed because unable to get work from ready queue.
[2026-04-20T22:33:34.543] [DEBUG] debug-file - A work dispatched to worker[22] failed because unable to get work from ready queue.
[2026-04-20T22:33:34.543] [DEBUG] debug-file - A work dispatched to worker[21] failed because unable to get work from ready queue.
[2026-04-20T22:33:34.543] [DEBUG] debug-file - A work dispatched to worker[20] failed because unable to get work from ready queue.
[2026-04-20T22:33:34.543] [DEBUG] debug-file - A work dispatched to worker[19] failed because unable to get work from ready queue.
[2026-04-20T22:33:34.543] [DEBUG] debug-file - A work dispatched to worker[18] failed because unable to get work from ready queue.
[2026-04-20T22:33:34.543] [DEBUG] debug-file - A work dispatched to worker[17] failed because unable to get work from ready queue.
[2026-04-20T22:33:34.543] [DEBUG] debug-file - A work dispatched to worker[16] failed because unable to get work from ready queue.
[2026-04-20T22:33:34.543] [DEBUG] debug-file - A work dispatched to worker[15] failed because unable to get work from ready queue.
[2026-04-20T22:33:34.543] [DEBUG] debug-file - A work dispatched to worker[14] failed because unable to get work from ready queue.
[2026-04-20T22:33:34.543] [DEBUG] debug-file - A work dispatched to worker[13] failed because unable to get work from ready queue.
[2026-04-20T22:33:34.543] [DEBUG] debug-file - A work dispatched to worker[12] failed because unable to get work from ready queue.
[2026-04-20T22:33:34.543] [DEBUG] debug-file - A work dispatched to worker[11] failed because unable to get work from ready queue.
[2026-04-20T22:33:34.543] [DEBUG] debug-file - A work dispatched to worker[10] failed because unable to get work from ready queue.
[2026-04-20T22:33:34.544] [DEBUG] debug-file - A work dispatched to worker[9] failed because unable to get work from ready queue.
[2026-04-20T22:33:34.544] [DEBUG] debug-file - A work dispatched to worker[8] failed because unable to get work from ready queue.
[2026-04-20T22:33:34.544] [DEBUG] debug-file - A work dispatched to worker[7] failed because unable to get work from ready queue.
[2026-04-20T22:33:34.544] [DEBUG] debug-file - A work dispatched to worker[6] failed because unable to get work from ready queue.
[2026-04-20T22:33:34.544] [DEBUG] debug-file - A work dispatched to worker[5] failed because unable to get work from ready queue.
[2026-04-20T22:33:34.544] [DEBUG] debug-file - Create  resident worker with id: 4.
[2026-04-20T22:33:34.544] [DEBUG] debug-file - default@CompileArkTS work[0] has been dispatched to worker[4].
[2026-04-20T22:33:34.545] [DEBUG] debug-file - default@CompileArkTS work[0] is dispatched.
[2026-04-20T22:33:34.545] [DEBUG] debug-file - CopyResources startTime: 30075660710700
[2026-04-20T22:33:34.545] [DEBUG] debug-file - default@CompileArkTS work[1] is submitted.
[2026-04-20T22:33:34.545] [DEBUG] debug-file - default@CompileArkTS work[1] is pushed to ready queue.
[2026-04-20T22:33:34.545] [DEBUG] debug-file - A work dispatched to worker[31] failed because unable to get work from ready queue.
[2026-04-20T22:33:34.545] [DEBUG] debug-file - Create  resident worker with id: 30.
[2026-04-20T22:33:34.545] [DEBUG] debug-file - default@CompileArkTS work[1] has been dispatched to worker[30].
[2026-04-20T22:33:34.546] [DEBUG] debug-file - default@CompileArkTS work[1] is dispatched.
[2026-04-20T22:33:34.546] [DEBUG] debug-file - entry : default@CompileArkTS cost memory 2.095245361328125
[2026-04-20T22:33:34.547] [DEBUG] debug-file - Executing task :entry:default@BuildJS
[2026-04-20T22:33:34.547] [DEBUG] debug-file - Task 'entry:default@BuildJS' cost while wrapping incremental declarations: 1 ms 
[2026-04-20T22:33:34.549] [DEBUG] debug-file - entry : default@BuildJS cost memory 0.1507568359375
[2026-04-20T22:33:34.549] [DEBUG] debug-file - runTaskFromQueue task cost before running: 2 s 320 ms 
[2026-04-20T22:33:34.550] [INFO] debug-file - Finished :entry:default@BuildJS... after 3 ms 
[2026-04-20T22:33:34.550] [DEBUG] debug-file - Executing task :entry:default@CacheNativeLibs
[2026-04-20T22:33:34.551] [DEBUG] debug-file - File: 'D:\harmonyos_code\ljh25307105\entry\build\default\intermediates\binxo\default' from 'cacheBinxoNativeLibs' is not exists, just ignore.
[2026-04-20T22:33:34.551] [DEBUG] debug-file - Task 'entry:default@CacheNativeLibs' cost while wrapping incremental declarations: 1 ms 
[2026-04-20T22:33:34.551] [DEBUG] debug-file - default@CacheNativeLibs work[2] is submitted.
[2026-04-20T22:33:34.551] [DEBUG] debug-file - default@CacheNativeLibs work[2] is pushed to ready queue.
[2026-04-20T22:33:34.551] [DEBUG] debug-file - A work dispatched to worker[31] failed because unable to get work from ready queue.
[2026-04-20T22:33:34.551] [DEBUG] debug-file - A work dispatched to worker[30] failed because of worker busy.
[2026-04-20T22:33:34.552] [DEBUG] debug-file - Create  resident worker with id: 29.
[2026-04-20T22:33:34.552] [DEBUG] debug-file - default@CacheNativeLibs work[2] has been dispatched to worker[29].
[2026-04-20T22:33:34.552] [DEBUG] debug-file - default@CacheNativeLibs work[2] is dispatched.
[2026-04-20T22:33:34.552] [DEBUG] debug-file - entry : default@CacheNativeLibs cost memory 0.15023040771484375
[2026-04-20T22:33:35.365] [DEBUG] debug-file - worker[30] has one work done.
[2026-04-20T22:33:35.365] [DEBUG] debug-file - CopyResources is end, endTime: 30076481195300
[2026-04-20T22:33:35.365] [DEBUG] debug-file - default@CompileArkTS work[1] done.
[2026-04-20T22:33:35.365] [DEBUG] debug-file - A work dispatched to worker[30] failed because unable to get work from ready queue.
[2026-04-20T22:33:35.430] [DEBUG] debug-file - worker[29] has one work done.
[2026-04-20T22:33:35.430] [DEBUG] debug-file - default@CacheNativeLibs work[2] done.
[2026-04-20T22:33:35.430] [DEBUG] debug-file - A work dispatched to worker[29] failed because unable to get work from ready queue.
[2026-04-20T22:33:35.430] [INFO] debug-file - Finished :entry:default@CacheNativeLibs... after 8 ms 
[2026-04-20T22:33:39.671] [DEBUG] debug-file - worker[4] has one work done.
[2026-04-20T22:33:39.671] [DEBUG] debug-file - Ark compile task finished.finished time is 30080786593500
[2026-04-20T22:33:39.672] [DEBUG] debug-file - default@CompileArkTS work[0] done.
[2026-04-20T22:33:39.672] [DEBUG] debug-file - A work dispatched to worker[4] failed because unable to get work from ready queue.
[2026-04-20T22:33:39.673] [INFO] debug-file - Finished :entry:default@CompileArkTS... after 3 s 414 ms 
[2026-04-20T22:33:39.674] [DEBUG] debug-file - Executing task :entry:default@GeneratePkgModuleJson
[2026-04-20T22:33:39.674] [DEBUG] debug-file - File: 'D:\harmonyos_code\ljh25307105\entry\build\default\intermediates\preload\default\preload.json' from 'preloadSoJsonPath' is not exists, just ignore.
[2026-04-20T22:33:39.674] [DEBUG] debug-file - Error occurs while handling @Input 'shouldDeduplicateHar': The "data" argument must be of type string or an instance of Buffer, TypedArray, or DataView. Received undefined
[2026-04-20T22:33:39.675] [DEBUG] debug-file - Task 'entry:default@GeneratePkgModuleJson' cost while wrapping incremental declarations: 1 ms 
[2026-04-20T22:33:39.676] [DEBUG] debug-file - entry : default@GeneratePkgModuleJson cost memory 0.1502227783203125
[2026-04-20T22:33:39.676] [DEBUG] debug-file - runTaskFromQueue task cost before running: 7 s 446 ms 
[2026-04-20T22:33:39.676] [INFO] debug-file - Finished :entry:default@GeneratePkgModuleJson... after 3 ms 
[2026-04-20T22:33:39.677] [DEBUG] debug-file - Executing task :entry:default@ProcessCompiledResources
[2026-04-20T22:33:39.677] [DEBUG] debug-file - File: 'D:\harmonyos_code\ljh25307105\entry\build\default\intermediates\preload\default\preload.json' from 'preloadSoJsonPath' is not exists, just ignore.
[2026-04-20T22:33:39.677] [DEBUG] debug-file - Task 'entry:default@ProcessCompiledResources' cost while wrapping incremental declarations: 1 ms 
[2026-04-20T22:33:39.677] [DEBUG] debug-file - entry : default@ProcessCompiledResources cost memory 0.05755615234375
[2026-04-20T22:33:39.677] [DEBUG] debug-file - runTaskFromQueue task cost before running: 7 s 448 ms 
[2026-04-20T22:33:39.677] [INFO] debug-file - Finished :entry:default@ProcessCompiledResources... after 1 ms 
[2026-04-20T22:33:39.679] [DEBUG] debug-file - Executing task :entry:default@PackageHap
[2026-04-20T22:33:39.682] [DEBUG] debug-file - Use tool [D:\DevEco Studio\sdk\default\openharmony\toolchains\lib\app_packing_tool.jar]
 [
  'java',
  '-Dfile.encoding=GBK',
  '-jar',
  'D:\\DevEco Studio\\sdk\\default\\openharmony\\toolchains\\lib\\app_packing_tool.jar',
  '--mode',
  'hap',
  '--force',
  'true',
  '--lib-path',
  'D:\\harmonyos_code\\ljh25307105\\entry\\build\\default\\intermediates\\stripped_native_libs\\default',
  '--json-path',
  'D:\\harmonyos_code\\ljh25307105\\entry\\build\\default\\intermediates\\package\\default\\module.json',
  '--resources-path',
  'D:\\harmonyos_code\\ljh25307105\\entry\\build\\default\\intermediates\\res\\default\\resources',
  '--index-path',
  'D:\\harmonyos_code\\ljh25307105\\entry\\build\\default\\intermediates\\res\\default\\resources.index',
  '--pack-info-path',
  'D:\\harmonyos_code\\ljh25307105\\entry\\build\\default\\outputs\\default\\pack.info',
  '--out-path',
  'D:\\harmonyos_code\\ljh25307105\\entry\\build\\default\\outputs\\default\\entry-default-unsigned.hap',
  '--ets-path',
  'D:\\harmonyos_code\\ljh25307105\\entry\\build\\default\\intermediates\\loader_out\\default\\ets',
  '--pkg-sdk-info-path',
  'D:\\harmonyos_code\\ljh25307105\\entry\\build\\default\\intermediates\\loader\\default\\pkgSdkInfo.json'
]
[2026-04-20T22:33:39.682] [DEBUG] debug-file - default@PackageHap work[3] is submitted.
[2026-04-20T22:33:39.682] [DEBUG] debug-file - default@PackageHap work[3] is pushed to ready queue.
[2026-04-20T22:33:39.682] [DEBUG] debug-file - A work dispatched to worker[31] failed because unable to get work from ready queue.
[2026-04-20T22:33:39.683] [DEBUG] debug-file - default@PackageHap work[3] has been dispatched to worker[30].
[2026-04-20T22:33:39.683] [DEBUG] debug-file - default@PackageHap work[3] is dispatched.
[2026-04-20T22:33:39.685] [DEBUG] debug-file - entry : default@PackageHap cost memory 0.34134674072265625
[2026-04-20T22:33:39.828] [DEBUG] debug-file - current process  memoryUsage: {
  rss: 745074688,
  heapTotal: 81035264,
  heapUsed: 52026520,
  external: 2365469,
  arrayBuffers: 123792
} os memoryUsage :13.375972747802734
[2026-04-20T22:33:40.162] [DEBUG] debug-file - worker[30] has one work done.
[2026-04-20T22:33:40.163] [DEBUG] debug-file - default@PackageHap work[3] done.
[2026-04-20T22:33:40.163] [DEBUG] debug-file - A work dispatched to worker[30] failed because unable to get work from ready queue.
[2026-04-20T22:33:40.163] [INFO] debug-file - Finished :entry:default@PackageHap... after 342 ms 
[2026-04-20T22:33:40.164] [DEBUG] debug-file - Executing task :entry:default@PackingCheck
[2026-04-20T22:33:40.170] [DEBUG] debug-file - entry : default@PackingCheck cost memory 0.8724365234375
[2026-04-20T22:33:40.170] [DEBUG] debug-file - runTaskFromQueue task cost before running: 7 s 941 ms 
[2026-04-20T22:33:40.170] [INFO] debug-file - Finished :entry:default@PackingCheck... after 6 ms 
[2026-04-20T22:33:40.171] [DEBUG] debug-file - Executing task :entry:default@SignHap
[2026-04-20T22:33:40.171] [WARN] debug-file - Will skip sign 'hos_hap'. No signingConfigs profile is configured in current project.
             If needed, configure the signingConfigs in D:\harmonyos_code\ljh25307105\build-profile.json5.
[2026-04-20T22:33:40.172] [DEBUG] debug-file - entry : default@SignHap cost memory 0.054962158203125
[2026-04-20T22:33:40.172] [DEBUG] debug-file - runTaskFromQueue task cost before running: 7 s 943 ms 
[2026-04-20T22:33:40.173] [INFO] debug-file - Finished :entry:default@SignHap... after 2 ms 
[2026-04-20T22:33:40.173] [DEBUG] debug-file - Executing task :entry:default@CollectDebugSymbol
[2026-04-20T22:33:40.174] [DEBUG] debug-file - entry : default@CollectDebugSymbol cost memory 0.084808349609375
[2026-04-20T22:33:40.174] [DEBUG] debug-file - runTaskFromQueue task cost before running: 7 s 945 ms 
[2026-04-20T22:33:40.174] [INFO] debug-file - Finished :entry:default@CollectDebugSymbol... after 1 ms 
[2026-04-20T22:33:40.175] [DEBUG] debug-file - Executing task :entry:assembleHap
[2026-04-20T22:33:40.175] [DEBUG] debug-file - entry : assembleHap cost memory 0.0128326416015625
[2026-04-20T22:33:40.175] [DEBUG] debug-file - runTaskFromQueue task cost before running: 7 s 945 ms 
[2026-04-20T22:33:40.175] [INFO] debug-file - Finished :entry:assembleHap... after 1 ms 
[2026-04-20T22:33:40.185] [INFO] debug-file - BUILD SUCCESSFUL in 7 s 956 ms 
[2026-04-20T22:33:40.186] [DEBUG] debug-file - Update task entry:default@PreBuild input file:D:\harmonyos_code\ljh25307105\AppScope\app.json5 cache by regenerate.
[2026-04-20T22:33:40.187] [DEBUG] debug-file - Update task entry:default@PreBuild input file:D:\harmonyos_code\ljh25307105\entry\src\main\module.json5 cache by regenerate.
[2026-04-20T22:33:40.187] [DEBUG] debug-file - Update task entry:default@PreBuild input file:D:\harmonyos_code\ljh25307105\build-profile.json5 cache by regenerate.
[2026-04-20T22:33:40.187] [DEBUG] debug-file - Update task entry:default@PreBuild input file:D:\harmonyos_code\ljh25307105\entry\build-profile.json5 cache by regenerate.
[2026-04-20T22:33:40.188] [DEBUG] debug-file - Update task entry:default@PreBuild input file:D:\harmonyos_code\ljh25307105\entry\src\main\resources\base\profile\main_pages.json cache by regenerate.
[2026-04-20T22:33:40.188] [DEBUG] debug-file - Update task entry:default@PreBuild input file:D:\harmonyos_code\ljh25307105\hvigor\hvigor-config.json5 cache by regenerate.
[2026-04-20T22:33:40.188] [DEBUG] debug-file - Update task entry:default@PreBuild input file:D:\harmonyos_code\ljh25307105\entry\oh-package.json5 cache by regenerate.
[2026-04-20T22:33:40.188] [DEBUG] debug-file - Update task entry:default@PreBuild input file:D:\harmonyos_code\ljh25307105\oh-package.json5 cache by regenerate.
[2026-04-20T22:33:40.188] [DEBUG] debug-file - Incremental task entry:default@PreBuild post-execution cost:3 ms .
[2026-04-20T22:33:40.188] [DEBUG] debug-file - Update task entry:default@CreateModuleInfo output file:D:\harmonyos_code\ljh25307105\entry\build\default\generated\profile\default\ModuleInfo.ts cache.
[2026-04-20T22:33:40.188] [DEBUG] debug-file - Incremental task entry:default@CreateModuleInfo post-execution cost:1 ms .
[2026-04-20T22:33:40.189] [DEBUG] debug-file - Update task entry:default@GenerateMetadata input file:D:\harmonyos_code\ljh25307105\entry\src\main\module.json5 cache by regenerate.
[2026-04-20T22:33:40.189] [DEBUG] debug-file - Update task entry:default@GenerateMetadata output file:D:\harmonyos_code\ljh25307105\entry\build\default\intermediates\hap_metadata\default\output_metadata.json cache.
[2026-04-20T22:33:40.189] [DEBUG] debug-file - Incremental task entry:default@GenerateMetadata post-execution cost:1 ms .
[2026-04-20T22:33:40.189] [DEBUG] debug-file - Update task entry:default@MergeProfile input file:D:\harmonyos_code\ljh25307105\AppScope\app.json5 cache by regenerate.
[2026-04-20T22:33:40.189] [DEBUG] debug-file - Update task entry:default@MergeProfile input file:D:\harmonyos_code\ljh25307105\build-profile.json5 cache by regenerate.
[2026-04-20T22:33:40.189] [DEBUG] debug-file - Update task entry:default@MergeProfile input file:D:\harmonyos_code\ljh25307105\entry\src\main\module.json5 cache by regenerate.
[2026-04-20T22:33:40.190] [DEBUG] debug-file - Update task entry:default@MergeProfile output file:D:\harmonyos_code\ljh25307105\entry\build\default\intermediates\merge_profile\default\module.json cache.
[2026-04-20T22:33:40.190] [DEBUG] debug-file - Incremental task entry:default@MergeProfile post-execution cost:1 ms .
[2026-04-20T22:33:40.190] [DEBUG] debug-file - Update task entry:default@CreateBuildProfile input file:D:\harmonyos_code\ljh25307105\AppScope\app.json5 cache by regenerate.
[2026-04-20T22:33:40.190] [DEBUG] debug-file - Update task entry:default@CreateBuildProfile input file:D:\harmonyos_code\ljh25307105\build-profile.json5 cache by regenerate.
[2026-04-20T22:33:40.190] [DEBUG] debug-file - Update task entry:default@CreateBuildProfile output file:D:\harmonyos_code\ljh25307105\entry\build\default\generated\profile\default\BuildProfile.ets cache.
[2026-04-20T22:33:40.190] [DEBUG] debug-file - Incremental task entry:default@CreateBuildProfile post-execution cost:1 ms .
[2026-04-20T22:33:40.190] [DEBUG] debug-file - Update task entry:default@GeneratePkgContextInfo output file:D:\harmonyos_code\ljh25307105\entry\build\default\intermediates\loader\default\pkgContextInfo.json cache.
[2026-04-20T22:33:40.190] [DEBUG] debug-file - Incremental task entry:default@GeneratePkgContextInfo post-execution cost:1 ms .
[2026-04-20T22:33:40.190] [DEBUG] debug-file - Update task entry:default@GeneratePkgSdkInfo output file:D:\harmonyos_code\ljh25307105\entry\build\default\intermediates\loader\default\pkgSdkInfo.json cache.
[2026-04-20T22:33:40.191] [DEBUG] debug-file - Incremental task entry:default@GeneratePkgSdkInfo post-execution cost:1 ms .
[2026-04-20T22:33:40.191] [DEBUG] debug-file - Update task entry:default@ProcessIntegratedHsp output file:D:\harmonyos_code\ljh25307105\build\cache\default\integrated_hsp\integratedHspCache.json cache.
[2026-04-20T22:33:40.191] [DEBUG] debug-file - Incremental task entry:default@ProcessIntegratedHsp post-execution cost:1 ms .
[2026-04-20T22:33:40.191] [DEBUG] debug-file - Update task entry:default@MakePackInfo input file:D:\harmonyos_code\ljh25307105\AppScope\app.json5 cache by regenerate.
[2026-04-20T22:33:40.191] [DEBUG] debug-file - Update task entry:default@MakePackInfo input file:D:\harmonyos_code\ljh25307105\entry\src\main\module.json5 cache by regenerate.
[2026-04-20T22:33:40.191] [DEBUG] debug-file - Update task entry:default@MakePackInfo input file:D:\harmonyos_code\ljh25307105\build-profile.json5 cache by regenerate.
[2026-04-20T22:33:40.191] [DEBUG] debug-file - Update task entry:default@MakePackInfo output file:D:\harmonyos_code\ljh25307105\entry\build\default\outputs\default\pack.info cache.
[2026-04-20T22:33:40.192] [DEBUG] debug-file - Incremental task entry:default@MakePackInfo post-execution cost:1 ms .
[2026-04-20T22:33:40.192] [DEBUG] debug-file - Update task entry:default@SyscapTransform input file:D:\DevEco Studio\sdk\default\openharmony\toolchains\syscap_tool.exe cache by regenerate.
[2026-04-20T22:33:40.192] [DEBUG] debug-file - Update task entry:default@SyscapTransform input file:D:\DevEco Studio\sdk\default\openharmony\ets\api\device-define cache by regenerate.
[2026-04-20T22:33:40.193] [DEBUG] debug-file - Update task entry:default@SyscapTransform output file:D:\harmonyos_code\ljh25307105\entry\build\default\intermediates\syscap\default\rpcid.sc cache.
[2026-04-20T22:33:40.193] [DEBUG] debug-file - Incremental task entry:default@SyscapTransform post-execution cost:2 ms .
[2026-04-20T22:33:40.193] [DEBUG] debug-file - Update task entry:default@ProcessProfile input file:D:\harmonyos_code\ljh25307105\entry\build\default\intermediates\merge_profile\default\module.json cache by regenerate.
[2026-04-20T22:33:40.193] [DEBUG] debug-file - Update task entry:default@ProcessProfile output file:D:\harmonyos_code\ljh25307105\entry\build\default\intermediates\process_profile\default\module.json cache.
[2026-04-20T22:33:40.193] [DEBUG] debug-file - Incremental task entry:default@ProcessProfile post-execution cost:1 ms .
[2026-04-20T22:33:40.194] [DEBUG] debug-file - Update task entry:default@ProcessRouterMap input file:D:\harmonyos_code\ljh25307105\entry\oh-package.json5 cache by regenerate.
[2026-04-20T22:33:40.194] [DEBUG] debug-file - Update task entry:default@ProcessRouterMap input file:D:\harmonyos_code\ljh25307105\oh-package.json5 cache by regenerate.
[2026-04-20T22:33:40.194] [DEBUG] debug-file - Update task entry:default@ProcessRouterMap input file:D:\harmonyos_code\ljh25307105\entry\src\main\module.json5 cache by regenerate.
[2026-04-20T22:33:40.194] [DEBUG] debug-file - Update task entry:default@ProcessRouterMap output file:D:\harmonyos_code\ljh25307105\entry\build\default\intermediates\router_map\default\temp-router-map.json cache.
[2026-04-20T22:33:40.194] [DEBUG] debug-file - Update task entry:default@ProcessRouterMap output file:D:\harmonyos_code\ljh25307105\entry\build\default\intermediates\router_map\default\loader-router-map.json cache.
[2026-04-20T22:33:40.194] [DEBUG] debug-file - Incremental task entry:default@ProcessRouterMap post-execution cost:1 ms .
[2026-04-20T22:33:40.194] [DEBUG] debug-file - Update task entry:default@ProcessShareConfig input file:D:\harmonyos_code\ljh25307105\entry\oh-package.json5 cache by regenerate.
[2026-04-20T22:33:40.195] [DEBUG] debug-file - Update task entry:default@ProcessShareConfig input file:D:\harmonyos_code\ljh25307105\oh-package.json5 cache by regenerate.
[2026-04-20T22:33:40.195] [DEBUG] debug-file - Update task entry:default@ProcessShareConfig input file:D:\harmonyos_code\ljh25307105\entry\src\main\module.json5 cache by regenerate.
[2026-04-20T22:33:40.195] [DEBUG] debug-file - Update task entry:default@ProcessShareConfig output file:D:\harmonyos_code\ljh25307105\entry\build\default\intermediates\share_config\default\temp-share-config.json cache.
[2026-04-20T22:33:40.195] [DEBUG] debug-file - Incremental task entry:default@ProcessShareConfig post-execution cost:1 ms .
[2026-04-20T22:33:40.195] [DEBUG] debug-file - Update task entry:default@ProcessStartupConfig output file:D:\harmonyos_code\ljh25307105\entry\build\default\intermediates\startup\default\startup_config.json cache.
[2026-04-20T22:33:40.195] [DEBUG] debug-file - Incremental task entry:default@ProcessStartupConfig post-execution cost:1 ms .
[2026-04-20T22:33:40.195] [DEBUG] debug-file - Update task entry:default@ProcessResource output file:D:\harmonyos_code\ljh25307105\entry\build\default\intermediates\res\default\resConfig.json cache.
[2026-04-20T22:33:40.195] [DEBUG] debug-file - Update task entry:default@ProcessResource output file:D:\harmonyos_code\ljh25307105\entry\build\default\intermediates\res\default\opt-compression.json cache.
[2026-04-20T22:33:40.196] [DEBUG] debug-file - Incremental task entry:default@ProcessResource post-execution cost:1 ms .
[2026-04-20T22:33:40.196] [DEBUG] debug-file - Update task entry:default@GenerateLoaderJson input file:D:\harmonyos_code\ljh25307105\entry\build\default\intermediates\router_map\default\temp-router-map.json cache by regenerate.
[2026-04-20T22:33:40.196] [DEBUG] debug-file - Update task entry:default@GenerateLoaderJson output file:D:\harmonyos_code\ljh25307105\entry\build\default\intermediates\loader\default\loader.json cache.
[2026-04-20T22:33:40.196] [DEBUG] debug-file - Incremental task entry:default@GenerateLoaderJson post-execution cost:1 ms .
[2026-04-20T22:33:40.197] [DEBUG] debug-file - Update task entry:default@ProcessLibs input file:D:\harmonyos_code\ljh25307105\build-profile.json5 cache by regenerate.
[2026-04-20T22:33:40.197] [DEBUG] debug-file - Update task entry:default@ProcessLibs input file:D:\harmonyos_code\ljh25307105\entry\build-profile.json5 cache by regenerate.
[2026-04-20T22:33:40.197] [DEBUG] debug-file - Update task entry:default@ProcessLibs output file:D:\harmonyos_code\ljh25307105\entry\build\default\intermediates\libs\default cache.
[2026-04-20T22:33:40.197] [DEBUG] debug-file - Incremental task entry:default@ProcessLibs post-execution cost:1 ms .
[2026-04-20T22:33:40.198] [DEBUG] debug-file - Update task entry:default@CompileResource input file:D:\harmonyos_code\ljh25307105\entry\src\main\resources cache by regenerate.
[2026-04-20T22:33:40.201] [DEBUG] debug-file - Update task entry:default@CompileResource input file:D:\harmonyos_code\ljh25307105\AppScope\resources cache by regenerate.
[2026-04-20T22:33:40.201] [DEBUG] debug-file - Update task entry:default@CompileResource input file:D:\harmonyos_code\ljh25307105\entry\build\default\intermediates\process_profile\default\module.json cache by regenerate.
[2026-04-20T22:33:40.202] [DEBUG] debug-file - Update task entry:default@CompileResource input file:D:\harmonyos_code\ljh25307105\entry\build\default\intermediates\res\default\resConfig.json cache by regenerate.
[2026-04-20T22:33:40.202] [DEBUG] debug-file - Update task entry:default@CompileResource output file:D:\harmonyos_code\ljh25307105\entry\build\default\intermediates\res\default cache.
[2026-04-20T22:33:40.205] [DEBUG] debug-file - Update task entry:default@CompileResource output file:D:\harmonyos_code\ljh25307105\entry\build\default\generated\r\default\ResourceTable.h cache.
[2026-04-20T22:33:40.206] [DEBUG] debug-file - Update task entry:default@CompileResource output file:D:\harmonyos_code\ljh25307105\entry\build\default\generated\r\default\ResourceTable.ts cache.
[2026-04-20T22:33:40.206] [DEBUG] debug-file - Update task entry:default@CompileResource output file:D:\harmonyos_code\ljh25307105\entry\build\default\generated\r\default cache.
[2026-04-20T22:33:40.206] [DEBUG] debug-file - Incremental task entry:default@CompileResource post-execution cost:9 ms .
[2026-04-20T22:33:40.206] [DEBUG] debug-file - Update task entry:default@DoNativeStrip input file:D:\harmonyos_code\ljh25307105\entry\build\default\intermediates\libs\default cache by regenerate.
[2026-04-20T22:33:40.206] [DEBUG] debug-file - Update task entry:default@DoNativeStrip output file:D:\harmonyos_code\ljh25307105\entry\build\default\intermediates\stripped_native_libs\default cache.
[2026-04-20T22:33:40.207] [DEBUG] debug-file - Incremental task entry:default@DoNativeStrip post-execution cost:1 ms .
[2026-04-20T22:33:40.207] [DEBUG] debug-file - Update task entry:default@CompileArkTS input file:D:\harmonyos_code\ljh25307105\entry\build\default\intermediates\loader\default cache by regenerate.
[2026-04-20T22:33:40.208] [DEBUG] debug-file - Update task entry:default@CompileArkTS input file:D:\harmonyos_code\ljh25307105\entry\build\default\intermediates\res\default\ResourceTable.txt cache by regenerate.
[2026-04-20T22:33:40.208] [DEBUG] debug-file - Update task entry:default@CompileArkTS input file:D:\harmonyos_code\ljh25307105\entry\build\default\intermediates\res\default\ark_module.json cache by regenerate.
[2026-04-20T22:33:40.208] [DEBUG] debug-file - Update task entry:default@CompileArkTS input file:D:\harmonyos_code\ljh25307105\entry\build\default\intermediates\res\default\resources\base\profile cache by regenerate.
[2026-04-20T22:33:40.208] [DEBUG] debug-file - Update task entry:default@CompileArkTS input file:D:\harmonyos_code\ljh25307105\entry\src\main\ets cache by regenerate.
[2026-04-20T22:33:40.210] [DEBUG] debug-file - Update task entry:default@CompileArkTS input file:D:\harmonyos_code\ljh25307105\entry\build\default\generated\profile\default\BuildProfile.ets cache by regenerate.
[2026-04-20T22:33:40.210] [DEBUG] debug-file - Update task entry:default@CompileArkTS output file:D:\harmonyos_code\ljh25307105\entry\build\default\intermediates\loader_out\default\ets cache.
[2026-04-20T22:33:40.211] [DEBUG] debug-file - Incremental task entry:default@CompileArkTS post-execution cost:5 ms .
[2026-04-20T22:33:40.211] [DEBUG] debug-file - Update task entry:default@BuildJS input file:D:\harmonyos_code\ljh25307105\entry\build\default\intermediates\loader\default cache by regenerate.
[2026-04-20T22:33:40.212] [DEBUG] debug-file - Update task entry:default@BuildJS input file:D:\harmonyos_code\ljh25307105\entry\build\default\intermediates\res\default\ResourceTable.txt cache by regenerate.
[2026-04-20T22:33:40.212] [DEBUG] debug-file - Update task entry:default@BuildJS input file:D:\harmonyos_code\ljh25307105\entry\build\default\intermediates\res\default\ark_module.json cache by regenerate.
[2026-04-20T22:33:40.212] [DEBUG] debug-file - Update task entry:default@BuildJS input file:D:\harmonyos_code\ljh25307105\entry\build\default\intermediates\res\default\resources\base\profile cache by regenerate.
[2026-04-20T22:33:40.212] [DEBUG] debug-file - Update task entry:default@BuildJS output file:D:\harmonyos_code\ljh25307105\entry\build\default\intermediates\loader_out\default\js cache.
[2026-04-20T22:33:40.212] [DEBUG] debug-file - Incremental task entry:default@BuildJS post-execution cost:2 ms .
[2026-04-20T22:33:40.212] [DEBUG] debug-file - Update task entry:default@CacheNativeLibs input file:D:\harmonyos_code\ljh25307105\entry\build\default\intermediates\stripped_native_libs\default cache by regenerate.
[2026-04-20T22:33:40.213] [DEBUG] debug-file - Update task entry:default@CacheNativeLibs input file:D:\harmonyos_code\ljh25307105\entry\build\default\intermediates\libs\default cache by regenerate.
[2026-04-20T22:33:40.213] [DEBUG] debug-file - Update task entry:default@CacheNativeLibs output file:D:\harmonyos_code\ljh25307105\entry\build\default\intermediates\patch\default\base_native_libs.json cache.
[2026-04-20T22:33:40.213] [DEBUG] debug-file - Update task entry:default@CacheNativeLibs output file:D:\harmonyos_code\ljh25307105\entry\build\default\intermediates\patch\default\binxo_native_libs.json cache.
[2026-04-20T22:33:40.213] [DEBUG] debug-file - Incremental task entry:default@CacheNativeLibs post-execution cost:1 ms .
[2026-04-20T22:33:40.213] [DEBUG] debug-file - Update task entry:default@GeneratePkgModuleJson input file:D:\harmonyos_code\ljh25307105\entry\build\default\intermediates\res\default\module.json cache by regenerate.
[2026-04-20T22:33:40.213] [DEBUG] debug-file - Update task entry:default@GeneratePkgModuleJson output file:D:\harmonyos_code\ljh25307105\entry\build\default\intermediates\package\default\module.json cache.
[2026-04-20T22:33:40.213] [DEBUG] debug-file - Incremental task entry:default@GeneratePkgModuleJson post-execution cost:1 ms .
[2026-04-20T22:33:40.213] [DEBUG] debug-file - Incremental task entry:default@ProcessCompiledResources post-execution cost:1 ms .
[2026-04-20T22:33:40.214] [DEBUG] debug-file - Update task entry:default@PackageHap input file:D:\harmonyos_code\ljh25307105\entry\build\default\intermediates\stripped_native_libs\default cache by regenerate.
[2026-04-20T22:33:40.214] [DEBUG] debug-file - Update task entry:default@PackageHap input file:D:\harmonyos_code\ljh25307105\entry\build\default\intermediates\res\default\module.json cache by regenerate.
[2026-04-20T22:33:40.214] [DEBUG] debug-file - Update task entry:default@PackageHap input file:D:\harmonyos_code\ljh25307105\entry\build\default\intermediates\res\default\resources cache by regenerate.
[2026-04-20T22:33:40.217] [DEBUG] debug-file - Update task entry:default@PackageHap input file:D:\harmonyos_code\ljh25307105\entry\build\default\intermediates\res\default\resources.index cache by regenerate.
[2026-04-20T22:33:40.217] [DEBUG] debug-file - Update task entry:default@PackageHap input file:D:\harmonyos_code\ljh25307105\entry\build\default\outputs\default\pack.info cache by regenerate.
[2026-04-20T22:33:40.217] [DEBUG] debug-file - Update task entry:default@PackageHap input file:D:\harmonyos_code\ljh25307105\entry\build\default\intermediates\loader_out\default\ets cache by regenerate.
[2026-04-20T22:33:40.218] [DEBUG] debug-file - Update task entry:default@PackageHap input file:D:\harmonyos_code\ljh25307105\entry\build\default\intermediates\loader\default\pkgSdkInfo.json cache by regenerate.
[2026-04-20T22:33:40.218] [DEBUG] debug-file - Update task entry:default@PackageHap input file:D:\harmonyos_code\ljh25307105\entry\build\default\intermediates\loader_out\default\ets\sourceMaps.map cache by regenerate.
[2026-04-20T22:33:40.218] [DEBUG] debug-file - Update task entry:default@PackageHap input file:D:\harmonyos_code\ljh25307105\entry\build\default\generated\profile\default\BuildProfile.ets cache by regenerate.
[2026-04-20T22:33:40.218] [DEBUG] debug-file - Update task entry:default@PackageHap output file:D:\harmonyos_code\ljh25307105\entry\build\default\outputs\default\entry-default-unsigned.hap cache.
[2026-04-20T22:33:40.218] [DEBUG] debug-file - Update task entry:default@PackageHap output file:D:\harmonyos_code\ljh25307105\entry\build\default\intermediates\source_map\default\sourceMaps.map cache.
[2026-04-20T22:33:40.218] [DEBUG] debug-file - Update task entry:default@PackageHap output file:D:\harmonyos_code\ljh25307105\entry\build\default\outputs\default\mapping\sourceMaps.map cache.
[2026-04-20T22:33:40.218] [DEBUG] debug-file - Incremental task entry:default@PackageHap post-execution cost:5 ms .
[2026-04-20T22:33:40.218] [DEBUG] debug-file - Update task entry:default@SignHap input file:D:\harmonyos_code\ljh25307105\entry\build\default\outputs\default\entry-default-unsigned.hap cache by regenerate.
[2026-04-20T22:33:40.219] [DEBUG] debug-file - Update task entry:default@SignHap output file:D:\harmonyos_code\ljh25307105\entry\build\default\outputs\default\entry-default-signed.hap cache.
[2026-04-20T22:33:40.219] [DEBUG] debug-file - Incremental task entry:default@SignHap post-execution cost:1 ms .
[2026-04-20T22:33:40.219] [DEBUG] debug-file - Update task entry:default@CollectDebugSymbol input file:D:\harmonyos_code\ljh25307105\entry\build\default\intermediates\loader_out\default\ets\sourceMaps.map cache by regenerate.
[2026-04-20T22:33:40.219] [DEBUG] debug-file - Update task entry:default@CollectDebugSymbol input file:D:\harmonyos_code\ljh25307105\entry\build\default\intermediates\libs\default cache by regenerate.
[2026-04-20T22:33:40.220] [DEBUG] debug-file - Update task entry:default@CollectDebugSymbol output file:D:\harmonyos_code\ljh25307105\entry\build\default\outputs\default\symbol cache.
[2026-04-20T22:33:40.220] [DEBUG] debug-file - Incremental task entry:default@CollectDebugSymbol post-execution cost:1 ms .
[2026-04-20T22:33:40.241] [DEBUG] debug-file - Cleanup worker 0.
[2026-04-20T22:33:40.241] [DEBUG] debug-file - Worker 0 has been cleaned up.
[2026-04-20T22:33:40.241] [DEBUG] debug-file - Current idle worker size: 4.
[2026-04-20T22:33:40.241] [DEBUG] debug-file - Current resident worker size: 5.
[2026-04-20T22:33:40.241] [DEBUG] debug-file - Cleanup worker 1.
[2026-04-20T22:33:40.241] [DEBUG] debug-file - Worker 1 has been cleaned up.
[2026-04-20T22:33:40.241] [DEBUG] debug-file - Current idle worker size: 3.
[2026-04-20T22:33:40.241] [DEBUG] debug-file - Current resident worker size: 5.
[2026-04-20T22:33:40.241] [DEBUG] debug-file - Cleanup worker 29.
[2026-04-20T22:33:40.241] [DEBUG] debug-file - Worker 29 has been cleaned up.
[2026-04-20T22:33:40.241] [DEBUG] debug-file - Current idle worker size: 2.
[2026-04-20T22:33:40.241] [DEBUG] debug-file - Current resident worker size: 5.
[2026-04-20T22:33:40.242] [DEBUG] debug-file - Cleanup worker 30.
[2026-04-20T22:33:40.242] [DEBUG] debug-file - Worker 30 has been cleaned up.
[2026-04-20T22:33:40.242] [DEBUG] debug-file - Current idle worker size: 1.
[2026-04-20T22:33:40.242] [DEBUG] debug-file - Current resident worker size: 5.
[2026-04-20T22:33:40.243] [DEBUG] debug-file - hvigor build process will be closed.
[2026-04-20T22:33:40.246] [DEBUG] debug-file - session manager: send message to worker process.
[2026-04-20T22:33:40.246] [DEBUG] debug-file - session manager: send message to worker process.
[2026-04-20T22:33:40.245] [DEBUG] debug-file - watch worker: worker id should be larger than 0. Nothing will be sent to any worker thread.
[2026-04-20T22:33:40.246] [DEBUG] debug-file - watch worker: worker id should be larger than 0. Nothing will be sent to any worker thread.
[2026-04-20T22:33:40.249] [DEBUG] debug-file - worker[1] exits with exit code 1.
[2026-04-20T22:33:40.249] [DEBUG] debug-file - worker[0] exits with exit code 1.
[2026-04-20T22:33:40.252] [DEBUG] debug-file - worker[29] exits with exit code 1.
[2026-04-20T22:33:40.254] [DEBUG] debug-file - worker[30] exits with exit code 1.
[2026-04-20T22:34:45.792] [DEBUG] debug-file - session manager: set active socket. socketId=uYQVKVFRTxThc34OAAAD
[2026-04-20T22:34:45.798] [DEBUG] debug-file - watch worker: worker id should be larger than 0. Nothing will be sent to any worker thread.
[2026-04-20T22:34:45.800] [DEBUG] debug-file - Workers' log level updated to INFO
[2026-04-20T22:34:45.803] [DEBUG] debug-file - Hvigor init with startParameters:{
  hvigorfileTypeCheck: false,
  parallelExecution: true,
  incrementalExecution: true,
  printStackTrace: false,
  daemon: true,
  analyze: 0,
  logLevel: Level { level: 20000, levelStr: 'INFO', colour: 'green' },
  optimizationStrategy: 'memory',
  hotCompile: undefined,
  hotReloadBuild: undefined,
  customizedParam: undefined
}
[2026-04-20T22:34:45.814] [DEBUG] debug-file - Cache service initialization finished in 11 ms 
[2026-04-20T22:34:45.815] [DEBUG] debug-file - hvigorfile, resolving D:\harmonyos_code\ljh25307105\hvigorfile.ts
[2026-04-20T22:34:45.822] [DEBUG] debug-file - hvigorfile, require result:  {}
[2026-04-20T22:34:45.822] [DEBUG] debug-file - hvigorfile, binding system plugins {}
[2026-04-20T22:34:45.823] [DEBUG] debug-file - Starting plugin build process
[2026-04-20T22:34:45.823] [DEBUG] debug-file - App plugin prepare start...
[2026-04-20T22:34:45.823] [DEBUG] debug-file - App plugin prepare end...
[2026-04-20T22:34:45.823] [DEBUG] debug-file - App plugin creating...
[2026-04-20T22:34:45.829] [DEBUG] debug-file - App plugin register hook start...
[2026-04-20T22:34:45.829] [DEBUG] debug-file - App plugin register hook end...
[2026-04-20T22:34:45.829] [DEBUG] debug-file - Plugin build process completed
[2026-04-20T22:34:45.830] [DEBUG] debug-file - Start initialize project's product build option map with build mode debug.
[2026-04-20T22:34:45.830] [DEBUG] debug-file - Picking option from product 'default' with build mode 'debug'.
[2026-04-20T22:34:45.830] [DEBUG] debug-file - Product 'default' build option initialized
[2026-04-20T22:34:45.830] [DEBUG] debug-file - End initialize project's product build option map with build mode 'debug'.
[2026-04-20T22:34:45.831] [DEBUG] debug-file - Obtain build option for product 'default'in this build.
[2026-04-20T22:34:45.832] [DEBUG] debug-file - No signingConfig found, initRemoteHspCache failed.
[2026-04-20T22:34:45.834] [DEBUG] debug-file - Start recording SDK configuration permission data.
[2026-04-20T22:34:45.872] [DEBUG] debug-file - Sdk init in 41 ms 
[2026-04-20T22:34:45.877] [DEBUG] debug-file - Project task initialization takes 4 ms 
[2026-04-20T22:34:45.877] [DEBUG] debug-file - hvigorfile, resolve finished D:\harmonyos_code\ljh25307105\hvigorfile.ts
[2026-04-20T22:34:45.878] [DEBUG] debug-file - hvigorfile, resolving D:\harmonyos_code\ljh25307105\entry\hvigorfile.ts
[2026-04-20T22:34:45.883] [DEBUG] debug-file - hvigorfile, require result:  {}
[2026-04-20T22:34:45.883] [DEBUG] debug-file - hvigorfile, binding system plugins {}
[2026-04-20T22:34:45.883] [DEBUG] debug-file - Starting plugin build process
[2026-04-20T22:34:45.883] [DEBUG] debug-file - Hap plugin creating...
[2026-04-20T22:34:45.885] [DEBUG] debug-file - failed to load cangjie to dynamically generate schemas: Error: Cannot find module '@ohos/cangjie-build-support/index'
Require stack:
- D:\DevEco Studio\tools\hvigor\hvigor-ohos-plugin\src\plugin\hooks\cangjie-register.js
- D:\DevEco Studio\tools\hvigor\hvigor-ohos-plugin\src\plugin\strategy\stage-init-strategy.js
- D:\DevEco Studio\tools\hvigor\hvigor-ohos-plugin\src\plugin\builder\abstract-plugin-builder.js
- D:\DevEco Studio\tools\hvigor\hvigor-ohos-plugin\src\plugin\builder\app-plugin-builder.js
- D:\DevEco Studio\tools\hvigor\hvigor-ohos-plugin\src\plugin\factory\plugin-factory.js
- D:\DevEco Studio\tools\hvigor\hvigor-ohos-plugin\index.js
- D:\harmonyos_code\ljh25307105\hvigorfile.ts
- D:\DevEco Studio\tools\hvigor\hvigor\src\base\internal\lifecycle\configuration.js
- D:\DevEco Studio\tools\hvigor\hvigor\src\base\boot\index.js
- D:\DevEco Studio\tools\hvigor\hvigor\src\base\daemon\cluster\worker-process-lifecycle.js
- D:\DevEco Studio\tools\hvigor\hvigor\src\base\daemon\process\daemon-process-boot-script.js
[2026-04-20T22:34:45.890] [DEBUG] debug-file - Start initialize module-target build option map, moduleName=entry, buildMode=release
[2026-04-20T22:34:45.890] [DEBUG] debug-file - Target 'default' config initialized
[2026-04-20T22:34:45.890] [DEBUG] debug-file - Module 'entry' target 'default' build option initialized
[2026-04-20T22:34:45.890] [DEBUG] debug-file - End initialize module-target build option map, moduleName=entry
[2026-04-20T22:34:45.891] [DEBUG] debug-file - Start initialize module-target build option map, moduleName=entry, buildMode=debug
[2026-04-20T22:34:45.891] [DEBUG] debug-file - Target 'default' config initialized
[2026-04-20T22:34:45.891] [DEBUG] debug-file - Module 'entry' target 'default' build option initialized
[2026-04-20T22:34:45.891] [DEBUG] debug-file - End initialize module-target build option map, moduleName=entry
[2026-04-20T22:34:45.891] [DEBUG] debug-file - Start initialize module-target build option map, moduleName=entry, buildMode=debug
[2026-04-20T22:34:45.891] [DEBUG] debug-file - Target 'default' config initialized
[2026-04-20T22:34:45.891] [DEBUG] debug-file - Module 'entry' target 'default' build option initialized
[2026-04-20T22:34:45.891] [DEBUG] debug-file - End initialize module-target build option map, moduleName=entry
[2026-04-20T22:34:45.891] [DEBUG] debug-file - Obtain build option for module 'entry' target 'default'in this build.
[2026-04-20T22:34:45.892] [DEBUG] debug-file - Module entry task initialization takes 1 ms 
[2026-04-20T22:34:45.892] [DEBUG] debug-file - Hap plugin register hook start...
[2026-04-20T22:34:45.892] [DEBUG] debug-file - Hap plugin register hook end...
[2026-04-20T22:34:45.892] [DEBUG] debug-file - Plugin build process completed
[2026-04-20T22:34:45.892] [DEBUG] debug-file - hvigorfile, resolve finished D:\harmonyos_code\ljh25307105\entry\hvigorfile.ts
[2026-04-20T22:34:45.919] [DEBUG] debug-file - hvigorfile, resolve hvigorfile dependencies in 26 ms 
[2026-04-20T22:34:45.919] [DEBUG] debug-file - project has submodules:entry
[2026-04-20T22:34:45.920] [DEBUG] debug-file - start to load updatedOhPackageInfo to the disk
[2026-04-20T22:34:45.923] [DEBUG] debug-file - load to the disk finished
[2026-04-20T22:34:45.924] [DEBUG] debug-file - Start to initialize dependency information.
[2026-04-20T22:34:45.925] [DEBUG] debug-file - Module ljh25307105 Collected Dependency: 
[2026-04-20T22:34:45.925] [DEBUG] debug-file - Module ljh25307105's total dependency: 0
[2026-04-20T22:34:45.926] [DEBUG] debug-file - Start to initialize dependency information.
[2026-04-20T22:34:45.927] [DEBUG] debug-file - Module entry Collected Dependency: 
[2026-04-20T22:34:45.927] [DEBUG] debug-file - Module entry's total dependency: 0
[2026-04-20T22:34:45.929] [DEBUG] debug-file - Configuration phase cost:115 ms 
[2026-04-20T22:34:45.930] [DEBUG] debug-file - Configuration task cost before running: 130 ms 
[2026-04-20T22:34:45.935] [DEBUG] debug-file - Executing task :entry:default@PreBuild
[2026-04-20T22:34:45.936] [DEBUG] debug-file - Task 'entry:default@PreBuild' cost while wrapping incremental declarations: 1 ms 
[2026-04-20T22:34:45.944] [DEBUG] debug-file - entry:default@PreBuild is not up-to-date, since the task snapshots are different.
[2026-04-20T22:34:45.944] [DEBUG] debug-file - Incremental task entry:default@PreBuild pre-execution cost: 6 ms .
[2026-04-20T22:34:45.951] [DEBUG] debug-file - current product is not Atomic service.
[2026-04-20T22:34:45.951] [DEBUG] debug-file - Use tool [win32: JAVA_HOME, CLASSPATH]
 [ { JAVA_HOME: 'D:\\DevEco Studio\\jbr' }, { CLASSPATH: undefined } ]
[2026-04-20T22:34:45.951] [DEBUG] debug-file - Use tool [win32: NODE_HOME]
 [ { NODE_HOME: 'D:/DevEco Studio/tools/node' } ]
[2026-04-20T22:34:45.951] [DEBUG] debug-file - entry : default@PreBuild cost memory -1.252166748046875
[2026-04-20T22:34:45.951] [DEBUG] debug-file - runTaskFromQueue task cost before running: 151 ms 
[2026-04-20T22:34:45.954] [INFO] debug-file - Finished :entry:default@PreBuild... after 16 ms 
[2026-04-20T22:34:45.955] [DEBUG] debug-file - Executing task :entry:default@CreateModuleInfo
[2026-04-20T22:34:45.955] [DEBUG] debug-file - Task 'entry:default@CreateModuleInfo' cost while wrapping incremental declarations: 1 ms 
[2026-04-20T22:34:45.955] [DEBUG] debug-file - entry : default@CreateModuleInfo cost memory 0.041778564453125
[2026-04-20T22:34:45.956] [DEBUG] debug-file - runTaskFromQueue task cost before running: 155 ms 
[2026-04-20T22:34:45.956] [INFO] debug-file - Finished :entry:default@CreateModuleInfo... after 1 ms 
[2026-04-20T22:34:45.957] [DEBUG] debug-file - Executing task :entry:default@GenerateMetadata
[2026-04-20T22:34:45.958] [DEBUG] debug-file - Task 'entry:default@GenerateMetadata' cost while wrapping incremental declarations: 1 ms 
[2026-04-20T22:34:45.959] [DEBUG] debug-file - Incremental task entry:default@GenerateMetadata pre-execution cost: 1 ms .
[2026-04-20T22:34:45.959] [DEBUG] debug-file - entry : default@GenerateMetadata cost memory 0.08441162109375
[2026-04-20T22:34:45.959] [INFO] debug-file - UP-TO-DATE :entry:default@GenerateMetadata...  
[2026-04-20T22:34:45.960] [DEBUG] debug-file - Executing task :entry:default@ConfigureCmake
[2026-04-20T22:34:45.960] [DEBUG] debug-file - entry : default@ConfigureCmake cost memory 0.01458740234375
[2026-04-20T22:34:45.960] [DEBUG] debug-file - runTaskFromQueue task cost before running: 159 ms 
[2026-04-20T22:34:45.960] [INFO] debug-file - Finished :entry:default@ConfigureCmake... after 1 ms 
[2026-04-20T22:34:45.960] [DEBUG] debug-file - Executing task :entry:default@MergeProfile
[2026-04-20T22:34:45.960] [DEBUG] debug-file - Task 'entry:default@MergeProfile' cost while wrapping incremental declarations: 1 ms 
[2026-04-20T22:34:45.962] [DEBUG] debug-file - Incremental task entry:default@MergeProfile pre-execution cost: 1 ms .
[2026-04-20T22:34:45.962] [DEBUG] debug-file - entry : default@MergeProfile cost memory 0.12542724609375
[2026-04-20T22:34:45.962] [INFO] debug-file - UP-TO-DATE :entry:default@MergeProfile...  
[2026-04-20T22:34:45.962] [DEBUG] debug-file - Executing task :entry:default@CreateBuildProfile
[2026-04-20T22:34:45.963] [DEBUG] debug-file - Task 'entry:default@CreateBuildProfile' cost while wrapping incremental declarations: 1 ms 
[2026-04-20T22:34:45.963] [DEBUG] debug-file - Incremental task entry:default@CreateBuildProfile pre-execution cost: 1 ms .
[2026-04-20T22:34:45.963] [DEBUG] debug-file - entry : default@CreateBuildProfile cost memory 0.10507965087890625
[2026-04-20T22:34:45.963] [INFO] debug-file - UP-TO-DATE :entry:default@CreateBuildProfile...  
[2026-04-20T22:34:45.964] [DEBUG] debug-file - Executing task :entry:default@PreCheckSyscap
[2026-04-20T22:34:45.964] [DEBUG] debug-file - entry : default@PreCheckSyscap cost memory 0.01485443115234375
[2026-04-20T22:34:45.964] [DEBUG] debug-file - runTaskFromQueue task cost before running: 164 ms 
[2026-04-20T22:34:45.964] [INFO] debug-file - Finished :entry:default@PreCheckSyscap... after 1 ms 
[2026-04-20T22:34:45.965] [DEBUG] debug-file - Executing task :entry:default@GeneratePkgContextInfo
[2026-04-20T22:34:45.967] [DEBUG] debug-file - Task 'entry:default@GeneratePkgContextInfo' cost while wrapping incremental declarations: 1 ms 
[2026-04-20T22:34:45.967] [DEBUG] debug-file - entry : default@GeneratePkgContextInfo cost memory 0.22417449951171875
[2026-04-20T22:34:45.967] [DEBUG] debug-file - runTaskFromQueue task cost before running: 167 ms 
[2026-04-20T22:34:45.967] [INFO] debug-file - Finished :entry:default@GeneratePkgContextInfo... after 3 ms 
[2026-04-20T22:34:45.968] [DEBUG] debug-file - Executing task :entry:default@GeneratePkgSdkInfo
[2026-04-20T22:34:45.969] [DEBUG] debug-file - Task 'entry:default@GeneratePkgSdkInfo' cost while wrapping incremental declarations: 1 ms 
[2026-04-20T22:34:45.969] [DEBUG] debug-file - Incremental task entry:default@GeneratePkgSdkInfo pre-execution cost: 1 ms .
[2026-04-20T22:34:45.969] [DEBUG] debug-file - entry : default@GeneratePkgSdkInfo cost memory 0.12754058837890625
[2026-04-20T22:34:45.969] [INFO] debug-file - UP-TO-DATE :entry:default@GeneratePkgSdkInfo...  
[2026-04-20T22:34:45.971] [DEBUG] debug-file - Executing task :entry:default@ProcessIntegratedHsp
[2026-04-20T22:34:45.972] [DEBUG] debug-file - entry:default@ProcessIntegratedHsp is not up-to-date, since the output file 'D:\harmonyos_code\ljh25307105\build\cache\default\integrated_hsp\integratedHspCache.json' does not exist.
[2026-04-20T22:34:45.972] [DEBUG] debug-file - Incremental task entry:default@ProcessIntegratedHsp pre-execution cost: 1 ms .
[2026-04-20T22:34:45.972] [DEBUG] debug-file - entry : default@ProcessIntegratedHsp cost memory -1.5116424560546875
[2026-04-20T22:34:45.972] [DEBUG] debug-file - runTaskFromQueue task cost before running: 172 ms 
[2026-04-20T22:34:45.972] [INFO] debug-file - Finished :entry:default@ProcessIntegratedHsp... after 2 ms 
[2026-04-20T22:34:45.973] [DEBUG] debug-file - Executing task :entry:default@BuildNativeWithCmake
[2026-04-20T22:34:45.973] [DEBUG] debug-file - entry : default@BuildNativeWithCmake cost memory 0.0145263671875
[2026-04-20T22:34:45.973] [DEBUG] debug-file - runTaskFromQueue task cost before running: 173 ms 
[2026-04-20T22:34:45.973] [INFO] debug-file - Finished :entry:default@BuildNativeWithCmake... after 1 ms 
[2026-04-20T22:34:45.974] [DEBUG] debug-file - Executing task :entry:default@MakePackInfo
[2026-04-20T22:34:45.975] [DEBUG] debug-file - Incremental task entry:default@MakePackInfo pre-execution cost: 1 ms .
[2026-04-20T22:34:45.975] [DEBUG] debug-file - entry : default@MakePackInfo cost memory 0.10521697998046875
[2026-04-20T22:34:45.975] [INFO] debug-file - UP-TO-DATE :entry:default@MakePackInfo...  
[2026-04-20T22:34:45.976] [DEBUG] debug-file - Executing task :entry:default@SyscapTransform
[2026-04-20T22:34:45.976] [DEBUG] debug-file - File: 'D:\harmonyos_code\ljh25307105\entry\src\main\syscap.json' from 'sysCapJsonPath' is not exists, just ignore.
[2026-04-20T22:34:45.976] [DEBUG] debug-file - Task 'entry:default@SyscapTransform' cost while wrapping incremental declarations: 1 ms 
[2026-04-20T22:34:45.977] [DEBUG] debug-file - entry:default@SyscapTransform is not up-to-date, since the output file 'D:\harmonyos_code\ljh25307105\entry\build\default\intermediates\syscap\default\rpcid.sc' does not exist.
[2026-04-20T22:34:45.978] [DEBUG] debug-file - Incremental task entry:default@SyscapTransform pre-execution cost: 2 ms .
[2026-04-20T22:34:45.978] [DEBUG] debug-file - entry : default@SyscapTransform cost memory 0.152679443359375
[2026-04-20T22:34:45.978] [DEBUG] debug-file - runTaskFromQueue task cost before running: 177 ms 
[2026-04-20T22:34:45.978] [INFO] debug-file - Finished :entry:default@SyscapTransform... after 2 ms 
[2026-04-20T22:34:45.978] [DEBUG] debug-file - Executing task :entry:default@ProcessProfile
[2026-04-20T22:34:45.979] [DEBUG] debug-file - Task 'entry:default@ProcessProfile' cost while wrapping incremental declarations: 1 ms 
[2026-04-20T22:34:45.979] [DEBUG] debug-file - Incremental task entry:default@ProcessProfile pre-execution cost: 1 ms .
[2026-04-20T22:34:45.979] [DEBUG] debug-file - entry : default@ProcessProfile cost memory 0.12481689453125
[2026-04-20T22:34:45.980] [INFO] debug-file - UP-TO-DATE :entry:default@ProcessProfile...  
[2026-04-20T22:34:45.980] [DEBUG] debug-file - Executing task :entry:default@ProcessRouterMap
[2026-04-20T22:34:45.982] [DEBUG] debug-file - Incremental task entry:default@ProcessRouterMap pre-execution cost: 2 ms .
[2026-04-20T22:34:45.982] [DEBUG] debug-file - entry : default@ProcessRouterMap cost memory 0.13263702392578125
[2026-04-20T22:34:45.982] [INFO] debug-file - UP-TO-DATE :entry:default@ProcessRouterMap...  
[2026-04-20T22:34:45.983] [DEBUG] debug-file - Executing task :entry:default@ProcessShareConfig
[2026-04-20T22:34:45.984] [DEBUG] debug-file - Incremental task entry:default@ProcessShareConfig pre-execution cost: 1 ms .
[2026-04-20T22:34:45.984] [DEBUG] debug-file - entry : default@ProcessShareConfig cost memory 0.10576629638671875
[2026-04-20T22:34:45.984] [INFO] debug-file - UP-TO-DATE :entry:default@ProcessShareConfig...  
[2026-04-20T22:34:45.986] [DEBUG] debug-file - Executing task :entry:default@ProcessStartupConfig
[2026-04-20T22:34:45.986] [DEBUG] debug-file - Task 'entry:default@ProcessStartupConfig' cost while wrapping incremental declarations: 1 ms 
[2026-04-20T22:34:45.986] [DEBUG] debug-file - entry:default@ProcessStartupConfig is not up-to-date, since the output file 'D:\harmonyos_code\ljh25307105\entry\build\default\intermediates\startup\default\startup_config.json' does not exist.
[2026-04-20T22:34:45.986] [DEBUG] debug-file - Incremental task entry:default@ProcessStartupConfig pre-execution cost: 1 ms .
[2026-04-20T22:34:45.987] [DEBUG] debug-file - entry : default@ProcessStartupConfig cost memory 0.09053802490234375
[2026-04-20T22:34:45.987] [DEBUG] debug-file - runTaskFromQueue task cost before running: 186 ms 
[2026-04-20T22:34:45.987] [INFO] debug-file - Finished :entry:default@ProcessStartupConfig... after 2 ms 
[2026-04-20T22:34:45.988] [DEBUG] debug-file - Executing task :entry:default@BuildNativeWithNinja
[2026-04-20T22:34:45.988] [DEBUG] debug-file - entry : default@BuildNativeWithNinja cost memory 0.02034759521484375
[2026-04-20T22:34:45.989] [DEBUG] debug-file - runTaskFromQueue task cost before running: 189 ms 
[2026-04-20T22:34:45.989] [INFO] debug-file - Finished :entry:default@BuildNativeWithNinja... after 1 ms 
[2026-04-20T22:34:45.991] [DEBUG] debug-file - restool module names: entry; moduleName=entry, taskName=default@ProcessResource
[2026-04-20T22:34:45.993] [DEBUG] debug-file - Executing task :entry:default@ProcessResource
[2026-04-20T22:34:45.993] [DEBUG] debug-file - Task 'entry:default@ProcessResource' cost while wrapping incremental declarations: 1 ms 
[2026-04-20T22:34:45.994] [DEBUG] debug-file - Incremental task entry:default@ProcessResource pre-execution cost: 1 ms .
[2026-04-20T22:34:45.994] [DEBUG] debug-file - entry : default@ProcessResource cost memory 0.13614654541015625
[2026-04-20T22:34:45.995] [INFO] debug-file - UP-TO-DATE :entry:default@ProcessResource...  
[2026-04-20T22:34:45.996] [DEBUG] debug-file - Executing task :entry:default@GenerateLoaderJson
[2026-04-20T22:34:45.996] [DEBUG] debug-file - Task 'entry:default@GenerateLoaderJson' cost while wrapping incremental declarations: 1 ms 
[2026-04-20T22:34:46.000] [DEBUG] debug-file - entry:default@GenerateLoaderJson is not up-to-date, since the task snapshots are different.
[2026-04-20T22:34:46.000] [DEBUG] debug-file - Incremental task entry:default@GenerateLoaderJson pre-execution cost: 3 ms .
[2026-04-20T22:34:46.002] [DEBUG] debug-file - entry : default@GenerateLoaderJson cost memory 0.5702972412109375
[2026-04-20T22:34:46.002] [DEBUG] debug-file - runTaskFromQueue task cost before running: 202 ms 
[2026-04-20T22:34:46.004] [INFO] debug-file - Finished :entry:default@GenerateLoaderJson... after 7 ms 
[2026-04-20T22:34:46.005] [DEBUG] debug-file - Executing task :entry:default@ProcessLibs
[2026-04-20T22:34:46.006] [DEBUG] debug-file - Incremental task entry:default@ProcessLibs pre-execution cost: 1 ms .
[2026-04-20T22:34:46.006] [DEBUG] debug-file - entry : default@ProcessLibs cost memory 0.2957000732421875
[2026-04-20T22:34:46.007] [INFO] debug-file - UP-TO-DATE :entry:default@ProcessLibs...  
[2026-04-20T22:34:46.007] [DEBUG] debug-file - restool module names: entry; moduleName=entry, taskName=default@CompileResource
[2026-04-20T22:34:46.008] [DEBUG] debug-file - Executing task :entry:default@CompileResource
[2026-04-20T22:34:46.025] [DEBUG] debug-file - Incremental task entry:default@CompileResource pre-execution cost: 16 ms .
[2026-04-20T22:34:46.025] [DEBUG] debug-file - entry : default@CompileResource cost memory -0.726715087890625
[2026-04-20T22:34:46.026] [INFO] debug-file - UP-TO-DATE :entry:default@CompileResource...  
[2026-04-20T22:34:46.026] [DEBUG] debug-file - Executing task :entry:default@DoNativeStrip
[2026-04-20T22:34:46.026] [DEBUG] debug-file - File: 'D:\harmonyos_code\ljh25307105\entry\build\default\intermediates\binxo\default' from 'doBinxoNativeLibs' is not exists, just ignore.
[2026-04-20T22:34:46.027] [DEBUG] debug-file - Task 'entry:default@DoNativeStrip' cost while wrapping incremental declarations: 1 ms 
[2026-04-20T22:34:46.027] [DEBUG] debug-file - Incremental task entry:default@DoNativeStrip pre-execution cost: 1 ms .
[2026-04-20T22:34:46.027] [DEBUG] debug-file - entry : default@DoNativeStrip cost memory 0.09423065185546875
[2026-04-20T22:34:46.027] [INFO] debug-file - UP-TO-DATE :entry:default@DoNativeStrip...  
[2026-04-20T22:34:46.028] [DEBUG] debug-file - Executing task :entry:default@CompileArkTS
[2026-04-20T22:34:46.028] [DEBUG] debug-file - obfuscationOptions: undefined
[2026-04-20T22:34:46.029] [DEBUG] debug-file - Task 'entry:default@CompileArkTS' cost while wrapping incremental declarations: 1 ms 
[2026-04-20T22:34:46.032] [DEBUG] debug-file - entry:default@CompileArkTS is not up-to-date, since the input file 'D:\harmonyos_code\ljh25307105\entry\build\default\intermediates\loader\default' has been changed.
[2026-04-20T22:34:46.032] [DEBUG] debug-file - Incremental task entry:default@CompileArkTS pre-execution cost: 3 ms .
[2026-04-20T22:34:46.041] [DEBUG] debug-file - build config:
[2026-04-20T22:34:46.041] [DEBUG] debug-file - {
  moduleType: 'entry',
  perf: 0,
  targetName: '.default',
  packageManagerType: 'ohpm',
  localPropertiesPath: 'D:\\harmonyos_code\\ljh25307105\\local.properties',
  isPreview: false,
  isOhosTest: false,
  isLocalTest: false,
  buildMode: 'Debug',
  hotReloadBuild: undefined,
  watchMode: 'false',
  aceProfilePath: 'D:\\harmonyos_code\\ljh25307105\\entry\\build\\default\\intermediates\\res\\default\\resources\\base\\profile',
  etsLoaderPath: 'D:\\DevEco Studio\\sdk\\default\\openharmony\\ets\\build-tools\\ets-loader',
  modulePath: 'D:\\harmonyos_code\\ljh25307105\\entry',
  testFrameworkPar: {
    testMode: undefined,
    coveragePathFilter: undefined,
    coverageMode: undefined
  },
  needCoverageInsert: false,
  debugLine: false,
  projectTopDir: 'D:\\harmonyos_code\\ljh25307105',
  compileSdkVersion: 23,
  compatibleSdkVersion: 17,
  originCompatibleSdkVersion: '5.0.5(17)',
  compatibleSdkVersionStage: undefined,
  bundleName: 'c***t',
  etsLoaderVersion: '6.1.0.105',
  etsLoaderReleaseType: 'Release',
  aotCompileMode: 'type',
  apPath: 'D:\\harmonyos_code\\ljh25307105\\entry\\modules.ap',
  entryModuleName: 'entry',
  entryModuleVersion: '1.0.0',
  entryPackageName: 'entry',
  allModuleNameHash: '0019564ec147b3f85683354dda26a089a339380e39ebac837016312bfe63a515',
  externalApiPaths: [ 'D:\\DevEco Studio\\sdk\\default\\hms\\ets' ],
  compilerTypes: [],
  isCrossplatform: false,
  hvigorPluginFile: undefined,
  compilePluginPath: undefined,
  buildGeneratedProfilePath: 'D:\\harmonyos_code\\ljh25307105\\entry\\build\\default\\generated\\profile\\default',
  bundleType: 'app',
  arkTSVersion: undefined,
  apiVersion: 23,
  needCompleteSourcesMap: false,
  isFaMode: false,
  buildDir: 'D:\\harmonyos_code\\ljh25307105\\entry\\build',
  deviceTypes: [ 'phone' ],
  pkgContextInfo: undefined,
  ohPackagePathMap: {},
  dependencyAliasMap: {},
  permission: { requestPermissions: undefined, definePermissions: undefined },
  useGetCurrentBundleName: false,
  projectArkOption: undefined,
  sourceMapDir: undefined,
  branchElimination: false,
  transformLib: undefined,
  tsImportSendable: false,
  resolveConflictMode: true,
  depName2RootPath: {},
  depName2DepInfo: {},
  depName2OhExports: {},
  rootPathSet: [ 'D:\\harmonyos_code\\ljh25307105' ],
  useNativeResolver: true,
  shouldEmitJs: true,
  useTscResolve: false,
  singleFileEmit: false,
  userProjectConfig: {
    autoLazyImport: false,
    allowEmptyBundleName: false,
    reExportCheckMode: 'noCheck',
    executionMode: 'memory',
    usePathPlaceholder: false,
    writeRollupCache: true,
    isExpandImportEnabled: false,
    expandImportExclude: '',
    lazyImportExclude: '',
    lazyImportInclude: '',
    ignoreCrossplatformCheck: false,
    isHarDeduplicateEnabled: false,
    skipOhModulesLint: false,
    enableStrictCheckOHModule: false,
    disableSendableCheckRules: [],
    useDeclarationFileSignature: false,
    customizedOptions: undefined,
    integratedHsp: false,
    isPreloadSoEnabled: false
  },
  executionMode: 'memory',
  arkCompileCachePath: 'D:\\harmonyos_code\\ljh25307105\\entry\\build\\default\\cache\\default\\default@CompileArkTS\\esmodule',
  autoLazyFilter: undefined,
  isHarDeduplicateEnabled: false,
  intermediateHarDuplicateDirPath: 'D:\\harmonyos_code\\ljh25307105\\entry\\build\\default\\intermediates\\har_duplicate\\default',
  autoLazyImport: false,
  allowEmptyBundleName: false,
  reExportCheckMode: 'noCheck',
  usePathPlaceholder: false,
  writeRollupCache: true,
  isExpandImportEnabled: false,
  expandImportExclude: '',
  lazyImportExclude: '',
  lazyImportInclude: '',
  ignoreCrossplatformCheck: false,
  skipOhModulesLint: false,
  enableStrictCheckOHModule: false,
  disableSendableCheckRules: [],
  useDeclarationFileSignature: false,
  customizedOptions: undefined,
  integratedHsp: false,
  isPreloadSoEnabled: false,
  strictMode: undefined,
  useNormalizedOHMUrl: false,
  caseSensitiveCheck: false,
  aceModuleJsonPath: 'D:\\harmonyos_code\\ljh25307105\\entry\\build\\default\\intermediates\\res\\default\\ark_module.json',
  appResource: 'D:\\harmonyos_code\\ljh25307105\\entry\\build\\default\\intermediates\\res\\default\\ResourceTable.txt',
  rawFileResource: 'D:\\harmonyos_code\\ljh25307105\\entry\\build\\default\\intermediates\\res\\default\\resources\\rawfile',
  resourceTableHash: 'd481ae20e410bc66026a4d886b5af27f05f5b1a0de0da20153d7f02963b0d2d2',
  runtimeOS: 'HarmonyOS',
  sdkInfo: 'false:23:6.1.0.105:Release',
  aceModuleRoot: 'D:\\harmonyos_code\\ljh25307105\\entry\\src\\main\\ets',
  compileMode: 'esmodule',
  aceSuperVisualPath: 'D:\\harmonyos_code\\ljh25307105\\entry\\src\\main\\supervisual',
  aceBuildJson: 'D:\\harmonyos_code\\ljh25307105\\entry\\build\\default\\intermediates\\loader\\default\\loader.json',
  cachePath: 'D:\\harmonyos_code\\ljh25307105\\entry\\build\\default\\cache\\default\\default@CompileArkTS\\esmodule\\debug',
  aceModuleBuild: 'D:\\harmonyos_code\\ljh25307105\\entry\\build\\default\\intermediates\\loader_out\\default\\ets',
  supportChunks: true,
  declaredFilesPath: undefined,
  shouldCollectDirectImportees: false,
  isByteCodeHarOptimize: false,
  expandImportPath: undefined,
  resourceTableTs: 'D:\\harmonyos_code\\ljh25307105\\entry\\build\\default\\generated\\r\\default\\ResourceTable.ts',
  moduleMetaInfoFiles: [
    {
      filePath: 'D:\\harmonyos_code\\ljh25307105\\entry\\build\\default\\generated\\r\\default\\ResourceTable.ts',
      ohmurl: 'com.example.canvascomponent/entry/build/generated/r/ResourceTable'
    }
  ],
  pkgNameToPkgBriefInfo: {
    entry: {
      pkgRoot: 'D:\\harmonyos_code\\ljh25307105\\entry',
      originalSourceRoots: undefined,
      sourceRoots: [Array],
      pkgName: 'entry'
    }
  },
  projectModel: {
    'D:\\harmonyos_code\\ljh25307105\\entry\\src\\main': {
      moduleName: 'entry',
      modulePkgPath: 'D:\\harmonyos_code\\ljh25307105\\entry',
      belongProjectPath: 'D:\\harmonyos_code\\ljh25307105'
    },
    'D:\\harmonyos_code\\ljh25307105\\entry': {
      moduleName: 'entry',
      modulePkgPath: 'D:\\harmonyos_code\\ljh25307105\\entry',
      belongProjectPath: 'D:\\harmonyos_code\\ljh25307105'
    },
    'D:\\harmonyos_code\\ljh25307105': {
      moduleName: 'ljh25307105',
      modulePkgPath: 'D:\\harmonyos_code\\ljh25307105',
      belongProjectPath: 'D:\\harmonyos_code\\ljh25307105'
    }
  },
  pkgJsonFileHash: '2afff4febdc36911eef91f56078f85eadae932cafc4985f481ba3dd356730d69',
  allModulePaths: [ 'D:\\harmonyos_code\\ljh25307105\\entry' ],
  routerMap: {},
  obfuscationOptions: undefined,
  byteCodeHarToDependencyKeys: undefined,
  compileBlockPkg: [],
  mockParams: {
    decorator: '@MockSetup',
    packageName: '@ohos/hamock',
    etsSourceRootPath: 'src/main/ets',
    mockConfigPath: undefined,
    mockConfigKey2ModuleInfo: {},
    source2ModuleIdMap: {}
  },
  copyCodeResourceEnable: true,
  copyCodeResourceExcludes: [],
  copyCodeResourceIncludes: undefined,
  uiTransformOptimization: false,
  sdkPath: 'D:/DevEco Studio/sdk',
  needPreloadSoFileSet: {},
  preloadSoFilePath: 'D:\\harmonyos_code\\ljh25307105\\entry\\build\\default\\intermediates\\preload\\default\\preload.json',
  useSourceHash: false,
  localModuleParamMap: {},
  otherPaths: {
    'entry/*': [
      '..\\*',
      '..\\..\\..\\build\\default\\generated\\profile\\default\\*'
    ]
  },
  collectImportersConfig: undefined
}
[2026-04-20T22:34:46.042] [DEBUG] debug-file - Compile arkts with external api path: D:\DevEco Studio\sdk\default\hms\ets
[2026-04-20T22:34:46.042] [DEBUG] debug-file - default@CompileArkTS work[4] is submitted.
[2026-04-20T22:34:46.043] [DEBUG] debug-file - default@CompileArkTS work[4] is pushed to ready queue.
[2026-04-20T22:34:46.043] [DEBUG] debug-file - A work dispatched to worker[31] failed because unable to get work from ready queue.
[2026-04-20T22:34:46.043] [DEBUG] debug-file - A work dispatched to worker[30] failed because unable to get work from ready queue.
[2026-04-20T22:34:46.043] [DEBUG] debug-file - A work dispatched to worker[29] failed because unable to get work from ready queue.
[2026-04-20T22:34:46.043] [DEBUG] debug-file - A work dispatched to worker[28] failed because unable to get work from ready queue.
[2026-04-20T22:34:46.043] [DEBUG] debug-file - A work dispatched to worker[27] failed because unable to get work from ready queue.
[2026-04-20T22:34:46.043] [DEBUG] debug-file - A work dispatched to worker[26] failed because unable to get work from ready queue.
[2026-04-20T22:34:46.043] [DEBUG] debug-file - A work dispatched to worker[25] failed because unable to get work from ready queue.
[2026-04-20T22:34:46.043] [DEBUG] debug-file - A work dispatched to worker[24] failed because unable to get work from ready queue.
[2026-04-20T22:34:46.043] [DEBUG] debug-file - A work dispatched to worker[23] failed because unable to get work from ready queue.
[2026-04-20T22:34:46.043] [DEBUG] debug-file - A work dispatched to worker[22] failed because unable to get work from ready queue.
[2026-04-20T22:34:46.043] [DEBUG] debug-file - A work dispatched to worker[21] failed because unable to get work from ready queue.
[2026-04-20T22:34:46.043] [DEBUG] debug-file - A work dispatched to worker[20] failed because unable to get work from ready queue.
[2026-04-20T22:34:46.043] [DEBUG] debug-file - A work dispatched to worker[19] failed because unable to get work from ready queue.
[2026-04-20T22:34:46.043] [DEBUG] debug-file - A work dispatched to worker[18] failed because unable to get work from ready queue.
[2026-04-20T22:34:46.043] [DEBUG] debug-file - A work dispatched to worker[17] failed because unable to get work from ready queue.
[2026-04-20T22:34:46.043] [DEBUG] debug-file - A work dispatched to worker[16] failed because unable to get work from ready queue.
[2026-04-20T22:34:46.043] [DEBUG] debug-file - A work dispatched to worker[15] failed because unable to get work from ready queue.
[2026-04-20T22:34:46.043] [DEBUG] debug-file - A work dispatched to worker[14] failed because unable to get work from ready queue.
[2026-04-20T22:34:46.043] [DEBUG] debug-file - A work dispatched to worker[13] failed because unable to get work from ready queue.
[2026-04-20T22:34:46.043] [DEBUG] debug-file - A work dispatched to worker[12] failed because unable to get work from ready queue.
[2026-04-20T22:34:46.043] [DEBUG] debug-file - A work dispatched to worker[11] failed because unable to get work from ready queue.
[2026-04-20T22:34:46.043] [DEBUG] debug-file - A work dispatched to worker[10] failed because unable to get work from ready queue.
[2026-04-20T22:34:46.043] [DEBUG] debug-file - A work dispatched to worker[9] failed because unable to get work from ready queue.
[2026-04-20T22:34:46.043] [DEBUG] debug-file - A work dispatched to worker[8] failed because unable to get work from ready queue.
[2026-04-20T22:34:46.043] [DEBUG] debug-file - A work dispatched to worker[7] failed because unable to get work from ready queue.
[2026-04-20T22:34:46.043] [DEBUG] debug-file - A work dispatched to worker[6] failed because unable to get work from ready queue.
[2026-04-20T22:34:46.043] [DEBUG] debug-file - A work dispatched to worker[5] failed because unable to get work from ready queue.
[2026-04-20T22:34:46.043] [DEBUG] debug-file - default@CompileArkTS work[4] has been dispatched to worker[4].
[2026-04-20T22:34:46.043] [DEBUG] debug-file - default@CompileArkTS work[4] is dispatched.
[2026-04-20T22:34:46.043] [DEBUG] debug-file - CopyResources startTime: 30147159469600
[2026-04-20T22:34:46.043] [DEBUG] debug-file - default@CompileArkTS work[5] is submitted.
[2026-04-20T22:34:46.044] [DEBUG] debug-file - default@CompileArkTS work[5] is pushed to ready queue.
[2026-04-20T22:34:46.044] [DEBUG] debug-file - A work dispatched to worker[31] failed because unable to get work from ready queue.
[2026-04-20T22:34:46.044] [DEBUG] debug-file - Create  resident worker with id: 30.
[2026-04-20T22:34:46.044] [DEBUG] debug-file - default@CompileArkTS work[5] has been dispatched to worker[30].
[2026-04-20T22:34:46.044] [DEBUG] debug-file - default@CompileArkTS work[5] is dispatched.
[2026-04-20T22:34:46.044] [DEBUG] debug-file - entry : default@CompileArkTS cost memory -0.32224273681640625
[2026-04-20T22:34:46.045] [DEBUG] debug-file - Executing task :entry:default@BuildJS
[2026-04-20T22:34:46.045] [DEBUG] debug-file - Task 'entry:default@BuildJS' cost while wrapping incremental declarations: 1 ms 
[2026-04-20T22:34:46.048] [DEBUG] debug-file - entry : default@BuildJS cost memory 0.14394378662109375
[2026-04-20T22:34:46.048] [DEBUG] debug-file - runTaskFromQueue task cost before running: 247 ms 
[2026-04-20T22:34:46.048] [INFO] debug-file - Finished :entry:default@BuildJS... after 3 ms 
[2026-04-20T22:34:46.049] [DEBUG] debug-file - Executing task :entry:default@CacheNativeLibs
[2026-04-20T22:34:46.050] [DEBUG] debug-file - File: 'D:\harmonyos_code\ljh25307105\entry\build\default\intermediates\binxo\default' from 'cacheBinxoNativeLibs' is not exists, just ignore.
[2026-04-20T22:34:46.050] [DEBUG] debug-file - Task 'entry:default@CacheNativeLibs' cost while wrapping incremental declarations: 1 ms 
[2026-04-20T22:34:46.052] [DEBUG] debug-file - Incremental task entry:default@CacheNativeLibs pre-execution cost: 3 ms .
[2026-04-20T22:34:46.053] [DEBUG] debug-file - entry : default@CacheNativeLibs cost memory 0.12445831298828125
[2026-04-20T22:34:46.053] [INFO] debug-file - UP-TO-DATE :entry:default@CacheNativeLibs...  
[2026-04-20T22:34:46.471] [DEBUG] debug-file - Ark compile task finished.finished time is 30147587535300
[2026-04-20T22:34:46.472] [DEBUG] debug-file - worker[4] has one work done.
[2026-04-20T22:34:46.473] [DEBUG] debug-file - default@CompileArkTS work[4] done.
[2026-04-20T22:34:46.473] [DEBUG] debug-file - A work dispatched to worker[4] failed because unable to get work from ready queue.
[2026-04-20T22:34:46.964] [DEBUG] debug-file - worker[30] has one work done.
[2026-04-20T22:34:46.964] [DEBUG] debug-file - CopyResources is end, endTime: 30148080406400
[2026-04-20T22:34:46.964] [DEBUG] debug-file - default@CompileArkTS work[5] done.
[2026-04-20T22:34:46.964] [DEBUG] debug-file - A work dispatched to worker[30] failed because unable to get work from ready queue.
[2026-04-20T22:34:46.966] [INFO] debug-file - Finished :entry:default@CompileArkTS... after 459 ms 
[2026-04-20T22:34:46.967] [DEBUG] debug-file - Executing task :entry:default@GeneratePkgModuleJson
[2026-04-20T22:34:46.967] [DEBUG] debug-file - File: 'D:\harmonyos_code\ljh25307105\entry\build\default\intermediates\preload\default\preload.json' from 'preloadSoJsonPath' is not exists, just ignore.
[2026-04-20T22:34:46.967] [DEBUG] debug-file - Error occurs while handling @Input 'shouldDeduplicateHar': The "data" argument must be of type string or an instance of Buffer, TypedArray, or DataView. Received undefined
[2026-04-20T22:34:46.967] [DEBUG] debug-file - Task 'entry:default@GeneratePkgModuleJson' cost while wrapping incremental declarations: 1 ms 
[2026-04-20T22:34:46.968] [DEBUG] debug-file - Incremental task entry:default@GeneratePkgModuleJson pre-execution cost: 1 ms .
[2026-04-20T22:34:46.968] [DEBUG] debug-file - entry : default@GeneratePkgModuleJson cost memory 0.1031646728515625
[2026-04-20T22:34:46.968] [INFO] debug-file - UP-TO-DATE :entry:default@GeneratePkgModuleJson...  
[2026-04-20T22:34:46.969] [DEBUG] debug-file - Executing task :entry:default@ProcessCompiledResources
[2026-04-20T22:34:46.969] [DEBUG] debug-file - File: 'D:\harmonyos_code\ljh25307105\entry\build\default\intermediates\preload\default\preload.json' from 'preloadSoJsonPath' is not exists, just ignore.
[2026-04-20T22:34:46.969] [DEBUG] debug-file - Task 'entry:default@ProcessCompiledResources' cost while wrapping incremental declarations: 1 ms 
[2026-04-20T22:34:46.969] [DEBUG] debug-file - entry : default@ProcessCompiledResources cost memory 0.05710601806640625
[2026-04-20T22:34:46.969] [DEBUG] debug-file - runTaskFromQueue task cost before running: 1 s 169 ms 
[2026-04-20T22:34:46.969] [INFO] debug-file - Finished :entry:default@ProcessCompiledResources... after 1 ms 
[2026-04-20T22:34:46.971] [DEBUG] debug-file - Executing task :entry:default@PackageHap
[2026-04-20T22:34:46.977] [DEBUG] debug-file - entry:default@PackageHap is not up-to-date, since the input file 'D:\harmonyos_code\ljh25307105\entry\build\default\intermediates\loader_out\default\ets' has been changed.
[2026-04-20T22:34:46.977] [DEBUG] debug-file - Incremental task entry:default@PackageHap pre-execution cost: 6 ms .
[2026-04-20T22:34:46.978] [DEBUG] debug-file - Use tool [D:\DevEco Studio\sdk\default\openharmony\toolchains\lib\app_packing_tool.jar]
 [
  'java',
  '-Dfile.encoding=GBK',
  '-jar',
  'D:\\DevEco Studio\\sdk\\default\\openharmony\\toolchains\\lib\\app_packing_tool.jar',
  '--mode',
  'hap',
  '--force',
  'true',
  '--lib-path',
  'D:\\harmonyos_code\\ljh25307105\\entry\\build\\default\\intermediates\\stripped_native_libs\\default',
  '--json-path',
  'D:\\harmonyos_code\\ljh25307105\\entry\\build\\default\\intermediates\\package\\default\\module.json',
  '--resources-path',
  'D:\\harmonyos_code\\ljh25307105\\entry\\build\\default\\intermediates\\res\\default\\resources',
  '--index-path',
  'D:\\harmonyos_code\\ljh25307105\\entry\\build\\default\\intermediates\\res\\default\\resources.index',
  '--pack-info-path',
  'D:\\harmonyos_code\\ljh25307105\\entry\\build\\default\\outputs\\default\\pack.info',
  '--out-path',
  'D:\\harmonyos_code\\ljh25307105\\entry\\build\\default\\outputs\\default\\entry-default-unsigned.hap',
  '--ets-path',
  'D:\\harmonyos_code\\ljh25307105\\entry\\build\\default\\intermediates\\loader_out\\default\\ets',
  '--pkg-sdk-info-path',
  'D:\\harmonyos_code\\ljh25307105\\entry\\build\\default\\intermediates\\loader\\default\\pkgSdkInfo.json'
]
[2026-04-20T22:34:46.979] [DEBUG] debug-file - default@PackageHap work[6] is submitted.
[2026-04-20T22:34:46.979] [DEBUG] debug-file - default@PackageHap work[6] is pushed to ready queue.
[2026-04-20T22:34:46.979] [DEBUG] debug-file - A work dispatched to worker[31] failed because unable to get work from ready queue.
[2026-04-20T22:34:46.979] [DEBUG] debug-file - default@PackageHap work[6] has been dispatched to worker[30].
[2026-04-20T22:34:46.979] [DEBUG] debug-file - default@PackageHap work[6] is dispatched.
[2026-04-20T22:34:46.981] [DEBUG] debug-file - entry : default@PackageHap cost memory 0.745880126953125
[2026-04-20T22:34:47.181] [DEBUG] debug-file - current process  memoryUsage: {
  rss: 556449792,
  heapTotal: 81559552,
  heapUsed: 52135296,
  external: 2365469,
  arrayBuffers: 123792
} os memoryUsage :13.688209533691406
[2026-04-20T22:34:47.481] [DEBUG] debug-file - worker[30] has one work done.
[2026-04-20T22:34:47.482] [DEBUG] debug-file - default@PackageHap work[6] done.
[2026-04-20T22:34:47.482] [DEBUG] debug-file - A work dispatched to worker[30] failed because unable to get work from ready queue.
[2026-04-20T22:34:47.483] [INFO] debug-file - Finished :entry:default@PackageHap... after 313 ms 
[2026-04-20T22:34:47.485] [DEBUG] debug-file - Executing task :entry:default@PackingCheck
[2026-04-20T22:34:47.491] [DEBUG] debug-file - entry : default@PackingCheck cost memory 0.6150054931640625
[2026-04-20T22:34:47.491] [DEBUG] debug-file - runTaskFromQueue task cost before running: 1 s 691 ms 
[2026-04-20T22:34:47.491] [INFO] debug-file - Finished :entry:default@PackingCheck... after 7 ms 
[2026-04-20T22:34:47.493] [DEBUG] debug-file - Executing task :entry:default@SignHap
[2026-04-20T22:34:47.493] [WARN] debug-file - Will skip sign 'hos_hap'. No signingConfigs profile is configured in current project.
             If needed, configure the signingConfigs in D:\harmonyos_code\ljh25307105\build-profile.json5.
[2026-04-20T22:34:47.494] [DEBUG] debug-file - entry:default@SignHap is not up-to-date, since the input file 'D:\harmonyos_code\ljh25307105\entry\build\default\outputs\default\entry-default-unsigned.hap' has been changed.
[2026-04-20T22:34:47.494] [DEBUG] debug-file - Incremental task entry:default@SignHap pre-execution cost: 1 ms .
[2026-04-20T22:34:47.495] [DEBUG] debug-file - entry : default@SignHap cost memory 0.088836669921875
[2026-04-20T22:34:47.495] [DEBUG] debug-file - runTaskFromQueue task cost before running: 1 s 694 ms 
[2026-04-20T22:34:47.495] [INFO] debug-file - Finished :entry:default@SignHap... after 2 ms 
[2026-04-20T22:34:47.497] [DEBUG] debug-file - Executing task :entry:default@CollectDebugSymbol
[2026-04-20T22:34:47.499] [DEBUG] debug-file - entry : default@CollectDebugSymbol cost memory 0.08484649658203125
[2026-04-20T22:34:47.499] [DEBUG] debug-file - runTaskFromQueue task cost before running: 1 s 698 ms 
[2026-04-20T22:34:47.499] [INFO] debug-file - Finished :entry:default@CollectDebugSymbol... after 2 ms 
[2026-04-20T22:34:47.499] [DEBUG] debug-file - Executing task :entry:assembleHap
[2026-04-20T22:34:47.499] [DEBUG] debug-file - entry : assembleHap cost memory 0.0126800537109375
[2026-04-20T22:34:47.499] [DEBUG] debug-file - runTaskFromQueue task cost before running: 1 s 699 ms 
[2026-04-20T22:34:47.499] [INFO] debug-file - Finished :entry:assembleHap... after 1 ms 
[2026-04-20T22:34:47.515] [INFO] debug-file - BUILD SUCCESSFUL in 1 s 714 ms 
[2026-04-20T22:34:47.517] [DEBUG] debug-file - Update task entry:default@PreBuild input file:D:\harmonyos_code\ljh25307105\AppScope\app.json5 cache by regenerate.
[2026-04-20T22:34:47.517] [DEBUG] debug-file - Update task entry:default@PreBuild input file:D:\harmonyos_code\ljh25307105\entry\src\main\module.json5 cache by regenerate.
[2026-04-20T22:34:47.517] [DEBUG] debug-file - Update task entry:default@PreBuild input file:D:\harmonyos_code\ljh25307105\build-profile.json5 cache by regenerate.
[2026-04-20T22:34:47.518] [DEBUG] debug-file - Update task entry:default@PreBuild input file:D:\harmonyos_code\ljh25307105\entry\build-profile.json5 cache by regenerate.
[2026-04-20T22:34:47.518] [DEBUG] debug-file - Update task entry:default@PreBuild input file:D:\harmonyos_code\ljh25307105\entry\src\main\resources\base\profile\main_pages.json cache by regenerate.
[2026-04-20T22:34:47.518] [DEBUG] debug-file - Update task entry:default@PreBuild input file:D:\harmonyos_code\ljh25307105\hvigor\hvigor-config.json5 cache by regenerate.
[2026-04-20T22:34:47.518] [DEBUG] debug-file - Update task entry:default@PreBuild input file:D:\harmonyos_code\ljh25307105\entry\oh-package.json5 cache by regenerate.
[2026-04-20T22:34:47.518] [DEBUG] debug-file - Update task entry:default@PreBuild input file:D:\harmonyos_code\ljh25307105\oh-package.json5 cache by regenerate.
[2026-04-20T22:34:47.519] [DEBUG] debug-file - Incremental task entry:default@PreBuild post-execution cost:4 ms .
[2026-04-20T22:34:47.519] [DEBUG] debug-file - Update task entry:default@CreateModuleInfo output file:D:\harmonyos_code\ljh25307105\entry\build\default\generated\profile\default\ModuleInfo.ts cache.
[2026-04-20T22:34:47.519] [DEBUG] debug-file - Incremental task entry:default@CreateModuleInfo post-execution cost:1 ms .
[2026-04-20T22:34:47.519] [DEBUG] debug-file - There is no need to refresh cache, since the incremental task entry:default@GenerateMetadata is up-to-date.
[2026-04-20T22:34:47.519] [DEBUG] debug-file - There is no need to refresh cache, since the incremental task entry:default@MergeProfile is up-to-date.
[2026-04-20T22:34:47.519] [DEBUG] debug-file - There is no need to refresh cache, since the incremental task entry:default@CreateBuildProfile is up-to-date.
[2026-04-20T22:34:47.519] [DEBUG] debug-file - Update task entry:default@GeneratePkgContextInfo output file:D:\harmonyos_code\ljh25307105\entry\build\default\intermediates\loader\default\pkgContextInfo.json cache.
[2026-04-20T22:34:47.519] [DEBUG] debug-file - Incremental task entry:default@GeneratePkgContextInfo post-execution cost:1 ms .
[2026-04-20T22:34:47.519] [DEBUG] debug-file - There is no need to refresh cache, since the incremental task entry:default@GeneratePkgSdkInfo is up-to-date.
[2026-04-20T22:34:47.519] [DEBUG] debug-file - Update task entry:default@ProcessIntegratedHsp output file:D:\harmonyos_code\ljh25307105\build\cache\default\integrated_hsp\integratedHspCache.json cache.
[2026-04-20T22:34:47.519] [DEBUG] debug-file - Incremental task entry:default@ProcessIntegratedHsp post-execution cost:1 ms .
[2026-04-20T22:34:47.519] [DEBUG] debug-file - There is no need to refresh cache, since the incremental task entry:default@MakePackInfo is up-to-date.
[2026-04-20T22:34:47.519] [DEBUG] debug-file - Update task entry:default@SyscapTransform input file:D:\DevEco Studio\sdk\default\openharmony\toolchains\syscap_tool.exe cache by regenerate.
[2026-04-20T22:34:47.520] [DEBUG] debug-file - Update task entry:default@SyscapTransform input file:D:\DevEco Studio\sdk\default\openharmony\ets\api\device-define cache by regenerate.
[2026-04-20T22:34:47.520] [DEBUG] debug-file - Update task entry:default@SyscapTransform output file:D:\harmonyos_code\ljh25307105\entry\build\default\intermediates\syscap\default\rpcid.sc cache.
[2026-04-20T22:34:47.520] [DEBUG] debug-file - Incremental task entry:default@SyscapTransform post-execution cost:2 ms .
[2026-04-20T22:34:47.520] [DEBUG] debug-file - There is no need to refresh cache, since the incremental task entry:default@ProcessProfile is up-to-date.
[2026-04-20T22:34:47.520] [DEBUG] debug-file - There is no need to refresh cache, since the incremental task entry:default@ProcessRouterMap is up-to-date.
[2026-04-20T22:34:47.521] [DEBUG] debug-file - There is no need to refresh cache, since the incremental task entry:default@ProcessShareConfig is up-to-date.
[2026-04-20T22:34:47.521] [DEBUG] debug-file - Update task entry:default@ProcessStartupConfig output file:D:\harmonyos_code\ljh25307105\entry\build\default\intermediates\startup\default\startup_config.json cache.
[2026-04-20T22:34:47.521] [DEBUG] debug-file - Incremental task entry:default@ProcessStartupConfig post-execution cost:1 ms .
[2026-04-20T22:34:47.521] [DEBUG] debug-file - There is no need to refresh cache, since the incremental task entry:default@ProcessResource is up-to-date.
[2026-04-20T22:34:47.521] [DEBUG] debug-file - Update task entry:default@GenerateLoaderJson input file:D:\harmonyos_code\ljh25307105\entry\build\default\intermediates\router_map\default\temp-router-map.json cache by regenerate.
[2026-04-20T22:34:47.522] [DEBUG] debug-file - Update task entry:default@GenerateLoaderJson output file:D:\harmonyos_code\ljh25307105\entry\build\default\intermediates\loader\default\loader.json cache.
[2026-04-20T22:34:47.522] [DEBUG] debug-file - Incremental task entry:default@GenerateLoaderJson post-execution cost:2 ms .
[2026-04-20T22:34:47.522] [DEBUG] debug-file - There is no need to refresh cache, since the incremental task entry:default@ProcessLibs is up-to-date.
[2026-04-20T22:34:47.522] [DEBUG] debug-file - There is no need to refresh cache, since the incremental task entry:default@CompileResource is up-to-date.
[2026-04-20T22:34:47.522] [DEBUG] debug-file - There is no need to refresh cache, since the incremental task entry:default@DoNativeStrip is up-to-date.
[2026-04-20T22:34:47.525] [DEBUG] debug-file - Update task entry:default@CompileArkTS input file:D:\harmonyos_code\ljh25307105\entry\build\default\intermediates\loader\default cache from map.
[2026-04-20T22:34:47.525] [DEBUG] debug-file - Update task entry:default@CompileArkTS input file:D:\harmonyos_code\ljh25307105\entry\build\default\intermediates\res\default\ResourceTable.txt cache by regenerate.
[2026-04-20T22:34:47.525] [DEBUG] debug-file - Update task entry:default@CompileArkTS input file:D:\harmonyos_code\ljh25307105\entry\build\default\intermediates\res\default\ark_module.json cache by regenerate.
[2026-04-20T22:34:47.525] [DEBUG] debug-file - Update task entry:default@CompileArkTS input file:D:\harmonyos_code\ljh25307105\entry\build\default\intermediates\res\default\resources\base\profile cache by regenerate.
[2026-04-20T22:34:47.526] [DEBUG] debug-file - Update task entry:default@CompileArkTS input file:D:\harmonyos_code\ljh25307105\entry\src\main\ets cache by regenerate.
[2026-04-20T22:34:47.530] [DEBUG] debug-file - Update task entry:default@CompileArkTS input file:D:\harmonyos_code\ljh25307105\entry\build\default\generated\profile\default\BuildProfile.ets cache by regenerate.
[2026-04-20T22:34:47.531] [DEBUG] debug-file - Update task entry:default@CompileArkTS output file:D:\harmonyos_code\ljh25307105\entry\build\default\intermediates\loader_out\default\ets cache.
[2026-04-20T22:34:47.532] [DEBUG] debug-file - Incremental task entry:default@CompileArkTS post-execution cost:10 ms .
[2026-04-20T22:34:47.533] [DEBUG] debug-file - Update task entry:default@BuildJS input file:D:\harmonyos_code\ljh25307105\entry\build\default\intermediates\loader\default cache by regenerate.
[2026-04-20T22:34:47.534] [DEBUG] debug-file - Update task entry:default@BuildJS input file:D:\harmonyos_code\ljh25307105\entry\build\default\intermediates\res\default\ResourceTable.txt cache by regenerate.
[2026-04-20T22:34:47.534] [DEBUG] debug-file - Update task entry:default@BuildJS input file:D:\harmonyos_code\ljh25307105\entry\build\default\intermediates\res\default\ark_module.json cache by regenerate.
[2026-04-20T22:34:47.535] [DEBUG] debug-file - Update task entry:default@BuildJS input file:D:\harmonyos_code\ljh25307105\entry\build\default\intermediates\res\default\resources\base\profile cache by regenerate.
[2026-04-20T22:34:47.536] [DEBUG] debug-file - Update task entry:default@BuildJS output file:D:\harmonyos_code\ljh25307105\entry\build\default\intermediates\loader_out\default\js cache.
[2026-04-20T22:34:47.536] [DEBUG] debug-file - Incremental task entry:default@BuildJS post-execution cost:4 ms .
[2026-04-20T22:34:47.536] [DEBUG] debug-file - There is no need to refresh cache, since the incremental task entry:default@CacheNativeLibs is up-to-date.
[2026-04-20T22:34:47.536] [DEBUG] debug-file - There is no need to refresh cache, since the incremental task entry:default@GeneratePkgModuleJson is up-to-date.
[2026-04-20T22:34:47.536] [DEBUG] debug-file - Incremental task entry:default@ProcessCompiledResources post-execution cost:1 ms .
[2026-04-20T22:34:47.536] [DEBUG] debug-file - Update task entry:default@PackageHap input file:D:\harmonyos_code\ljh25307105\entry\build\default\intermediates\stripped_native_libs\default cache by regenerate.
[2026-04-20T22:34:47.537] [DEBUG] debug-file - Update task entry:default@PackageHap input file:D:\harmonyos_code\ljh25307105\entry\build\default\intermediates\res\default\module.json cache by regenerate.
[2026-04-20T22:34:47.537] [DEBUG] debug-file - Update task entry:default@PackageHap input file:D:\harmonyos_code\ljh25307105\entry\build\default\intermediates\res\default\resources cache by regenerate.
[2026-04-20T22:34:47.539] [DEBUG] debug-file - Update task entry:default@PackageHap input file:D:\harmonyos_code\ljh25307105\entry\build\default\intermediates\res\default\resources.index cache by regenerate.
[2026-04-20T22:34:47.539] [DEBUG] debug-file - Update task entry:default@PackageHap input file:D:\harmonyos_code\ljh25307105\entry\build\default\outputs\default\pack.info cache by regenerate.
[2026-04-20T22:34:47.540] [DEBUG] debug-file - Update task entry:default@PackageHap input file:D:\harmonyos_code\ljh25307105\entry\build\default\intermediates\loader_out\default\ets cache from map.
[2026-04-20T22:34:47.540] [DEBUG] debug-file - Update task entry:default@PackageHap input file:D:\harmonyos_code\ljh25307105\entry\build\default\intermediates\loader\default\pkgSdkInfo.json cache by regenerate.
[2026-04-20T22:34:47.541] [DEBUG] debug-file - Update task entry:default@PackageHap input file:D:\harmonyos_code\ljh25307105\entry\build\default\intermediates\loader_out\default\ets\sourceMaps.map cache by regenerate.
[2026-04-20T22:34:47.541] [DEBUG] debug-file - Update task entry:default@PackageHap input file:D:\harmonyos_code\ljh25307105\entry\build\default\generated\profile\default\BuildProfile.ets cache by regenerate.
[2026-04-20T22:34:47.542] [DEBUG] debug-file - Update task entry:default@PackageHap output file:D:\harmonyos_code\ljh25307105\entry\build\default\outputs\default\entry-default-unsigned.hap cache.
[2026-04-20T22:34:47.542] [DEBUG] debug-file - Update task entry:default@PackageHap output file:D:\harmonyos_code\ljh25307105\entry\build\default\intermediates\source_map\default\sourceMaps.map cache.
[2026-04-20T22:34:47.542] [DEBUG] debug-file - Update task entry:default@PackageHap output file:D:\harmonyos_code\ljh25307105\entry\build\default\outputs\default\mapping\sourceMaps.map cache.
[2026-04-20T22:34:47.543] [DEBUG] debug-file - Incremental task entry:default@PackageHap post-execution cost:7 ms .
[2026-04-20T22:34:47.543] [DEBUG] debug-file - Update task entry:default@SignHap input file:D:\harmonyos_code\ljh25307105\entry\build\default\outputs\default\entry-default-unsigned.hap cache from map.
[2026-04-20T22:34:47.543] [DEBUG] debug-file - Update task entry:default@SignHap output file:D:\harmonyos_code\ljh25307105\entry\build\default\outputs\default\entry-default-signed.hap cache.
[2026-04-20T22:34:47.543] [DEBUG] debug-file - Incremental task entry:default@SignHap post-execution cost:1 ms .
[2026-04-20T22:34:47.544] [DEBUG] debug-file - Update task entry:default@CollectDebugSymbol input file:D:\harmonyos_code\ljh25307105\entry\build\default\intermediates\loader_out\default\ets\sourceMaps.map cache by regenerate.
[2026-04-20T22:34:47.544] [DEBUG] debug-file - Update task entry:default@CollectDebugSymbol input file:D:\harmonyos_code\ljh25307105\entry\build\default\intermediates\libs\default cache by regenerate.
[2026-04-20T22:34:47.545] [DEBUG] debug-file - Update task entry:default@CollectDebugSymbol output file:D:\harmonyos_code\ljh25307105\entry\build\default\outputs\default\symbol cache.
[2026-04-20T22:34:47.545] [DEBUG] debug-file - Incremental task entry:default@CollectDebugSymbol post-execution cost:2 ms .
[2026-04-20T22:34:47.574] [DEBUG] debug-file - Cleanup worker 30.
[2026-04-20T22:34:47.575] [DEBUG] debug-file - Worker 30 has been cleaned up.
[2026-04-20T22:34:47.575] [DEBUG] debug-file - Current idle worker size: 1.
[2026-04-20T22:34:47.575] [DEBUG] debug-file - Current resident worker size: 2.
[2026-04-20T22:34:47.575] [DEBUG] debug-file - hvigor build process will be closed.
[2026-04-20T22:34:47.583] [DEBUG] debug-file - session manager: send message to worker process.
[2026-04-20T22:34:47.584] [DEBUG] debug-file - session manager: send message to worker process.
[2026-04-20T22:34:47.584] [DEBUG] debug-file - watch worker: worker id should be larger than 0. Nothing will be sent to any worker thread.
[2026-04-20T22:34:47.584] [DEBUG] debug-file - worker[30] exits with exit code 1.
[2026-04-20T22:34:47.585] [DEBUG] debug-file - watch worker: worker id should be larger than 0. Nothing will be sent to any worker thread.
[2026-04-20T22:44:29.786] [DEBUG] debug-file - env: nodejsVersion=v18.20.1
[2026-04-20T22:44:29.838] [DEBUG] debug-file - env: daemon=true
[2026-04-20T22:44:29.787] [DEBUG] debug-file - env: hvigor-config.json5 content = { modelVersion: '5.0.0', dependencies: {} }
[2026-04-20T22:44:30.300] [DEBUG] debug-file - session manager: set active socket. socketId=-iwNeJPh8Da9g9VWAAAF
[2026-04-20T22:44:30.309] [DEBUG] debug-file - watch worker: worker id should be larger than 0. Nothing will be sent to any worker thread.
[2026-04-20T22:44:30.315] [DEBUG] debug-file - Workers' log level updated to INFO
[2026-04-20T22:44:30.320] [DEBUG] debug-file - Hvigor init with startParameters:{
  hvigorfileTypeCheck: false,
  parallelExecution: true,
  incrementalExecution: true,
  printStackTrace: false,
  daemon: true,
  analyze: 0,
  logLevel: Level { level: 20000, levelStr: 'INFO', colour: 'green' },
  optimizationStrategy: 'memory',
  hotCompile: undefined,
  hotReloadBuild: undefined,
  customizedParam: undefined
}
[2026-04-20T22:44:30.328] [DEBUG] debug-file - Cache service initialization finished in 8 ms 
[2026-04-20T22:44:30.330] [DEBUG] debug-file - hvigorfile, resolving D:\harmonyos_code\ljh25307105\hvigorfile.ts
[2026-04-20T22:44:30.341] [DEBUG] debug-file - hvigorfile, require result:  {}
[2026-04-20T22:44:30.342] [DEBUG] debug-file - hvigorfile, binding system plugins {}
[2026-04-20T22:44:30.343] [DEBUG] debug-file - Starting plugin build process
[2026-04-20T22:44:30.343] [DEBUG] debug-file - App plugin prepare start...
[2026-04-20T22:44:30.344] [DEBUG] debug-file - App plugin prepare end...
[2026-04-20T22:44:30.344] [DEBUG] debug-file - App plugin creating...
[2026-04-20T22:44:30.353] [DEBUG] debug-file - App plugin register hook start...
[2026-04-20T22:44:30.353] [DEBUG] debug-file - App plugin register hook end...
[2026-04-20T22:44:30.353] [DEBUG] debug-file - Plugin build process completed
[2026-04-20T22:44:30.354] [DEBUG] debug-file - Start initialize project's product build option map with build mode debug.
[2026-04-20T22:44:30.354] [DEBUG] debug-file - Picking option from product 'default' with build mode 'debug'.
[2026-04-20T22:44:30.354] [DEBUG] debug-file - Product 'default' build option initialized
[2026-04-20T22:44:30.354] [DEBUG] debug-file - End initialize project's product build option map with build mode 'debug'.
[2026-04-20T22:44:30.355] [DEBUG] debug-file - Obtain build option for product 'default'in this build.
[2026-04-20T22:44:30.357] [DEBUG] debug-file - No signingConfig found, initRemoteHspCache failed.
[2026-04-20T22:44:30.362] [DEBUG] debug-file - Start recording SDK configuration permission data.
[2026-04-20T22:44:30.387] [DEBUG] debug-file - Sdk init in 30 ms 
[2026-04-20T22:44:30.391] [DEBUG] debug-file - Project task initialization takes 3 ms 
[2026-04-20T22:44:30.391] [DEBUG] debug-file - hvigorfile, resolve finished D:\harmonyos_code\ljh25307105\hvigorfile.ts
[2026-04-20T22:44:30.391] [DEBUG] debug-file - hvigorfile, resolving D:\harmonyos_code\ljh25307105\entry\hvigorfile.ts
[2026-04-20T22:44:30.394] [DEBUG] debug-file - hvigorfile, require result:  {}
[2026-04-20T22:44:30.394] [DEBUG] debug-file - hvigorfile, binding system plugins {}
[2026-04-20T22:44:30.394] [DEBUG] debug-file - Starting plugin build process
[2026-04-20T22:44:30.394] [DEBUG] debug-file - Hap plugin creating...
[2026-04-20T22:44:30.395] [DEBUG] debug-file - failed to load cangjie to dynamically generate schemas: Error: Cannot find module '@ohos/cangjie-build-support/index'
Require stack:
- D:\DevEco Studio\tools\hvigor\hvigor-ohos-plugin\src\plugin\hooks\cangjie-register.js
- D:\DevEco Studio\tools\hvigor\hvigor-ohos-plugin\src\plugin\strategy\stage-init-strategy.js
- D:\DevEco Studio\tools\hvigor\hvigor-ohos-plugin\src\plugin\builder\abstract-plugin-builder.js
- D:\DevEco Studio\tools\hvigor\hvigor-ohos-plugin\src\plugin\builder\app-plugin-builder.js
- D:\DevEco Studio\tools\hvigor\hvigor-ohos-plugin\src\plugin\factory\plugin-factory.js
- D:\DevEco Studio\tools\hvigor\hvigor-ohos-plugin\index.js
- D:\harmonyos_code\ljh25307105\hvigorfile.ts
- D:\DevEco Studio\tools\hvigor\hvigor\src\base\internal\lifecycle\configuration.js
- D:\DevEco Studio\tools\hvigor\hvigor\src\base\boot\index.js
- D:\DevEco Studio\tools\hvigor\hvigor\src\base\daemon\cluster\worker-process-lifecycle.js
- D:\DevEco Studio\tools\hvigor\hvigor\src\base\daemon\process\daemon-process-boot-script.js
[2026-04-20T22:44:30.397] [DEBUG] debug-file - Start initialize module-target build option map, moduleName=entry, buildMode=release
[2026-04-20T22:44:30.397] [DEBUG] debug-file - Target 'default' config initialized
[2026-04-20T22:44:30.397] [DEBUG] debug-file - Module 'entry' target 'default' build option initialized
[2026-04-20T22:44:30.397] [DEBUG] debug-file - End initialize module-target build option map, moduleName=entry
[2026-04-20T22:44:30.397] [DEBUG] debug-file - Start initialize module-target build option map, moduleName=entry, buildMode=debug
[2026-04-20T22:44:30.397] [DEBUG] debug-file - Target 'default' config initialized
[2026-04-20T22:44:30.397] [DEBUG] debug-file - Module 'entry' target 'default' build option initialized
[2026-04-20T22:44:30.397] [DEBUG] debug-file - End initialize module-target build option map, moduleName=entry
[2026-04-20T22:44:30.397] [DEBUG] debug-file - Start initialize module-target build option map, moduleName=entry, buildMode=debug
[2026-04-20T22:44:30.397] [DEBUG] debug-file - Target 'default' config initialized
[2026-04-20T22:44:30.397] [DEBUG] debug-file - Module 'entry' target 'default' build option initialized
[2026-04-20T22:44:30.398] [DEBUG] debug-file - End initialize module-target build option map, moduleName=entry
[2026-04-20T22:44:30.398] [DEBUG] debug-file - Obtain build option for module 'entry' target 'default'in this build.
[2026-04-20T22:44:30.400] [DEBUG] debug-file - Module entry task initialization takes 1 ms 
[2026-04-20T22:44:30.400] [DEBUG] debug-file - Hap plugin register hook start...
[2026-04-20T22:44:30.400] [DEBUG] debug-file - Hap plugin register hook end...
[2026-04-20T22:44:30.400] [DEBUG] debug-file - Plugin build process completed
[2026-04-20T22:44:30.400] [DEBUG] debug-file - hvigorfile, resolve finished D:\harmonyos_code\ljh25307105\entry\hvigorfile.ts
[2026-04-20T22:44:30.423] [DEBUG] debug-file - hvigorfile, resolve hvigorfile dependencies in 23 ms 
[2026-04-20T22:44:30.423] [DEBUG] debug-file - project has submodules:entry
[2026-04-20T22:44:30.424] [DEBUG] debug-file - start to load updatedOhPackageInfo to the disk
[2026-04-20T22:44:30.425] [DEBUG] debug-file - load to the disk finished
[2026-04-20T22:44:30.426] [DEBUG] debug-file - Start to initialize dependency information.
[2026-04-20T22:44:30.427] [DEBUG] debug-file - Module ljh25307105 Collected Dependency: 
[2026-04-20T22:44:30.427] [DEBUG] debug-file - Module ljh25307105's total dependency: 0
[2026-04-20T22:44:30.428] [DEBUG] debug-file - Start to initialize dependency information.
[2026-04-20T22:44:30.429] [DEBUG] debug-file - Module entry Collected Dependency: 
[2026-04-20T22:44:30.429] [DEBUG] debug-file - Module entry's total dependency: 0
[2026-04-20T22:44:30.431] [DEBUG] debug-file - Configuration phase cost:103 ms 
[2026-04-20T22:44:30.432] [DEBUG] debug-file - Configuration task cost before running: 117 ms 
[2026-04-20T22:44:30.436] [DEBUG] debug-file - Executing task :entry:default@PreBuild
[2026-04-20T22:44:30.437] [DEBUG] debug-file - Task 'entry:default@PreBuild' cost while wrapping incremental declarations: 1 ms 
[2026-04-20T22:44:30.442] [DEBUG] debug-file - entry:default@PreBuild is not up-to-date, since the task snapshots are different.
[2026-04-20T22:44:30.442] [DEBUG] debug-file - Incremental task entry:default@PreBuild pre-execution cost: 4 ms .
[2026-04-20T22:44:30.446] [DEBUG] debug-file - current product is not Atomic service.
[2026-04-20T22:44:30.446] [DEBUG] debug-file - Use tool [win32: JAVA_HOME, CLASSPATH]
 [ { JAVA_HOME: 'D:\\DevEco Studio\\jbr' }, { CLASSPATH: undefined } ]
[2026-04-20T22:44:30.446] [DEBUG] debug-file - Use tool [win32: NODE_HOME]
 [ { NODE_HOME: 'D:/DevEco Studio/tools/node' } ]
[2026-04-20T22:44:30.447] [DEBUG] debug-file - entry : default@PreBuild cost memory 0.5138473510742188
[2026-04-20T22:44:30.447] [DEBUG] debug-file - runTaskFromQueue task cost before running: 132 ms 
[2026-04-20T22:44:30.448] [INFO] debug-file - Finished :entry:default@PreBuild... after 11 ms 
[2026-04-20T22:44:30.449] [DEBUG] debug-file - Executing task :entry:default@CreateModuleInfo
[2026-04-20T22:44:30.449] [DEBUG] debug-file - Task 'entry:default@CreateModuleInfo' cost while wrapping incremental declarations: 1 ms 
[2026-04-20T22:44:30.449] [DEBUG] debug-file - entry : default@CreateModuleInfo cost memory 0.04137420654296875
[2026-04-20T22:44:30.450] [DEBUG] debug-file - runTaskFromQueue task cost before running: 135 ms 
[2026-04-20T22:44:30.450] [INFO] debug-file - Finished :entry:default@CreateModuleInfo... after 1 ms 
[2026-04-20T22:44:30.450] [DEBUG] debug-file - Executing task :entry:default@GenerateMetadata
[2026-04-20T22:44:30.451] [DEBUG] debug-file - Task 'entry:default@GenerateMetadata' cost while wrapping incremental declarations: 1 ms 
[2026-04-20T22:44:30.452] [DEBUG] debug-file - Incremental task entry:default@GenerateMetadata pre-execution cost: 1 ms .
[2026-04-20T22:44:30.452] [DEBUG] debug-file - entry : default@GenerateMetadata cost memory 0.08419036865234375
[2026-04-20T22:44:30.452] [INFO] debug-file - UP-TO-DATE :entry:default@GenerateMetadata...  
[2026-04-20T22:44:30.452] [DEBUG] debug-file - Executing task :entry:default@ConfigureCmake
[2026-04-20T22:44:30.452] [DEBUG] debug-file - entry : default@ConfigureCmake cost memory 0.0145263671875
[2026-04-20T22:44:30.453] [DEBUG] debug-file - runTaskFromQueue task cost before running: 138 ms 
[2026-04-20T22:44:30.453] [INFO] debug-file - Finished :entry:default@ConfigureCmake... after 1 ms 
[2026-04-20T22:44:30.453] [DEBUG] debug-file - Executing task :entry:default@MergeProfile
[2026-04-20T22:44:30.453] [DEBUG] debug-file - Task 'entry:default@MergeProfile' cost while wrapping incremental declarations: 1 ms 
[2026-04-20T22:44:30.455] [DEBUG] debug-file - Incremental task entry:default@MergeProfile pre-execution cost: 2 ms .
[2026-04-20T22:44:30.455] [DEBUG] debug-file - entry : default@MergeProfile cost memory 0.1289215087890625
[2026-04-20T22:44:30.455] [INFO] debug-file - UP-TO-DATE :entry:default@MergeProfile...  
[2026-04-20T22:44:30.456] [DEBUG] debug-file - Executing task :entry:default@CreateBuildProfile
[2026-04-20T22:44:30.457] [DEBUG] debug-file - Task 'entry:default@CreateBuildProfile' cost while wrapping incremental declarations: 1 ms 
[2026-04-20T22:44:30.457] [DEBUG] debug-file - Incremental task entry:default@CreateBuildProfile pre-execution cost: 1 ms .
[2026-04-20T22:44:30.457] [DEBUG] debug-file - entry : default@CreateBuildProfile cost memory 0.10460662841796875
[2026-04-20T22:44:30.458] [INFO] debug-file - UP-TO-DATE :entry:default@CreateBuildProfile...  
[2026-04-20T22:44:30.458] [DEBUG] debug-file - Executing task :entry:default@PreCheckSyscap
[2026-04-20T22:44:30.458] [DEBUG] debug-file - entry : default@PreCheckSyscap cost memory 0.01474761962890625
[2026-04-20T22:44:30.458] [DEBUG] debug-file - runTaskFromQueue task cost before running: 144 ms 
[2026-04-20T22:44:30.459] [INFO] debug-file - Finished :entry:default@PreCheckSyscap... after 1 ms 
[2026-04-20T22:44:30.459] [DEBUG] debug-file - Executing task :entry:default@GeneratePkgContextInfo
[2026-04-20T22:44:30.462] [DEBUG] debug-file - Task 'entry:default@GeneratePkgContextInfo' cost while wrapping incremental declarations: 1 ms 
[2026-04-20T22:44:30.463] [DEBUG] debug-file - entry : default@GeneratePkgContextInfo cost memory 0.15738677978515625
[2026-04-20T22:44:30.463] [DEBUG] debug-file - runTaskFromQueue task cost before running: 148 ms 
[2026-04-20T22:44:30.463] [INFO] debug-file - Finished :entry:default@GeneratePkgContextInfo... after 4 ms 
[2026-04-20T22:44:30.463] [DEBUG] debug-file - Executing task :entry:default@GeneratePkgSdkInfo
[2026-04-20T22:44:30.464] [DEBUG] debug-file - Task 'entry:default@GeneratePkgSdkInfo' cost while wrapping incremental declarations: 1 ms 
[2026-04-20T22:44:30.465] [DEBUG] debug-file - Incremental task entry:default@GeneratePkgSdkInfo pre-execution cost: 1 ms .
[2026-04-20T22:44:30.465] [DEBUG] debug-file - entry : default@GeneratePkgSdkInfo cost memory 0.13079833984375
[2026-04-20T22:44:30.465] [INFO] debug-file - UP-TO-DATE :entry:default@GeneratePkgSdkInfo...  
[2026-04-20T22:44:30.467] [DEBUG] debug-file - Executing task :entry:default@ProcessIntegratedHsp
[2026-04-20T22:44:30.467] [DEBUG] debug-file - entry:default@ProcessIntegratedHsp is not up-to-date, since the output file 'D:\harmonyos_code\ljh25307105\build\cache\default\integrated_hsp\integratedHspCache.json' does not exist.
[2026-04-20T22:44:30.467] [DEBUG] debug-file - Incremental task entry:default@ProcessIntegratedHsp pre-execution cost: 1 ms .
[2026-04-20T22:44:30.468] [DEBUG] debug-file - entry : default@ProcessIntegratedHsp cost memory 0.05872344970703125
[2026-04-20T22:44:30.468] [DEBUG] debug-file - runTaskFromQueue task cost before running: 153 ms 
[2026-04-20T22:44:30.468] [INFO] debug-file - Finished :entry:default@ProcessIntegratedHsp... after 1 ms 
[2026-04-20T22:44:30.469] [DEBUG] debug-file - Executing task :entry:default@BuildNativeWithCmake
[2026-04-20T22:44:30.469] [DEBUG] debug-file - entry : default@BuildNativeWithCmake cost memory 0.0145263671875
[2026-04-20T22:44:30.469] [DEBUG] debug-file - runTaskFromQueue task cost before running: 154 ms 
[2026-04-20T22:44:30.469] [INFO] debug-file - Finished :entry:default@BuildNativeWithCmake... after 1 ms 
[2026-04-20T22:44:30.470] [DEBUG] debug-file - Executing task :entry:default@MakePackInfo
[2026-04-20T22:44:30.473] [DEBUG] debug-file - Incremental task entry:default@MakePackInfo pre-execution cost: 3 ms .
[2026-04-20T22:44:30.473] [DEBUG] debug-file - entry : default@MakePackInfo cost memory 0.34291839599609375
[2026-04-20T22:44:30.474] [INFO] debug-file - UP-TO-DATE :entry:default@MakePackInfo...  
[2026-04-20T22:44:30.475] [DEBUG] debug-file - Executing task :entry:default@SyscapTransform
[2026-04-20T22:44:30.475] [DEBUG] debug-file - File: 'D:\harmonyos_code\ljh25307105\entry\src\main\syscap.json' from 'sysCapJsonPath' is not exists, just ignore.
[2026-04-20T22:44:30.476] [DEBUG] debug-file - Task 'entry:default@SyscapTransform' cost while wrapping incremental declarations: 1 ms 
[2026-04-20T22:44:30.480] [DEBUG] debug-file - entry:default@SyscapTransform is not up-to-date, since the output file 'D:\harmonyos_code\ljh25307105\entry\build\default\intermediates\syscap\default\rpcid.sc' does not exist.
[2026-04-20T22:44:30.480] [DEBUG] debug-file - Incremental task entry:default@SyscapTransform pre-execution cost: 4 ms .
[2026-04-20T22:44:30.480] [DEBUG] debug-file - entry : default@SyscapTransform cost memory 0.15230560302734375
[2026-04-20T22:44:30.480] [DEBUG] debug-file - runTaskFromQueue task cost before running: 165 ms 
[2026-04-20T22:44:30.481] [INFO] debug-file - Finished :entry:default@SyscapTransform... after 6 ms 
[2026-04-20T22:44:30.482] [DEBUG] debug-file - Executing task :entry:default@ProcessProfile
[2026-04-20T22:44:30.484] [DEBUG] debug-file - Task 'entry:default@ProcessProfile' cost while wrapping incremental declarations: 1 ms 
[2026-04-20T22:44:30.485] [DEBUG] debug-file - Incremental task entry:default@ProcessProfile pre-execution cost: 2 ms .
[2026-04-20T22:44:30.485] [DEBUG] debug-file - entry : default@ProcessProfile cost memory 0.12624359130859375
[2026-04-20T22:44:30.485] [INFO] debug-file - UP-TO-DATE :entry:default@ProcessProfile...  
[2026-04-20T22:44:30.487] [DEBUG] debug-file - Executing task :entry:default@ProcessRouterMap
[2026-04-20T22:44:30.490] [DEBUG] debug-file - Incremental task entry:default@ProcessRouterMap pre-execution cost: 3 ms .
[2026-04-20T22:44:30.490] [DEBUG] debug-file - entry : default@ProcessRouterMap cost memory 0.132904052734375
[2026-04-20T22:44:30.491] [INFO] debug-file - UP-TO-DATE :entry:default@ProcessRouterMap...  
[2026-04-20T22:44:30.492] [DEBUG] debug-file - Executing task :entry:default@ProcessShareConfig
[2026-04-20T22:44:30.494] [DEBUG] debug-file - Incremental task entry:default@ProcessShareConfig pre-execution cost: 2 ms .
[2026-04-20T22:44:30.494] [DEBUG] debug-file - entry : default@ProcessShareConfig cost memory 0.10894775390625
[2026-04-20T22:44:30.494] [INFO] debug-file - UP-TO-DATE :entry:default@ProcessShareConfig...  
[2026-04-20T22:44:30.495] [DEBUG] debug-file - Executing task :entry:default@ProcessStartupConfig
[2026-04-20T22:44:30.495] [DEBUG] debug-file - Task 'entry:default@ProcessStartupConfig' cost while wrapping incremental declarations: 1 ms 
[2026-04-20T22:44:30.495] [DEBUG] debug-file - entry:default@ProcessStartupConfig is not up-to-date, since the output file 'D:\harmonyos_code\ljh25307105\entry\build\default\intermediates\startup\default\startup_config.json' does not exist.
[2026-04-20T22:44:30.495] [DEBUG] debug-file - Incremental task entry:default@ProcessStartupConfig pre-execution cost: 1 ms .
[2026-04-20T22:44:30.496] [DEBUG] debug-file - entry : default@ProcessStartupConfig cost memory 0.091033935546875
[2026-04-20T22:44:30.496] [DEBUG] debug-file - runTaskFromQueue task cost before running: 181 ms 
[2026-04-20T22:44:30.496] [INFO] debug-file - Finished :entry:default@ProcessStartupConfig... after 1 ms 
[2026-04-20T22:44:30.497] [DEBUG] debug-file - Executing task :entry:default@BuildNativeWithNinja
[2026-04-20T22:44:30.497] [DEBUG] debug-file - entry : default@BuildNativeWithNinja cost memory 0.02034759521484375
[2026-04-20T22:44:30.497] [DEBUG] debug-file - runTaskFromQueue task cost before running: 182 ms 
[2026-04-20T22:44:30.497] [INFO] debug-file - Finished :entry:default@BuildNativeWithNinja... after 1 ms 
[2026-04-20T22:44:30.498] [DEBUG] debug-file - restool module names: entry; moduleName=entry, taskName=default@ProcessResource
[2026-04-20T22:44:30.499] [DEBUG] debug-file - Executing task :entry:default@ProcessResource
[2026-04-20T22:44:30.499] [DEBUG] debug-file - Task 'entry:default@ProcessResource' cost while wrapping incremental declarations: 1 ms 
[2026-04-20T22:44:30.501] [DEBUG] debug-file - Incremental task entry:default@ProcessResource pre-execution cost: 2 ms .
[2026-04-20T22:44:30.501] [DEBUG] debug-file - entry : default@ProcessResource cost memory 0.13951873779296875
[2026-04-20T22:44:30.502] [INFO] debug-file - UP-TO-DATE :entry:default@ProcessResource...  
[2026-04-20T22:44:30.504] [DEBUG] debug-file - Executing task :entry:default@GenerateLoaderJson
[2026-04-20T22:44:30.504] [DEBUG] debug-file - Task 'entry:default@GenerateLoaderJson' cost while wrapping incremental declarations: 1 ms 
[2026-04-20T22:44:30.513] [DEBUG] debug-file - Incremental task entry:default@GenerateLoaderJson pre-execution cost: 4 ms .
[2026-04-20T22:44:30.513] [DEBUG] debug-file - entry : default@GenerateLoaderJson cost memory -1.1628036499023438
[2026-04-20T22:44:30.516] [INFO] debug-file - UP-TO-DATE :entry:default@GenerateLoaderJson...  
[2026-04-20T22:44:30.516] [DEBUG] debug-file - Executing task :entry:default@ProcessLibs
[2026-04-20T22:44:30.518] [DEBUG] debug-file - Incremental task entry:default@ProcessLibs pre-execution cost: 1 ms .
[2026-04-20T22:44:30.518] [DEBUG] debug-file - entry : default@ProcessLibs cost memory 0.0986328125
[2026-04-20T22:44:30.518] [INFO] debug-file - UP-TO-DATE :entry:default@ProcessLibs...  
[2026-04-20T22:44:30.519] [DEBUG] debug-file - restool module names: entry; moduleName=entry, taskName=default@CompileResource
[2026-04-20T22:44:30.519] [DEBUG] debug-file - Executing task :entry:default@CompileResource
[2026-04-20T22:44:30.534] [DEBUG] debug-file - Incremental task entry:default@CompileResource pre-execution cost: 15 ms .
[2026-04-20T22:44:30.534] [DEBUG] debug-file - entry : default@CompileResource cost memory 0.9485321044921875
[2026-04-20T22:44:30.536] [INFO] debug-file - UP-TO-DATE :entry:default@CompileResource...  
[2026-04-20T22:44:30.538] [DEBUG] debug-file - Executing task :entry:default@DoNativeStrip
[2026-04-20T22:44:30.538] [DEBUG] debug-file - File: 'D:\harmonyos_code\ljh25307105\entry\build\default\intermediates\binxo\default' from 'doBinxoNativeLibs' is not exists, just ignore.
[2026-04-20T22:44:30.538] [DEBUG] debug-file - Task 'entry:default@DoNativeStrip' cost while wrapping incremental declarations: 1 ms 
[2026-04-20T22:44:30.540] [DEBUG] debug-file - Incremental task entry:default@DoNativeStrip pre-execution cost: 2 ms .
[2026-04-20T22:44:30.541] [DEBUG] debug-file - entry : default@DoNativeStrip cost memory -1.6347808837890625
[2026-04-20T22:44:30.541] [INFO] debug-file - UP-TO-DATE :entry:default@DoNativeStrip...  
[2026-04-20T22:44:30.542] [DEBUG] debug-file - Executing task :entry:default@CompileArkTS
[2026-04-20T22:44:30.542] [DEBUG] debug-file - obfuscationOptions: undefined
[2026-04-20T22:44:30.543] [DEBUG] debug-file - Task 'entry:default@CompileArkTS' cost while wrapping incremental declarations: 1 ms 
[2026-04-20T22:44:30.548] [DEBUG] debug-file - entry:default@CompileArkTS is not up-to-date, since the input file 'D:\harmonyos_code\ljh25307105\entry\src\main\ets' has been changed.
[2026-04-20T22:44:30.548] [DEBUG] debug-file - Incremental task entry:default@CompileArkTS pre-execution cost: 5 ms .
[2026-04-20T22:44:30.559] [DEBUG] debug-file - build config:
[2026-04-20T22:44:30.560] [DEBUG] debug-file - {
  moduleType: 'entry',
  perf: 0,
  targetName: '.default',
  packageManagerType: 'ohpm',
  localPropertiesPath: 'D:\\harmonyos_code\\ljh25307105\\local.properties',
  isPreview: false,
  isOhosTest: false,
  isLocalTest: false,
  buildMode: 'Debug',
  hotReloadBuild: undefined,
  watchMode: 'false',
  aceProfilePath: 'D:\\harmonyos_code\\ljh25307105\\entry\\build\\default\\intermediates\\res\\default\\resources\\base\\profile',
  etsLoaderPath: 'D:\\DevEco Studio\\sdk\\default\\openharmony\\ets\\build-tools\\ets-loader',
  modulePath: 'D:\\harmonyos_code\\ljh25307105\\entry',
  testFrameworkPar: {
    testMode: undefined,
    coveragePathFilter: undefined,
    coverageMode: undefined
  },
  needCoverageInsert: false,
  debugLine: false,
  projectTopDir: 'D:\\harmonyos_code\\ljh25307105',
  compileSdkVersion: 23,
  compatibleSdkVersion: 17,
  originCompatibleSdkVersion: '5.0.5(17)',
  compatibleSdkVersionStage: undefined,
  bundleName: 'c***t',
  etsLoaderVersion: '6.1.0.105',
  etsLoaderReleaseType: 'Release',
  aotCompileMode: 'type',
  apPath: 'D:\\harmonyos_code\\ljh25307105\\entry\\modules.ap',
  entryModuleName: 'entry',
  entryModuleVersion: '1.0.0',
  entryPackageName: 'entry',
  allModuleNameHash: '0019564ec147b3f85683354dda26a089a339380e39ebac837016312bfe63a515',
  externalApiPaths: [ 'D:\\DevEco Studio\\sdk\\default\\hms\\ets' ],
  compilerTypes: [],
  isCrossplatform: false,
  hvigorPluginFile: undefined,
  compilePluginPath: undefined,
  buildGeneratedProfilePath: 'D:\\harmonyos_code\\ljh25307105\\entry\\build\\default\\generated\\profile\\default',
  bundleType: 'app',
  arkTSVersion: undefined,
  apiVersion: 23,
  needCompleteSourcesMap: false,
  isFaMode: false,
  buildDir: 'D:\\harmonyos_code\\ljh25307105\\entry\\build',
  deviceTypes: [ 'phone' ],
  pkgContextInfo: undefined,
  ohPackagePathMap: {},
  dependencyAliasMap: {},
  permission: { requestPermissions: undefined, definePermissions: undefined },
  useGetCurrentBundleName: false,
  projectArkOption: undefined,
  sourceMapDir: undefined,
  branchElimination: false,
  transformLib: undefined,
  tsImportSendable: false,
  resolveConflictMode: true,
  depName2RootPath: {},
  depName2DepInfo: {},
  depName2OhExports: {},
  rootPathSet: [ 'D:\\harmonyos_code\\ljh25307105' ],
  useNativeResolver: true,
  shouldEmitJs: true,
  useTscResolve: false,
  singleFileEmit: false,
  userProjectConfig: {
    autoLazyImport: false,
    allowEmptyBundleName: false,
    reExportCheckMode: 'noCheck',
    executionMode: 'memory',
    usePathPlaceholder: false,
    writeRollupCache: true,
    isExpandImportEnabled: false,
    expandImportExclude: '',
    lazyImportExclude: '',
    lazyImportInclude: '',
    ignoreCrossplatformCheck: false,
    isHarDeduplicateEnabled: false,
    skipOhModulesLint: false,
    enableStrictCheckOHModule: false,
    disableSendableCheckRules: [],
    useDeclarationFileSignature: false,
    customizedOptions: undefined,
    integratedHsp: false,
    isPreloadSoEnabled: false
  },
  executionMode: 'memory',
  arkCompileCachePath: 'D:\\harmonyos_code\\ljh25307105\\entry\\build\\default\\cache\\default\\default@CompileArkTS\\esmodule',
  autoLazyFilter: undefined,
  isHarDeduplicateEnabled: false,
  intermediateHarDuplicateDirPath: 'D:\\harmonyos_code\\ljh25307105\\entry\\build\\default\\intermediates\\har_duplicate\\default',
  autoLazyImport: false,
  allowEmptyBundleName: false,
  reExportCheckMode: 'noCheck',
  usePathPlaceholder: false,
  writeRollupCache: true,
  isExpandImportEnabled: false,
  expandImportExclude: '',
  lazyImportExclude: '',
  lazyImportInclude: '',
  ignoreCrossplatformCheck: false,
  skipOhModulesLint: false,
  enableStrictCheckOHModule: false,
  disableSendableCheckRules: [],
  useDeclarationFileSignature: false,
  customizedOptions: undefined,
  integratedHsp: false,
  isPreloadSoEnabled: false,
  strictMode: undefined,
  useNormalizedOHMUrl: false,
  caseSensitiveCheck: false,
  aceModuleJsonPath: 'D:\\harmonyos_code\\ljh25307105\\entry\\build\\default\\intermediates\\res\\default\\ark_module.json',
  appResource: 'D:\\harmonyos_code\\ljh25307105\\entry\\build\\default\\intermediates\\res\\default\\ResourceTable.txt',
  rawFileResource: 'D:\\harmonyos_code\\ljh25307105\\entry\\build\\default\\intermediates\\res\\default\\resources\\rawfile',
  resourceTableHash: 'd481ae20e410bc66026a4d886b5af27f05f5b1a0de0da20153d7f02963b0d2d2',
  runtimeOS: 'HarmonyOS',
  sdkInfo: 'false:23:6.1.0.105:Release',
  aceModuleRoot: 'D:\\harmonyos_code\\ljh25307105\\entry\\src\\main\\ets',
  compileMode: 'esmodule',
  aceSuperVisualPath: 'D:\\harmonyos_code\\ljh25307105\\entry\\src\\main\\supervisual',
  aceBuildJson: 'D:\\harmonyos_code\\ljh25307105\\entry\\build\\default\\intermediates\\loader\\default\\loader.json',
  cachePath: 'D:\\harmonyos_code\\ljh25307105\\entry\\build\\default\\cache\\default\\default@CompileArkTS\\esmodule\\debug',
  aceModuleBuild: 'D:\\harmonyos_code\\ljh25307105\\entry\\build\\default\\intermediates\\loader_out\\default\\ets',
  supportChunks: true,
  declaredFilesPath: undefined,
  shouldCollectDirectImportees: false,
  isByteCodeHarOptimize: false,
  expandImportPath: undefined,
  resourceTableTs: 'D:\\harmonyos_code\\ljh25307105\\entry\\build\\default\\generated\\r\\default\\ResourceTable.ts',
  moduleMetaInfoFiles: [
    {
      filePath: 'D:\\harmonyos_code\\ljh25307105\\entry\\build\\default\\generated\\r\\default\\ResourceTable.ts',
      ohmurl: 'com.example.canvascomponent/entry/build/generated/r/ResourceTable'
    }
  ],
  pkgNameToPkgBriefInfo: {
    entry: {
      pkgRoot: 'D:\\harmonyos_code\\ljh25307105\\entry',
      originalSourceRoots: undefined,
      sourceRoots: [Array],
      pkgName: 'entry'
    }
  },
  projectModel: {
    'D:\\harmonyos_code\\ljh25307105\\entry\\src\\main': {
      moduleName: 'entry',
      modulePkgPath: 'D:\\harmonyos_code\\ljh25307105\\entry',
      belongProjectPath: 'D:\\harmonyos_code\\ljh25307105'
    },
    'D:\\harmonyos_code\\ljh25307105\\entry': {
      moduleName: 'entry',
      modulePkgPath: 'D:\\harmonyos_code\\ljh25307105\\entry',
      belongProjectPath: 'D:\\harmonyos_code\\ljh25307105'
    },
    'D:\\harmonyos_code\\ljh25307105': {
      moduleName: 'ljh25307105',
      modulePkgPath: 'D:\\harmonyos_code\\ljh25307105',
      belongProjectPath: 'D:\\harmonyos_code\\ljh25307105'
    }
  },
  pkgJsonFileHash: '2afff4febdc36911eef91f56078f85eadae932cafc4985f481ba3dd356730d69',
  allModulePaths: [ 'D:\\harmonyos_code\\ljh25307105\\entry' ],
  routerMap: {},
  obfuscationOptions: undefined,
  byteCodeHarToDependencyKeys: undefined,
  compileBlockPkg: [],
  mockParams: {
    decorator: '@MockSetup',
    packageName: '@ohos/hamock',
    etsSourceRootPath: 'src/main/ets',
    mockConfigPath: undefined,
    mockConfigKey2ModuleInfo: {},
    source2ModuleIdMap: {}
  },
  copyCodeResourceEnable: true,
  copyCodeResourceExcludes: [],
  copyCodeResourceIncludes: undefined,
  uiTransformOptimization: false,
  sdkPath: 'D:/DevEco Studio/sdk',
  needPreloadSoFileSet: {},
  preloadSoFilePath: 'D:\\harmonyos_code\\ljh25307105\\entry\\build\\default\\intermediates\\preload\\default\\preload.json',
  useSourceHash: false,
  localModuleParamMap: {},
  otherPaths: {
    'entry/*': [
      '..\\*',
      '..\\..\\..\\build\\default\\generated\\profile\\default\\*'
    ]
  },
  collectImportersConfig: undefined
}
[2026-04-20T22:44:30.560] [DEBUG] debug-file - Compile arkts with external api path: D:\DevEco Studio\sdk\default\hms\ets
[2026-04-20T22:44:30.561] [DEBUG] debug-file - default@CompileArkTS work[7] is submitted.
[2026-04-20T22:44:30.562] [DEBUG] debug-file - default@CompileArkTS work[7] is pushed to ready queue.
[2026-04-20T22:44:30.562] [DEBUG] debug-file - A work dispatched to worker[31] failed because unable to get work from ready queue.
[2026-04-20T22:44:30.562] [DEBUG] debug-file - A work dispatched to worker[30] failed because unable to get work from ready queue.
[2026-04-20T22:44:30.562] [DEBUG] debug-file - A work dispatched to worker[29] failed because unable to get work from ready queue.
[2026-04-20T22:44:30.562] [DEBUG] debug-file - A work dispatched to worker[28] failed because unable to get work from ready queue.
[2026-04-20T22:44:30.562] [DEBUG] debug-file - A work dispatched to worker[27] failed because unable to get work from ready queue.
[2026-04-20T22:44:30.562] [DEBUG] debug-file - A work dispatched to worker[26] failed because unable to get work from ready queue.
[2026-04-20T22:44:30.562] [DEBUG] debug-file - A work dispatched to worker[25] failed because unable to get work from ready queue.
[2026-04-20T22:44:30.562] [DEBUG] debug-file - A work dispatched to worker[24] failed because unable to get work from ready queue.
[2026-04-20T22:44:30.562] [DEBUG] debug-file - A work dispatched to worker[23] failed because unable to get work from ready queue.
[2026-04-20T22:44:30.562] [DEBUG] debug-file - A work dispatched to worker[22] failed because unable to get work from ready queue.
[2026-04-20T22:44:30.562] [DEBUG] debug-file - A work dispatched to worker[21] failed because unable to get work from ready queue.
[2026-04-20T22:44:30.562] [DEBUG] debug-file - A work dispatched to worker[20] failed because unable to get work from ready queue.
[2026-04-20T22:44:30.562] [DEBUG] debug-file - A work dispatched to worker[19] failed because unable to get work from ready queue.
[2026-04-20T22:44:30.562] [DEBUG] debug-file - A work dispatched to worker[18] failed because unable to get work from ready queue.
[2026-04-20T22:44:30.562] [DEBUG] debug-file - A work dispatched to worker[17] failed because unable to get work from ready queue.
[2026-04-20T22:44:30.563] [DEBUG] debug-file - A work dispatched to worker[16] failed because unable to get work from ready queue.
[2026-04-20T22:44:30.563] [DEBUG] debug-file - A work dispatched to worker[15] failed because unable to get work from ready queue.
[2026-04-20T22:44:30.563] [DEBUG] debug-file - A work dispatched to worker[14] failed because unable to get work from ready queue.
[2026-04-20T22:44:30.563] [DEBUG] debug-file - A work dispatched to worker[13] failed because unable to get work from ready queue.
[2026-04-20T22:44:30.563] [DEBUG] debug-file - A work dispatched to worker[12] failed because unable to get work from ready queue.
[2026-04-20T22:44:30.563] [DEBUG] debug-file - A work dispatched to worker[11] failed because unable to get work from ready queue.
[2026-04-20T22:44:30.563] [DEBUG] debug-file - A work dispatched to worker[10] failed because unable to get work from ready queue.
[2026-04-20T22:44:30.563] [DEBUG] debug-file - A work dispatched to worker[9] failed because unable to get work from ready queue.
[2026-04-20T22:44:30.563] [DEBUG] debug-file - A work dispatched to worker[8] failed because unable to get work from ready queue.
[2026-04-20T22:44:30.563] [DEBUG] debug-file - A work dispatched to worker[7] failed because unable to get work from ready queue.
[2026-04-20T22:44:30.563] [DEBUG] debug-file - A work dispatched to worker[6] failed because unable to get work from ready queue.
[2026-04-20T22:44:30.563] [DEBUG] debug-file - A work dispatched to worker[5] failed because unable to get work from ready queue.
[2026-04-20T22:44:30.563] [DEBUG] debug-file - default@CompileArkTS work[7] has been dispatched to worker[4].
[2026-04-20T22:44:30.563] [DEBUG] debug-file - default@CompileArkTS work[7] is dispatched.
[2026-04-20T22:44:30.564] [DEBUG] debug-file - CopyResources startTime: 30731679202700
[2026-04-20T22:44:30.564] [DEBUG] debug-file - default@CompileArkTS work[8] is submitted.
[2026-04-20T22:44:30.564] [DEBUG] debug-file - default@CompileArkTS work[8] is pushed to ready queue.
[2026-04-20T22:44:30.564] [DEBUG] debug-file - A work dispatched to worker[31] failed because unable to get work from ready queue.
[2026-04-20T22:44:30.564] [DEBUG] debug-file - Create  resident worker with id: 30.
[2026-04-20T22:44:30.567] [DEBUG] debug-file - default@CompileArkTS work[8] has been dispatched to worker[30].
[2026-04-20T22:44:30.567] [DEBUG] debug-file - default@CompileArkTS work[8] is dispatched.
[2026-04-20T22:44:30.567] [DEBUG] debug-file - entry : default@CompileArkTS cost memory 1.5575790405273438
[2026-04-20T22:44:30.569] [DEBUG] debug-file - Executing task :entry:default@BuildJS
[2026-04-20T22:44:30.569] [DEBUG] debug-file - Task 'entry:default@BuildJS' cost while wrapping incremental declarations: 1 ms 
[2026-04-20T22:44:30.572] [DEBUG] debug-file - entry : default@BuildJS cost memory -1.5829315185546875
[2026-04-20T22:44:30.572] [DEBUG] debug-file - runTaskFromQueue task cost before running: 257 ms 
[2026-04-20T22:44:30.573] [INFO] debug-file - Finished :entry:default@BuildJS... after 4 ms 
[2026-04-20T22:44:30.574] [DEBUG] debug-file - Executing task :entry:default@CacheNativeLibs
[2026-04-20T22:44:30.574] [DEBUG] debug-file - File: 'D:\harmonyos_code\ljh25307105\entry\build\default\intermediates\binxo\default' from 'cacheBinxoNativeLibs' is not exists, just ignore.
[2026-04-20T22:44:30.575] [DEBUG] debug-file - Task 'entry:default@CacheNativeLibs' cost while wrapping incremental declarations: 1 ms 
[2026-04-20T22:44:30.576] [DEBUG] debug-file - Incremental task entry:default@CacheNativeLibs pre-execution cost: 2 ms .
[2026-04-20T22:44:30.576] [DEBUG] debug-file - entry : default@CacheNativeLibs cost memory 0.12050628662109375
[2026-04-20T22:44:30.576] [INFO] debug-file - UP-TO-DATE :entry:default@CacheNativeLibs...  
[2026-04-20T22:44:31.552] [DEBUG] debug-file - worker[30] has one work done.
[2026-04-20T22:44:31.553] [DEBUG] debug-file - CopyResources is end, endTime: 30732668161500
[2026-04-20T22:44:31.553] [DEBUG] debug-file - default@CompileArkTS work[8] done.
[2026-04-20T22:44:31.553] [DEBUG] debug-file - A work dispatched to worker[30] failed because unable to get work from ready queue.
[2026-04-20T22:44:31.578] [DEBUG] debug-file - Ark compile task finished.finished time is 30732694140900
[2026-04-20T22:44:31.579] [DEBUG] debug-file - worker[4] has one work done.
[2026-04-20T22:44:31.579] [DEBUG] debug-file - default@CompileArkTS work[7] done.
[2026-04-20T22:44:31.579] [DEBUG] debug-file - A work dispatched to worker[4] failed because unable to get work from ready queue.
[2026-04-20T22:44:31.581] [INFO] debug-file - Finished :entry:default@CompileArkTS... after 1 s 37 ms 
[2026-04-20T22:44:31.581] [DEBUG] debug-file - Executing task :entry:default@GeneratePkgModuleJson
[2026-04-20T22:44:31.582] [DEBUG] debug-file - File: 'D:\harmonyos_code\ljh25307105\entry\build\default\intermediates\preload\default\preload.json' from 'preloadSoJsonPath' is not exists, just ignore.
[2026-04-20T22:44:31.582] [DEBUG] debug-file - Error occurs while handling @Input 'shouldDeduplicateHar': The "data" argument must be of type string or an instance of Buffer, TypedArray, or DataView. Received undefined
[2026-04-20T22:44:31.582] [DEBUG] debug-file - Task 'entry:default@GeneratePkgModuleJson' cost while wrapping incremental declarations: 1 ms 
[2026-04-20T22:44:31.583] [DEBUG] debug-file - Incremental task entry:default@GeneratePkgModuleJson pre-execution cost: 1 ms .
[2026-04-20T22:44:31.583] [DEBUG] debug-file - entry : default@GeneratePkgModuleJson cost memory 0.10041046142578125
[2026-04-20T22:44:31.583] [INFO] debug-file - UP-TO-DATE :entry:default@GeneratePkgModuleJson...  
[2026-04-20T22:44:31.584] [DEBUG] debug-file - Executing task :entry:default@ProcessCompiledResources
[2026-04-20T22:44:31.584] [DEBUG] debug-file - File: 'D:\harmonyos_code\ljh25307105\entry\build\default\intermediates\preload\default\preload.json' from 'preloadSoJsonPath' is not exists, just ignore.
[2026-04-20T22:44:31.584] [DEBUG] debug-file - Task 'entry:default@ProcessCompiledResources' cost while wrapping incremental declarations: 1 ms 
[2026-04-20T22:44:31.585] [DEBUG] debug-file - entry : default@ProcessCompiledResources cost memory 0.0573883056640625
[2026-04-20T22:44:31.585] [DEBUG] debug-file - runTaskFromQueue task cost before running: 1 s 270 ms 
[2026-04-20T22:44:31.585] [INFO] debug-file - Finished :entry:default@ProcessCompiledResources... after 1 ms 
[2026-04-20T22:44:31.587] [DEBUG] debug-file - Executing task :entry:default@PackageHap
[2026-04-20T22:44:31.598] [DEBUG] debug-file - entry:default@PackageHap is not up-to-date, since the input file 'D:\harmonyos_code\ljh25307105\entry\build\default\intermediates\loader_out\default\ets' has been changed.
[2026-04-20T22:44:31.598] [DEBUG] debug-file - Incremental task entry:default@PackageHap pre-execution cost: 10 ms .
[2026-04-20T22:44:31.600] [DEBUG] debug-file - Use tool [D:\DevEco Studio\sdk\default\openharmony\toolchains\lib\app_packing_tool.jar]
 [
  'java',
  '-Dfile.encoding=GBK',
  '-jar',
  'D:\\DevEco Studio\\sdk\\default\\openharmony\\toolchains\\lib\\app_packing_tool.jar',
  '--mode',
  'hap',
  '--force',
  'true',
  '--lib-path',
  'D:\\harmonyos_code\\ljh25307105\\entry\\build\\default\\intermediates\\stripped_native_libs\\default',
  '--json-path',
  'D:\\harmonyos_code\\ljh25307105\\entry\\build\\default\\intermediates\\package\\default\\module.json',
  '--resources-path',
  'D:\\harmonyos_code\\ljh25307105\\entry\\build\\default\\intermediates\\res\\default\\resources',
  '--index-path',
  'D:\\harmonyos_code\\ljh25307105\\entry\\build\\default\\intermediates\\res\\default\\resources.index',
  '--pack-info-path',
  'D:\\harmonyos_code\\ljh25307105\\entry\\build\\default\\outputs\\default\\pack.info',
  '--out-path',
  'D:\\harmonyos_code\\ljh25307105\\entry\\build\\default\\outputs\\default\\entry-default-unsigned.hap',
  '--ets-path',
  'D:\\harmonyos_code\\ljh25307105\\entry\\build\\default\\intermediates\\loader_out\\default\\ets',
  '--pkg-sdk-info-path',
  'D:\\harmonyos_code\\ljh25307105\\entry\\build\\default\\intermediates\\loader\\default\\pkgSdkInfo.json'
]
[2026-04-20T22:44:31.600] [DEBUG] debug-file - default@PackageHap work[9] is submitted.
[2026-04-20T22:44:31.601] [DEBUG] debug-file - default@PackageHap work[9] is pushed to ready queue.
[2026-04-20T22:44:31.601] [DEBUG] debug-file - A work dispatched to worker[31] failed because unable to get work from ready queue.
[2026-04-20T22:44:31.601] [DEBUG] debug-file - default@PackageHap work[9] has been dispatched to worker[30].
[2026-04-20T22:44:31.601] [DEBUG] debug-file - default@PackageHap work[9] is dispatched.
[2026-04-20T22:44:31.605] [DEBUG] debug-file - entry : default@PackageHap cost memory -1.01348876953125
[2026-04-20T22:44:31.840] [DEBUG] debug-file - current process  memoryUsage: {
  rss: 409333760,
  heapTotal: 81035264,
  heapUsed: 51930232,
  external: 2365469,
  arrayBuffers: 123792
} os memoryUsage :13.941905975341797
[2026-04-20T22:44:32.216] [DEBUG] debug-file - worker[30] has one work done.
[2026-04-20T22:44:32.217] [DEBUG] debug-file - default@PackageHap work[9] done.
[2026-04-20T22:44:32.217] [DEBUG] debug-file - A work dispatched to worker[30] failed because unable to get work from ready queue.
[2026-04-20T22:44:32.219] [INFO] debug-file - Finished :entry:default@PackageHap... after 396 ms 
[2026-04-20T22:44:32.220] [DEBUG] debug-file - Executing task :entry:default@PackingCheck
[2026-04-20T22:44:32.225] [DEBUG] debug-file - entry : default@PackingCheck cost memory 0.487396240234375
[2026-04-20T22:44:32.225] [DEBUG] debug-file - runTaskFromQueue task cost before running: 1 s 910 ms 
[2026-04-20T22:44:32.225] [INFO] debug-file - Finished :entry:default@PackingCheck... after 5 ms 
[2026-04-20T22:44:32.226] [DEBUG] debug-file - Executing task :entry:default@SignHap
[2026-04-20T22:44:32.226] [WARN] debug-file - Will skip sign 'hos_hap'. No signingConfigs profile is configured in current project.
             If needed, configure the signingConfigs in D:\harmonyos_code\ljh25307105\build-profile.json5.
[2026-04-20T22:44:32.227] [DEBUG] debug-file - entry:default@SignHap is not up-to-date, since the input file 'D:\harmonyos_code\ljh25307105\entry\build\default\outputs\default\entry-default-unsigned.hap' has been changed.
[2026-04-20T22:44:32.227] [DEBUG] debug-file - Incremental task entry:default@SignHap pre-execution cost: 1 ms .
[2026-04-20T22:44:32.227] [DEBUG] debug-file - entry : default@SignHap cost memory 0.09102630615234375
[2026-04-20T22:44:32.227] [DEBUG] debug-file - runTaskFromQueue task cost before running: 1 s 912 ms 
[2026-04-20T22:44:32.227] [INFO] debug-file - Finished :entry:default@SignHap... after 2 ms 
[2026-04-20T22:44:32.229] [DEBUG] debug-file - Executing task :entry:default@CollectDebugSymbol
[2026-04-20T22:44:32.231] [DEBUG] debug-file - entry : default@CollectDebugSymbol cost memory 0.09296417236328125
[2026-04-20T22:44:32.231] [DEBUG] debug-file - runTaskFromQueue task cost before running: 1 s 916 ms 
[2026-04-20T22:44:32.231] [INFO] debug-file - Finished :entry:default@CollectDebugSymbol... after 2 ms 
[2026-04-20T22:44:32.231] [DEBUG] debug-file - Executing task :entry:assembleHap
[2026-04-20T22:44:32.231] [DEBUG] debug-file - entry : assembleHap cost memory 0.012725830078125
[2026-04-20T22:44:32.231] [DEBUG] debug-file - runTaskFromQueue task cost before running: 1 s 917 ms 
[2026-04-20T22:44:32.232] [INFO] debug-file - Finished :entry:assembleHap... after 1 ms 
[2026-04-20T22:44:32.249] [INFO] debug-file - BUILD SUCCESSFUL in 1 s 934 ms 
[2026-04-20T22:44:32.251] [DEBUG] debug-file - Update task entry:default@PreBuild input file:D:\harmonyos_code\ljh25307105\AppScope\app.json5 cache by regenerate.
[2026-04-20T22:44:32.251] [DEBUG] debug-file - Update task entry:default@PreBuild input file:D:\harmonyos_code\ljh25307105\entry\src\main\module.json5 cache by regenerate.
[2026-04-20T22:44:32.252] [DEBUG] debug-file - Update task entry:default@PreBuild input file:D:\harmonyos_code\ljh25307105\build-profile.json5 cache by regenerate.
[2026-04-20T22:44:32.252] [DEBUG] debug-file - Update task entry:default@PreBuild input file:D:\harmonyos_code\ljh25307105\entry\build-profile.json5 cache by regenerate.
[2026-04-20T22:44:32.252] [DEBUG] debug-file - Update task entry:default@PreBuild input file:D:\harmonyos_code\ljh25307105\entry\src\main\resources\base\profile\main_pages.json cache by regenerate.
[2026-04-20T22:44:32.253] [DEBUG] debug-file - Update task entry:default@PreBuild input file:D:\harmonyos_code\ljh25307105\hvigor\hvigor-config.json5 cache by regenerate.
[2026-04-20T22:44:32.253] [DEBUG] debug-file - Update task entry:default@PreBuild input file:D:\harmonyos_code\ljh25307105\entry\oh-package.json5 cache by regenerate.
[2026-04-20T22:44:32.253] [DEBUG] debug-file - Update task entry:default@PreBuild input file:D:\harmonyos_code\ljh25307105\oh-package.json5 cache by regenerate.
[2026-04-20T22:44:32.254] [DEBUG] debug-file - Incremental task entry:default@PreBuild post-execution cost:5 ms .
[2026-04-20T22:44:32.254] [DEBUG] debug-file - Update task entry:default@CreateModuleInfo output file:D:\harmonyos_code\ljh25307105\entry\build\default\generated\profile\default\ModuleInfo.ts cache.
[2026-04-20T22:44:32.254] [DEBUG] debug-file - Incremental task entry:default@CreateModuleInfo post-execution cost:1 ms .
[2026-04-20T22:44:32.254] [DEBUG] debug-file - There is no need to refresh cache, since the incremental task entry:default@GenerateMetadata is up-to-date.
[2026-04-20T22:44:32.254] [DEBUG] debug-file - There is no need to refresh cache, since the incremental task entry:default@MergeProfile is up-to-date.
[2026-04-20T22:44:32.254] [DEBUG] debug-file - There is no need to refresh cache, since the incremental task entry:default@CreateBuildProfile is up-to-date.
[2026-04-20T22:44:32.254] [DEBUG] debug-file - Update task entry:default@GeneratePkgContextInfo output file:D:\harmonyos_code\ljh25307105\entry\build\default\intermediates\loader\default\pkgContextInfo.json cache.
[2026-04-20T22:44:32.254] [DEBUG] debug-file - Incremental task entry:default@GeneratePkgContextInfo post-execution cost:1 ms .
[2026-04-20T22:44:32.254] [DEBUG] debug-file - There is no need to refresh cache, since the incremental task entry:default@GeneratePkgSdkInfo is up-to-date.
[2026-04-20T22:44:32.254] [DEBUG] debug-file - Update task entry:default@ProcessIntegratedHsp output file:D:\harmonyos_code\ljh25307105\build\cache\default\integrated_hsp\integratedHspCache.json cache.
[2026-04-20T22:44:32.254] [DEBUG] debug-file - Incremental task entry:default@ProcessIntegratedHsp post-execution cost:1 ms .
[2026-04-20T22:44:32.254] [DEBUG] debug-file - There is no need to refresh cache, since the incremental task entry:default@MakePackInfo is up-to-date.
[2026-04-20T22:44:32.254] [DEBUG] debug-file - Update task entry:default@SyscapTransform input file:D:\DevEco Studio\sdk\default\openharmony\toolchains\syscap_tool.exe cache by regenerate.
[2026-04-20T22:44:32.255] [DEBUG] debug-file - Update task entry:default@SyscapTransform input file:D:\DevEco Studio\sdk\default\openharmony\ets\api\device-define cache by regenerate.
[2026-04-20T22:44:32.255] [DEBUG] debug-file - Update task entry:default@SyscapTransform output file:D:\harmonyos_code\ljh25307105\entry\build\default\intermediates\syscap\default\rpcid.sc cache.
[2026-04-20T22:44:32.256] [DEBUG] debug-file - Incremental task entry:default@SyscapTransform post-execution cost:2 ms .
[2026-04-20T22:44:32.256] [DEBUG] debug-file - There is no need to refresh cache, since the incremental task entry:default@ProcessProfile is up-to-date.
[2026-04-20T22:44:32.256] [DEBUG] debug-file - There is no need to refresh cache, since the incremental task entry:default@ProcessRouterMap is up-to-date.
[2026-04-20T22:44:32.256] [DEBUG] debug-file - There is no need to refresh cache, since the incremental task entry:default@ProcessShareConfig is up-to-date.
[2026-04-20T22:44:32.256] [DEBUG] debug-file - Update task entry:default@ProcessStartupConfig output file:D:\harmonyos_code\ljh25307105\entry\build\default\intermediates\startup\default\startup_config.json cache.
[2026-04-20T22:44:32.256] [DEBUG] debug-file - Incremental task entry:default@ProcessStartupConfig post-execution cost:1 ms .
[2026-04-20T22:44:32.256] [DEBUG] debug-file - There is no need to refresh cache, since the incremental task entry:default@ProcessResource is up-to-date.
[2026-04-20T22:44:32.256] [DEBUG] debug-file - There is no need to refresh cache, since the incremental task entry:default@GenerateLoaderJson is up-to-date.
[2026-04-20T22:44:32.256] [DEBUG] debug-file - There is no need to refresh cache, since the incremental task entry:default@ProcessLibs is up-to-date.
[2026-04-20T22:44:32.256] [DEBUG] debug-file - There is no need to refresh cache, since the incremental task entry:default@CompileResource is up-to-date.
[2026-04-20T22:44:32.256] [DEBUG] debug-file - There is no need to refresh cache, since the incremental task entry:default@DoNativeStrip is up-to-date.
[2026-04-20T22:44:32.257] [DEBUG] debug-file - Update task entry:default@CompileArkTS input file:D:\harmonyos_code\ljh25307105\entry\build\default\intermediates\loader\default cache by regenerate.
[2026-04-20T22:44:32.258] [DEBUG] debug-file - Update task entry:default@CompileArkTS input file:D:\harmonyos_code\ljh25307105\entry\build\default\intermediates\res\default\ResourceTable.txt cache by regenerate.
[2026-04-20T22:44:32.259] [DEBUG] debug-file - Update task entry:default@CompileArkTS input file:D:\harmonyos_code\ljh25307105\entry\build\default\intermediates\res\default\ark_module.json cache by regenerate.
[2026-04-20T22:44:32.259] [DEBUG] debug-file - Update task entry:default@CompileArkTS input file:D:\harmonyos_code\ljh25307105\entry\build\default\intermediates\res\default\resources\base\profile cache by regenerate.
[2026-04-20T22:44:32.260] [DEBUG] debug-file - Update task entry:default@CompileArkTS input file:D:\harmonyos_code\ljh25307105\entry\src\main\ets cache from map.
[2026-04-20T22:44:32.260] [DEBUG] debug-file - Update task entry:default@CompileArkTS input file:D:\harmonyos_code\ljh25307105\entry\build\default\generated\profile\default\BuildProfile.ets cache by regenerate.
[2026-04-20T22:44:32.260] [DEBUG] debug-file - Update task entry:default@CompileArkTS output file:D:\harmonyos_code\ljh25307105\entry\build\default\intermediates\loader_out\default\ets cache.
[2026-04-20T22:44:32.262] [DEBUG] debug-file - Incremental task entry:default@CompileArkTS post-execution cost:6 ms .
[2026-04-20T22:44:32.263] [DEBUG] debug-file - Update task entry:default@BuildJS input file:D:\harmonyos_code\ljh25307105\entry\build\default\intermediates\loader\default cache by regenerate.
[2026-04-20T22:44:32.263] [DEBUG] debug-file - Update task entry:default@BuildJS input file:D:\harmonyos_code\ljh25307105\entry\build\default\intermediates\res\default\ResourceTable.txt cache by regenerate.
[2026-04-20T22:44:32.264] [DEBUG] debug-file - Update task entry:default@BuildJS input file:D:\harmonyos_code\ljh25307105\entry\build\default\intermediates\res\default\ark_module.json cache by regenerate.
[2026-04-20T22:44:32.264] [DEBUG] debug-file - Update task entry:default@BuildJS input file:D:\harmonyos_code\ljh25307105\entry\build\default\intermediates\res\default\resources\base\profile cache by regenerate.
[2026-04-20T22:44:32.265] [DEBUG] debug-file - Update task entry:default@BuildJS output file:D:\harmonyos_code\ljh25307105\entry\build\default\intermediates\loader_out\default\js cache.
[2026-04-20T22:44:32.265] [DEBUG] debug-file - Incremental task entry:default@BuildJS post-execution cost:3 ms .
[2026-04-20T22:44:32.265] [DEBUG] debug-file - There is no need to refresh cache, since the incremental task entry:default@CacheNativeLibs is up-to-date.
[2026-04-20T22:44:32.265] [DEBUG] debug-file - There is no need to refresh cache, since the incremental task entry:default@GeneratePkgModuleJson is up-to-date.
[2026-04-20T22:44:32.265] [DEBUG] debug-file - Incremental task entry:default@ProcessCompiledResources post-execution cost:1 ms .
[2026-04-20T22:44:32.266] [DEBUG] debug-file - Update task entry:default@PackageHap input file:D:\harmonyos_code\ljh25307105\entry\build\default\intermediates\stripped_native_libs\default cache by regenerate.
[2026-04-20T22:44:32.266] [DEBUG] debug-file - Update task entry:default@PackageHap input file:D:\harmonyos_code\ljh25307105\entry\build\default\intermediates\res\default\module.json cache by regenerate.
[2026-04-20T22:44:32.266] [DEBUG] debug-file - Update task entry:default@PackageHap input file:D:\harmonyos_code\ljh25307105\entry\build\default\intermediates\res\default\resources cache by regenerate.
[2026-04-20T22:44:32.269] [DEBUG] debug-file - Update task entry:default@PackageHap input file:D:\harmonyos_code\ljh25307105\entry\build\default\intermediates\res\default\resources.index cache by regenerate.
[2026-04-20T22:44:32.269] [DEBUG] debug-file - Update task entry:default@PackageHap input file:D:\harmonyos_code\ljh25307105\entry\build\default\outputs\default\pack.info cache by regenerate.
[2026-04-20T22:44:32.269] [DEBUG] debug-file - Update task entry:default@PackageHap input file:D:\harmonyos_code\ljh25307105\entry\build\default\intermediates\loader_out\default\ets cache from map.
[2026-04-20T22:44:32.269] [DEBUG] debug-file - Update task entry:default@PackageHap input file:D:\harmonyos_code\ljh25307105\entry\build\default\intermediates\loader\default\pkgSdkInfo.json cache by regenerate.
[2026-04-20T22:44:32.270] [DEBUG] debug-file - Update task entry:default@PackageHap input file:D:\harmonyos_code\ljh25307105\entry\build\default\intermediates\loader_out\default\ets\sourceMaps.map cache by regenerate.
[2026-04-20T22:44:32.270] [DEBUG] debug-file - Update task entry:default@PackageHap input file:D:\harmonyos_code\ljh25307105\entry\build\default\generated\profile\default\BuildProfile.ets cache by regenerate.
[2026-04-20T22:44:32.270] [DEBUG] debug-file - Update task entry:default@PackageHap output file:D:\harmonyos_code\ljh25307105\entry\build\default\outputs\default\entry-default-unsigned.hap cache.
[2026-04-20T22:44:32.271] [DEBUG] debug-file - Update task entry:default@PackageHap output file:D:\harmonyos_code\ljh25307105\entry\build\default\intermediates\source_map\default\sourceMaps.map cache.
[2026-04-20T22:44:32.271] [DEBUG] debug-file - Update task entry:default@PackageHap output file:D:\harmonyos_code\ljh25307105\entry\build\default\outputs\default\mapping\sourceMaps.map cache.
[2026-04-20T22:44:32.271] [DEBUG] debug-file - Incremental task entry:default@PackageHap post-execution cost:6 ms .
[2026-04-20T22:44:32.271] [DEBUG] debug-file - Update task entry:default@SignHap input file:D:\harmonyos_code\ljh25307105\entry\build\default\outputs\default\entry-default-unsigned.hap cache from map.
[2026-04-20T22:44:32.271] [DEBUG] debug-file - Update task entry:default@SignHap output file:D:\harmonyos_code\ljh25307105\entry\build\default\outputs\default\entry-default-signed.hap cache.
[2026-04-20T22:44:32.271] [DEBUG] debug-file - Incremental task entry:default@SignHap post-execution cost:1 ms .
[2026-04-20T22:44:32.272] [DEBUG] debug-file - Update task entry:default@CollectDebugSymbol input file:D:\harmonyos_code\ljh25307105\entry\build\default\intermediates\loader_out\default\ets\sourceMaps.map cache by regenerate.
[2026-04-20T22:44:32.272] [DEBUG] debug-file - Update task entry:default@CollectDebugSymbol input file:D:\harmonyos_code\ljh25307105\entry\build\default\intermediates\libs\default cache by regenerate.
[2026-04-20T22:44:32.272] [DEBUG] debug-file - Update task entry:default@CollectDebugSymbol output file:D:\harmonyos_code\ljh25307105\entry\build\default\outputs\default\symbol cache.
[2026-04-20T22:44:32.273] [DEBUG] debug-file - Incremental task entry:default@CollectDebugSymbol post-execution cost:2 ms .
[2026-04-20T22:44:32.296] [DEBUG] debug-file - Cleanup worker 30.
[2026-04-20T22:44:32.297] [DEBUG] debug-file - Worker 30 has been cleaned up.
[2026-04-20T22:44:32.297] [DEBUG] debug-file - Current idle worker size: 1.
[2026-04-20T22:44:32.297] [DEBUG] debug-file - Current resident worker size: 2.
[2026-04-20T22:44:32.297] [DEBUG] debug-file - hvigor build process will be closed.
[2026-04-20T22:44:32.302] [DEBUG] debug-file - session manager: send message to worker process.
[2026-04-20T22:44:32.303] [DEBUG] debug-file - session manager: send message to worker process.
[2026-04-20T22:44:32.303] [DEBUG] debug-file - watch worker: worker id should be larger than 0. Nothing will be sent to any worker thread.
[2026-04-20T22:44:32.303] [DEBUG] debug-file - watch worker: worker id should be larger than 0. Nothing will be sent to any worker thread.
[2026-04-20T22:44:32.308] [DEBUG] debug-file - worker[30] exits with exit code 1.
[2026-04-20T22:49:24.754] [DEBUG] debug-file - session manager: set active socket. socketId=gGSjVg3LDVJQ06-GAAAH
[2026-04-20T22:49:24.762] [DEBUG] debug-file - watch worker: worker id should be larger than 0. Nothing will be sent to any worker thread.
[2026-04-20T22:49:24.769] [DEBUG] debug-file - Workers' log level updated to INFO
[2026-04-20T22:49:24.776] [DEBUG] debug-file - Hvigor init with startParameters:{
  hvigorfileTypeCheck: false,
  parallelExecution: true,
  incrementalExecution: true,
  printStackTrace: false,
  daemon: true,
  analyze: 0,
  logLevel: Level { level: 20000, levelStr: 'INFO', colour: 'green' },
  optimizationStrategy: 'memory',
  hotCompile: undefined,
  hotReloadBuild: undefined,
  customizedParam: undefined
}
[2026-04-20T22:49:24.784] [DEBUG] debug-file - Cache service initialization finished in 8 ms 
[2026-04-20T22:49:24.785] [DEBUG] debug-file - hvigorfile, resolving D:\harmonyos_code\ljh25307105\hvigorfile.ts
[2026-04-20T22:49:24.797] [DEBUG] debug-file - hvigorfile, require result:  {}
[2026-04-20T22:49:24.797] [DEBUG] debug-file - hvigorfile, binding system plugins {}
[2026-04-20T22:49:24.798] [DEBUG] debug-file - Starting plugin build process
[2026-04-20T22:49:24.798] [DEBUG] debug-file - App plugin prepare start...
[2026-04-20T22:49:24.798] [DEBUG] debug-file - App plugin prepare end...
[2026-04-20T22:49:24.798] [DEBUG] debug-file - App plugin creating...
[2026-04-20T22:49:24.804] [DEBUG] debug-file - App plugin register hook start...
[2026-04-20T22:49:24.804] [DEBUG] debug-file - App plugin register hook end...
[2026-04-20T22:49:24.804] [DEBUG] debug-file - Plugin build process completed
[2026-04-20T22:49:24.804] [DEBUG] debug-file - Start initialize project's product build option map with build mode debug.
[2026-04-20T22:49:24.805] [DEBUG] debug-file - Picking option from product 'default' with build mode 'debug'.
[2026-04-20T22:49:24.805] [DEBUG] debug-file - Product 'default' build option initialized
[2026-04-20T22:49:24.806] [DEBUG] debug-file - End initialize project's product build option map with build mode 'debug'.
[2026-04-20T22:49:24.806] [DEBUG] debug-file - Obtain build option for product 'default'in this build.
[2026-04-20T22:49:24.807] [DEBUG] debug-file - No signingConfig found, initRemoteHspCache failed.
[2026-04-20T22:49:24.809] [DEBUG] debug-file - Start recording SDK configuration permission data.
[2026-04-20T22:49:24.830] [DEBUG] debug-file - Sdk init in 23 ms 
[2026-04-20T22:49:24.833] [DEBUG] debug-file - Project task initialization takes 3 ms 
[2026-04-20T22:49:24.833] [DEBUG] debug-file - hvigorfile, resolve finished D:\harmonyos_code\ljh25307105\hvigorfile.ts
[2026-04-20T22:49:24.834] [DEBUG] debug-file - hvigorfile, resolving D:\harmonyos_code\ljh25307105\entry\hvigorfile.ts
[2026-04-20T22:49:24.836] [DEBUG] debug-file - hvigorfile, require result:  {}
[2026-04-20T22:49:24.836] [DEBUG] debug-file - hvigorfile, binding system plugins {}
[2026-04-20T22:49:24.836] [DEBUG] debug-file - Starting plugin build process
[2026-04-20T22:49:24.836] [DEBUG] debug-file - Hap plugin creating...
[2026-04-20T22:49:24.837] [DEBUG] debug-file - failed to load cangjie to dynamically generate schemas: Error: Cannot find module '@ohos/cangjie-build-support/index'
Require stack:
- D:\DevEco Studio\tools\hvigor\hvigor-ohos-plugin\src\plugin\hooks\cangjie-register.js
- D:\DevEco Studio\tools\hvigor\hvigor-ohos-plugin\src\plugin\strategy\stage-init-strategy.js
- D:\DevEco Studio\tools\hvigor\hvigor-ohos-plugin\src\plugin\builder\abstract-plugin-builder.js
- D:\DevEco Studio\tools\hvigor\hvigor-ohos-plugin\src\plugin\builder\app-plugin-builder.js
- D:\DevEco Studio\tools\hvigor\hvigor-ohos-plugin\src\plugin\factory\plugin-factory.js
- D:\DevEco Studio\tools\hvigor\hvigor-ohos-plugin\index.js
- D:\harmonyos_code\ljh25307105\hvigorfile.ts
- D:\DevEco Studio\tools\hvigor\hvigor\src\base\internal\lifecycle\configuration.js
- D:\DevEco Studio\tools\hvigor\hvigor\src\base\boot\index.js
- D:\DevEco Studio\tools\hvigor\hvigor\src\base\daemon\cluster\worker-process-lifecycle.js
- D:\DevEco Studio\tools\hvigor\hvigor\src\base\daemon\process\daemon-process-boot-script.js
[2026-04-20T22:49:24.839] [DEBUG] debug-file - Start initialize module-target build option map, moduleName=entry, buildMode=release
[2026-04-20T22:49:24.840] [DEBUG] debug-file - Target 'default' config initialized
[2026-04-20T22:49:24.840] [DEBUG] debug-file - Module 'entry' target 'default' build option initialized
[2026-04-20T22:49:24.840] [DEBUG] debug-file - End initialize module-target build option map, moduleName=entry
[2026-04-20T22:49:24.840] [DEBUG] debug-file - Start initialize module-target build option map, moduleName=entry, buildMode=debug
[2026-04-20T22:49:24.840] [DEBUG] debug-file - Target 'default' config initialized
[2026-04-20T22:49:24.840] [DEBUG] debug-file - Module 'entry' target 'default' build option initialized
[2026-04-20T22:49:24.840] [DEBUG] debug-file - End initialize module-target build option map, moduleName=entry
[2026-04-20T22:49:24.840] [DEBUG] debug-file - Start initialize module-target build option map, moduleName=entry, buildMode=debug
[2026-04-20T22:49:24.840] [DEBUG] debug-file - Target 'default' config initialized
[2026-04-20T22:49:24.840] [DEBUG] debug-file - Module 'entry' target 'default' build option initialized
[2026-04-20T22:49:24.840] [DEBUG] debug-file - End initialize module-target build option map, moduleName=entry
[2026-04-20T22:49:24.840] [DEBUG] debug-file - Obtain build option for module 'entry' target 'default'in this build.
[2026-04-20T22:49:24.842] [DEBUG] debug-file - Module entry task initialization takes 1 ms 
[2026-04-20T22:49:24.842] [DEBUG] debug-file - Hap plugin register hook start...
[2026-04-20T22:49:24.842] [DEBUG] debug-file - Hap plugin register hook end...
[2026-04-20T22:49:24.842] [DEBUG] debug-file - Plugin build process completed
[2026-04-20T22:49:24.842] [DEBUG] debug-file - hvigorfile, resolve finished D:\harmonyos_code\ljh25307105\entry\hvigorfile.ts
[2026-04-20T22:49:24.862] [DEBUG] debug-file - hvigorfile, resolve hvigorfile dependencies in 21 ms 
[2026-04-20T22:49:24.863] [DEBUG] debug-file - project has submodules:entry
[2026-04-20T22:49:24.863] [DEBUG] debug-file - start to load updatedOhPackageInfo to the disk
[2026-04-20T22:49:24.864] [DEBUG] debug-file - load to the disk finished
[2026-04-20T22:49:24.865] [DEBUG] debug-file - Start to initialize dependency information.
[2026-04-20T22:49:24.866] [DEBUG] debug-file - Module ljh25307105 Collected Dependency: 
[2026-04-20T22:49:24.866] [DEBUG] debug-file - Module ljh25307105's total dependency: 0
[2026-04-20T22:49:24.866] [DEBUG] debug-file - Start to initialize dependency information.
[2026-04-20T22:49:24.867] [DEBUG] debug-file - Module entry Collected Dependency: 
[2026-04-20T22:49:24.867] [DEBUG] debug-file - Module entry's total dependency: 0
[2026-04-20T22:49:24.868] [DEBUG] debug-file - Configuration phase cost:85 ms 
[2026-04-20T22:49:24.869] [DEBUG] debug-file - Configuration task cost before running: 99 ms 
[2026-04-20T22:49:24.871] [DEBUG] debug-file - Executing task :entry:default@PreBuild
[2026-04-20T22:49:24.872] [DEBUG] debug-file - Task 'entry:default@PreBuild' cost while wrapping incremental declarations: 1 ms 
[2026-04-20T22:49:24.876] [DEBUG] debug-file - entry:default@PreBuild is not up-to-date, since the task snapshots are different.
[2026-04-20T22:49:24.876] [DEBUG] debug-file - Incremental task entry:default@PreBuild pre-execution cost: 4 ms .
[2026-04-20T22:49:24.879] [DEBUG] debug-file - current product is not Atomic service.
[2026-04-20T22:49:24.879] [DEBUG] debug-file - Use tool [win32: JAVA_HOME, CLASSPATH]
 [ { JAVA_HOME: 'D:\\DevEco Studio\\jbr' }, { CLASSPATH: undefined } ]
[2026-04-20T22:49:24.879] [DEBUG] debug-file - Use tool [win32: NODE_HOME]
 [ { NODE_HOME: 'D:/DevEco Studio/tools/node' } ]
[2026-04-20T22:49:24.879] [DEBUG] debug-file - entry : default@PreBuild cost memory 0.5144882202148438
[2026-04-20T22:49:24.880] [DEBUG] debug-file - runTaskFromQueue task cost before running: 110 ms 
[2026-04-20T22:49:24.881] [INFO] debug-file - Finished :entry:default@PreBuild... after 9 ms 
[2026-04-20T22:49:24.881] [DEBUG] debug-file - Executing task :entry:default@CreateModuleInfo
[2026-04-20T22:49:24.881] [DEBUG] debug-file - Task 'entry:default@CreateModuleInfo' cost while wrapping incremental declarations: 1 ms 
[2026-04-20T22:49:24.882] [DEBUG] debug-file - entry : default@CreateModuleInfo cost memory 0.04155731201171875
[2026-04-20T22:49:24.882] [DEBUG] debug-file - runTaskFromQueue task cost before running: 112 ms 
[2026-04-20T22:49:24.882] [INFO] debug-file - Finished :entry:default@CreateModuleInfo... after 1 ms 
[2026-04-20T22:49:24.882] [DEBUG] debug-file - Executing task :entry:default@GenerateMetadata
[2026-04-20T22:49:24.883] [DEBUG] debug-file - Task 'entry:default@GenerateMetadata' cost while wrapping incremental declarations: 1 ms 
[2026-04-20T22:49:24.883] [DEBUG] debug-file - Incremental task entry:default@GenerateMetadata pre-execution cost: 1 ms .
[2026-04-20T22:49:24.883] [DEBUG] debug-file - entry : default@GenerateMetadata cost memory 0.08551025390625
[2026-04-20T22:49:24.883] [INFO] debug-file - UP-TO-DATE :entry:default@GenerateMetadata...  
[2026-04-20T22:49:24.884] [DEBUG] debug-file - Executing task :entry:default@ConfigureCmake
[2026-04-20T22:49:24.884] [DEBUG] debug-file - entry : default@ConfigureCmake cost memory 0.0145263671875
[2026-04-20T22:49:24.884] [DEBUG] debug-file - runTaskFromQueue task cost before running: 114 ms 
[2026-04-20T22:49:24.884] [INFO] debug-file - Finished :entry:default@ConfigureCmake... after 1 ms 
[2026-04-20T22:49:24.884] [DEBUG] debug-file - Executing task :entry:default@MergeProfile
[2026-04-20T22:49:24.885] [DEBUG] debug-file - Task 'entry:default@MergeProfile' cost while wrapping incremental declarations: 1 ms 
[2026-04-20T22:49:24.886] [DEBUG] debug-file - Incremental task entry:default@MergeProfile pre-execution cost: 2 ms .
[2026-04-20T22:49:24.886] [DEBUG] debug-file - entry : default@MergeProfile cost memory -1.5662307739257812
[2026-04-20T22:49:24.886] [INFO] debug-file - UP-TO-DATE :entry:default@MergeProfile...  
[2026-04-20T22:49:24.887] [DEBUG] debug-file - Executing task :entry:default@CreateBuildProfile
[2026-04-20T22:49:24.887] [DEBUG] debug-file - Task 'entry:default@CreateBuildProfile' cost while wrapping incremental declarations: 1 ms 
[2026-04-20T22:49:24.888] [DEBUG] debug-file - Incremental task entry:default@CreateBuildProfile pre-execution cost: 1 ms .
[2026-04-20T22:49:24.888] [DEBUG] debug-file - entry : default@CreateBuildProfile cost memory 0.101959228515625
[2026-04-20T22:49:24.888] [INFO] debug-file - UP-TO-DATE :entry:default@CreateBuildProfile...  
[2026-04-20T22:49:24.889] [DEBUG] debug-file - Executing task :entry:default@PreCheckSyscap
[2026-04-20T22:49:24.889] [DEBUG] debug-file - entry : default@PreCheckSyscap cost memory 0.0174713134765625
[2026-04-20T22:49:24.889] [DEBUG] debug-file - runTaskFromQueue task cost before running: 120 ms 
[2026-04-20T22:49:24.889] [INFO] debug-file - Finished :entry:default@PreCheckSyscap... after 1 ms 
[2026-04-20T22:49:24.890] [DEBUG] debug-file - Executing task :entry:default@GeneratePkgContextInfo
[2026-04-20T22:49:24.893] [DEBUG] debug-file - Task 'entry:default@GeneratePkgContextInfo' cost while wrapping incremental declarations: 1 ms 
[2026-04-20T22:49:24.893] [DEBUG] debug-file - entry : default@GeneratePkgContextInfo cost memory 0.15778350830078125
[2026-04-20T22:49:24.893] [DEBUG] debug-file - runTaskFromQueue task cost before running: 124 ms 
[2026-04-20T22:49:24.893] [INFO] debug-file - Finished :entry:default@GeneratePkgContextInfo... after 4 ms 
[2026-04-20T22:49:24.894] [DEBUG] debug-file - Executing task :entry:default@GeneratePkgSdkInfo
[2026-04-20T22:49:24.895] [DEBUG] debug-file - Task 'entry:default@GeneratePkgSdkInfo' cost while wrapping incremental declarations: 1 ms 
[2026-04-20T22:49:24.895] [DEBUG] debug-file - Incremental task entry:default@GeneratePkgSdkInfo pre-execution cost: 1 ms .
[2026-04-20T22:49:24.895] [DEBUG] debug-file - entry : default@GeneratePkgSdkInfo cost memory 0.1236114501953125
[2026-04-20T22:49:24.895] [INFO] debug-file - UP-TO-DATE :entry:default@GeneratePkgSdkInfo...  
[2026-04-20T22:49:24.897] [DEBUG] debug-file - Executing task :entry:default@ProcessIntegratedHsp
[2026-04-20T22:49:24.897] [DEBUG] debug-file - entry:default@ProcessIntegratedHsp is not up-to-date, since the output file 'D:\harmonyos_code\ljh25307105\build\cache\default\integrated_hsp\integratedHspCache.json' does not exist.
[2026-04-20T22:49:24.897] [DEBUG] debug-file - Incremental task entry:default@ProcessIntegratedHsp pre-execution cost: 1 ms .
[2026-04-20T22:49:24.897] [DEBUG] debug-file - entry : default@ProcessIntegratedHsp cost memory 0.05788421630859375
[2026-04-20T22:49:24.897] [DEBUG] debug-file - runTaskFromQueue task cost before running: 128 ms 
[2026-04-20T22:49:24.897] [INFO] debug-file - Finished :entry:default@ProcessIntegratedHsp... after 1 ms 
[2026-04-20T22:49:24.898] [DEBUG] debug-file - Executing task :entry:default@BuildNativeWithCmake
[2026-04-20T22:49:24.898] [DEBUG] debug-file - entry : default@BuildNativeWithCmake cost memory 0.0145263671875
[2026-04-20T22:49:24.898] [DEBUG] debug-file - runTaskFromQueue task cost before running: 129 ms 
[2026-04-20T22:49:24.898] [INFO] debug-file - Finished :entry:default@BuildNativeWithCmake... after 1 ms 
[2026-04-20T22:49:24.899] [DEBUG] debug-file - Executing task :entry:default@MakePackInfo
[2026-04-20T22:49:24.900] [DEBUG] debug-file - Incremental task entry:default@MakePackInfo pre-execution cost: 1 ms .
[2026-04-20T22:49:24.900] [DEBUG] debug-file - entry : default@MakePackInfo cost memory 0.101043701171875
[2026-04-20T22:49:24.900] [INFO] debug-file - UP-TO-DATE :entry:default@MakePackInfo...  
[2026-04-20T22:49:24.901] [DEBUG] debug-file - Executing task :entry:default@SyscapTransform
[2026-04-20T22:49:24.901] [DEBUG] debug-file - File: 'D:\harmonyos_code\ljh25307105\entry\src\main\syscap.json' from 'sysCapJsonPath' is not exists, just ignore.
[2026-04-20T22:49:24.902] [DEBUG] debug-file - Task 'entry:default@SyscapTransform' cost while wrapping incremental declarations: 1 ms 
[2026-04-20T22:49:24.903] [DEBUG] debug-file - entry:default@SyscapTransform is not up-to-date, since the output file 'D:\harmonyos_code\ljh25307105\entry\build\default\intermediates\syscap\default\rpcid.sc' does not exist.
[2026-04-20T22:49:24.903] [DEBUG] debug-file - Incremental task entry:default@SyscapTransform pre-execution cost: 2 ms .
[2026-04-20T22:49:24.903] [DEBUG] debug-file - entry : default@SyscapTransform cost memory -1.4189071655273438
[2026-04-20T22:49:24.904] [DEBUG] debug-file - runTaskFromQueue task cost before running: 134 ms 
[2026-04-20T22:49:24.904] [INFO] debug-file - Finished :entry:default@SyscapTransform... after 3 ms 
[2026-04-20T22:49:24.905] [DEBUG] debug-file - Executing task :entry:default@ProcessProfile
[2026-04-20T22:49:24.906] [DEBUG] debug-file - Task 'entry:default@ProcessProfile' cost while wrapping incremental declarations: 1 ms 
[2026-04-20T22:49:24.906] [DEBUG] debug-file - Incremental task entry:default@ProcessProfile pre-execution cost: 1 ms .
[2026-04-20T22:49:24.906] [DEBUG] debug-file - entry : default@ProcessProfile cost memory 0.1292877197265625
[2026-04-20T22:49:24.906] [INFO] debug-file - UP-TO-DATE :entry:default@ProcessProfile...  
[2026-04-20T22:49:24.907] [DEBUG] debug-file - Executing task :entry:default@ProcessRouterMap
[2026-04-20T22:49:24.908] [DEBUG] debug-file - Incremental task entry:default@ProcessRouterMap pre-execution cost: 1 ms .
[2026-04-20T22:49:24.908] [DEBUG] debug-file - entry : default@ProcessRouterMap cost memory 0.124847412109375
[2026-04-20T22:49:24.909] [INFO] debug-file - UP-TO-DATE :entry:default@ProcessRouterMap...  
[2026-04-20T22:49:24.909] [DEBUG] debug-file - Executing task :entry:default@ProcessShareConfig
[2026-04-20T22:49:24.910] [DEBUG] debug-file - Incremental task entry:default@ProcessShareConfig pre-execution cost: 1 ms .
[2026-04-20T22:49:24.911] [DEBUG] debug-file - entry : default@ProcessShareConfig cost memory 0.10778045654296875
[2026-04-20T22:49:24.911] [INFO] debug-file - UP-TO-DATE :entry:default@ProcessShareConfig...  
[2026-04-20T22:49:24.911] [DEBUG] debug-file - Executing task :entry:default@ProcessStartupConfig
[2026-04-20T22:49:24.911] [DEBUG] debug-file - Task 'entry:default@ProcessStartupConfig' cost while wrapping incremental declarations: 1 ms 
[2026-04-20T22:49:24.912] [DEBUG] debug-file - entry:default@ProcessStartupConfig is not up-to-date, since the output file 'D:\harmonyos_code\ljh25307105\entry\build\default\intermediates\startup\default\startup_config.json' does not exist.
[2026-04-20T22:49:24.912] [DEBUG] debug-file - Incremental task entry:default@ProcessStartupConfig pre-execution cost: 1 ms .
[2026-04-20T22:49:24.912] [DEBUG] debug-file - entry : default@ProcessStartupConfig cost memory 0.09387969970703125
[2026-04-20T22:49:24.912] [DEBUG] debug-file - runTaskFromQueue task cost before running: 143 ms 
[2026-04-20T22:49:24.912] [INFO] debug-file - Finished :entry:default@ProcessStartupConfig... after 1 ms 
[2026-04-20T22:49:24.913] [DEBUG] debug-file - Executing task :entry:default@BuildNativeWithNinja
[2026-04-20T22:49:24.913] [DEBUG] debug-file - entry : default@BuildNativeWithNinja cost memory 0.0203857421875
[2026-04-20T22:49:24.913] [DEBUG] debug-file - runTaskFromQueue task cost before running: 143 ms 
[2026-04-20T22:49:24.913] [INFO] debug-file - Finished :entry:default@BuildNativeWithNinja... after 1 ms 
[2026-04-20T22:49:24.914] [DEBUG] debug-file - restool module names: entry; moduleName=entry, taskName=default@ProcessResource
[2026-04-20T22:49:24.915] [DEBUG] debug-file - Executing task :entry:default@ProcessResource
[2026-04-20T22:49:24.915] [DEBUG] debug-file - Task 'entry:default@ProcessResource' cost while wrapping incremental declarations: 1 ms 
[2026-04-20T22:49:24.916] [DEBUG] debug-file - Incremental task entry:default@ProcessResource pre-execution cost: 1 ms .
[2026-04-20T22:49:24.916] [DEBUG] debug-file - entry : default@ProcessResource cost memory 0.14867401123046875
[2026-04-20T22:49:24.917] [INFO] debug-file - UP-TO-DATE :entry:default@ProcessResource...  
[2026-04-20T22:49:24.918] [DEBUG] debug-file - Executing task :entry:default@GenerateLoaderJson
[2026-04-20T22:49:24.918] [DEBUG] debug-file - Task 'entry:default@GenerateLoaderJson' cost while wrapping incremental declarations: 1 ms 
[2026-04-20T22:49:24.923] [DEBUG] debug-file - Incremental task entry:default@GenerateLoaderJson pre-execution cost: 4 ms .
[2026-04-20T22:49:24.923] [DEBUG] debug-file - entry : default@GenerateLoaderJson cost memory -1.1820449829101562
[2026-04-20T22:49:24.925] [INFO] debug-file - UP-TO-DATE :entry:default@GenerateLoaderJson...  
[2026-04-20T22:49:24.925] [DEBUG] debug-file - Executing task :entry:default@ProcessLibs
[2026-04-20T22:49:24.927] [DEBUG] debug-file - Incremental task entry:default@ProcessLibs pre-execution cost: 1 ms .
[2026-04-20T22:49:24.927] [DEBUG] debug-file - entry : default@ProcessLibs cost memory 0.0977020263671875
[2026-04-20T22:49:24.927] [INFO] debug-file - UP-TO-DATE :entry:default@ProcessLibs...  
[2026-04-20T22:49:24.928] [DEBUG] debug-file - restool module names: entry; moduleName=entry, taskName=default@CompileResource
[2026-04-20T22:49:24.928] [DEBUG] debug-file - Executing task :entry:default@CompileResource
[2026-04-20T22:49:24.936] [DEBUG] debug-file - Incremental task entry:default@CompileResource pre-execution cost: 8 ms .
[2026-04-20T22:49:24.936] [DEBUG] debug-file - entry : default@CompileResource cost memory 0.8744049072265625
[2026-04-20T22:49:24.937] [INFO] debug-file - UP-TO-DATE :entry:default@CompileResource...  
[2026-04-20T22:49:24.937] [DEBUG] debug-file - Executing task :entry:default@DoNativeStrip
[2026-04-20T22:49:24.938] [DEBUG] debug-file - File: 'D:\harmonyos_code\ljh25307105\entry\build\default\intermediates\binxo\default' from 'doBinxoNativeLibs' is not exists, just ignore.
[2026-04-20T22:49:24.938] [DEBUG] debug-file - Task 'entry:default@DoNativeStrip' cost while wrapping incremental declarations: 1 ms 
[2026-04-20T22:49:24.939] [DEBUG] debug-file - Incremental task entry:default@DoNativeStrip pre-execution cost: 1 ms .
[2026-04-20T22:49:24.939] [DEBUG] debug-file - entry : default@DoNativeStrip cost memory -1.6439590454101562
[2026-04-20T22:49:24.939] [INFO] debug-file - UP-TO-DATE :entry:default@DoNativeStrip...  
[2026-04-20T22:49:24.940] [DEBUG] debug-file - Executing task :entry:default@CompileArkTS
[2026-04-20T22:49:24.940] [DEBUG] debug-file - obfuscationOptions: undefined
[2026-04-20T22:49:24.940] [DEBUG] debug-file - Task 'entry:default@CompileArkTS' cost while wrapping incremental declarations: 1 ms 
[2026-04-20T22:49:24.946] [DEBUG] debug-file - Incremental task entry:default@CompileArkTS pre-execution cost: 6 ms .
[2026-04-20T22:49:24.946] [DEBUG] debug-file - entry : default@CompileArkTS cost memory 0.5853118896484375
[2026-04-20T22:49:24.948] [INFO] debug-file - UP-TO-DATE :entry:default@CompileArkTS...  
[2026-04-20T22:49:24.948] [DEBUG] debug-file - Executing task :entry:default@BuildJS
[2026-04-20T22:49:24.949] [DEBUG] debug-file - Task 'entry:default@BuildJS' cost while wrapping incremental declarations: 1 ms 
[2026-04-20T22:49:24.950] [DEBUG] debug-file - entry : default@BuildJS cost memory 0.14749908447265625
[2026-04-20T22:49:24.950] [DEBUG] debug-file - runTaskFromQueue task cost before running: 181 ms 
[2026-04-20T22:49:24.950] [INFO] debug-file - Finished :entry:default@BuildJS... after 2 ms 
[2026-04-20T22:49:24.951] [DEBUG] debug-file - Executing task :entry:default@CacheNativeLibs
[2026-04-20T22:49:24.951] [DEBUG] debug-file - File: 'D:\harmonyos_code\ljh25307105\entry\build\default\intermediates\binxo\default' from 'cacheBinxoNativeLibs' is not exists, just ignore.
[2026-04-20T22:49:24.951] [DEBUG] debug-file - Task 'entry:default@CacheNativeLibs' cost while wrapping incremental declarations: 1 ms 
[2026-04-20T22:49:24.952] [DEBUG] debug-file - Incremental task entry:default@CacheNativeLibs pre-execution cost: 1 ms .
[2026-04-20T22:49:24.952] [DEBUG] debug-file - entry : default@CacheNativeLibs cost memory 0.11712646484375
[2026-04-20T22:49:24.953] [INFO] debug-file - UP-TO-DATE :entry:default@CacheNativeLibs...  
[2026-04-20T22:49:24.953] [DEBUG] debug-file - Executing task :entry:default@GeneratePkgModuleJson
[2026-04-20T22:49:24.953] [DEBUG] debug-file - File: 'D:\harmonyos_code\ljh25307105\entry\build\default\intermediates\preload\default\preload.json' from 'preloadSoJsonPath' is not exists, just ignore.
[2026-04-20T22:49:24.953] [DEBUG] debug-file - Error occurs while handling @Input 'shouldDeduplicateHar': The "data" argument must be of type string or an instance of Buffer, TypedArray, or DataView. Received undefined
[2026-04-20T22:49:24.954] [DEBUG] debug-file - Task 'entry:default@GeneratePkgModuleJson' cost while wrapping incremental declarations: 1 ms 
[2026-04-20T22:49:24.954] [DEBUG] debug-file - Incremental task entry:default@GeneratePkgModuleJson pre-execution cost: 1 ms .
[2026-04-20T22:49:24.954] [DEBUG] debug-file - entry : default@GeneratePkgModuleJson cost memory 0.10587310791015625
[2026-04-20T22:49:24.954] [INFO] debug-file - UP-TO-DATE :entry:default@GeneratePkgModuleJson...  
[2026-04-20T22:49:24.955] [DEBUG] debug-file - Executing task :entry:default@ProcessCompiledResources
[2026-04-20T22:49:24.955] [DEBUG] debug-file - File: 'D:\harmonyos_code\ljh25307105\entry\build\default\intermediates\preload\default\preload.json' from 'preloadSoJsonPath' is not exists, just ignore.
[2026-04-20T22:49:24.955] [DEBUG] debug-file - Task 'entry:default@ProcessCompiledResources' cost while wrapping incremental declarations: 1 ms 
[2026-04-20T22:49:24.955] [DEBUG] debug-file - entry : default@ProcessCompiledResources cost memory 0.05736541748046875
[2026-04-20T22:49:24.955] [DEBUG] debug-file - runTaskFromQueue task cost before running: 186 ms 
[2026-04-20T22:49:24.955] [INFO] debug-file - Finished :entry:default@ProcessCompiledResources... after 1 ms 
[2026-04-20T22:49:24.956] [DEBUG] debug-file - Executing task :entry:default@PackageHap
[2026-04-20T22:49:24.962] [DEBUG] debug-file - Incremental task entry:default@PackageHap pre-execution cost: 5 ms .
[2026-04-20T22:49:24.962] [DEBUG] debug-file - entry : default@PackageHap cost memory -1.163726806640625
[2026-04-20T22:49:24.963] [INFO] debug-file - UP-TO-DATE :entry:default@PackageHap...  
[2026-04-20T22:49:24.963] [DEBUG] debug-file - Executing task :entry:default@PackingCheck
[2026-04-20T22:49:24.966] [DEBUG] debug-file - entry : default@PackingCheck cost memory 0.40332794189453125
[2026-04-20T22:49:24.966] [DEBUG] debug-file - runTaskFromQueue task cost before running: 196 ms 
[2026-04-20T22:49:24.966] [INFO] debug-file - Finished :entry:default@PackingCheck... after 3 ms 
[2026-04-20T22:49:24.967] [DEBUG] debug-file - Executing task :entry:default@SignHap
[2026-04-20T22:49:24.967] [WARN] debug-file - Will skip sign 'hos_hap'. No signingConfigs profile is configured in current project.
             If needed, configure the signingConfigs in D:\harmonyos_code\ljh25307105\build-profile.json5.
[2026-04-20T22:49:24.967] [DEBUG] debug-file - entry:default@SignHap is not up-to-date, since the output file 'D:\harmonyos_code\ljh25307105\entry\build\default\outputs\default\entry-default-signed.hap' does not exist.
[2026-04-20T22:49:24.967] [DEBUG] debug-file - Incremental task entry:default@SignHap pre-execution cost: 1 ms .
[2026-04-20T22:49:24.967] [DEBUG] debug-file - entry : default@SignHap cost memory 0.09006500244140625
[2026-04-20T22:49:24.968] [DEBUG] debug-file - runTaskFromQueue task cost before running: 198 ms 
[2026-04-20T22:49:24.968] [INFO] debug-file - Finished :entry:default@SignHap... after 1 ms 
[2026-04-20T22:49:24.968] [DEBUG] debug-file - Executing task :entry:default@CollectDebugSymbol
[2026-04-20T22:49:24.969] [DEBUG] debug-file - entry : default@CollectDebugSymbol cost memory 0.08486175537109375
[2026-04-20T22:49:24.969] [DEBUG] debug-file - runTaskFromQueue task cost before running: 199 ms 
[2026-04-20T22:49:24.969] [INFO] debug-file - Finished :entry:default@CollectDebugSymbol... after 1 ms 
[2026-04-20T22:49:24.969] [DEBUG] debug-file - Executing task :entry:assembleHap
[2026-04-20T22:49:24.969] [DEBUG] debug-file - entry : assembleHap cost memory 0.01958465576171875
[2026-04-20T22:49:24.969] [DEBUG] debug-file - runTaskFromQueue task cost before running: 200 ms 
[2026-04-20T22:49:24.969] [INFO] debug-file - Finished :entry:assembleHap... after 1 ms 
[2026-04-20T22:49:24.979] [INFO] debug-file - BUILD SUCCESSFUL in 209 ms 
[2026-04-20T22:49:24.980] [DEBUG] debug-file - Update task entry:default@PreBuild input file:D:\harmonyos_code\ljh25307105\AppScope\app.json5 cache by regenerate.
[2026-04-20T22:49:24.980] [DEBUG] debug-file - Update task entry:default@PreBuild input file:D:\harmonyos_code\ljh25307105\entry\src\main\module.json5 cache by regenerate.
[2026-04-20T22:49:24.980] [DEBUG] debug-file - Update task entry:default@PreBuild input file:D:\harmonyos_code\ljh25307105\build-profile.json5 cache by regenerate.
[2026-04-20T22:49:24.980] [DEBUG] debug-file - Update task entry:default@PreBuild input file:D:\harmonyos_code\ljh25307105\entry\build-profile.json5 cache by regenerate.
[2026-04-20T22:49:24.980] [DEBUG] debug-file - Update task entry:default@PreBuild input file:D:\harmonyos_code\ljh25307105\entry\src\main\resources\base\profile\main_pages.json cache by regenerate.
[2026-04-20T22:49:24.980] [DEBUG] debug-file - Update task entry:default@PreBuild input file:D:\harmonyos_code\ljh25307105\hvigor\hvigor-config.json5 cache by regenerate.
[2026-04-20T22:49:24.981] [DEBUG] debug-file - Update task entry:default@PreBuild input file:D:\harmonyos_code\ljh25307105\entry\oh-package.json5 cache by regenerate.
[2026-04-20T22:49:24.981] [DEBUG] debug-file - Update task entry:default@PreBuild input file:D:\harmonyos_code\ljh25307105\oh-package.json5 cache by regenerate.
[2026-04-20T22:49:24.981] [DEBUG] debug-file - Incremental task entry:default@PreBuild post-execution cost:3 ms .
[2026-04-20T22:49:24.981] [DEBUG] debug-file - Update task entry:default@CreateModuleInfo output file:D:\harmonyos_code\ljh25307105\entry\build\default\generated\profile\default\ModuleInfo.ts cache.
[2026-04-20T22:49:24.981] [DEBUG] debug-file - Incremental task entry:default@CreateModuleInfo post-execution cost:1 ms .
[2026-04-20T22:49:24.981] [DEBUG] debug-file - There is no need to refresh cache, since the incremental task entry:default@GenerateMetadata is up-to-date.
[2026-04-20T22:49:24.981] [DEBUG] debug-file - There is no need to refresh cache, since the incremental task entry:default@MergeProfile is up-to-date.
[2026-04-20T22:49:24.981] [DEBUG] debug-file - There is no need to refresh cache, since the incremental task entry:default@CreateBuildProfile is up-to-date.
[2026-04-20T22:49:24.982] [DEBUG] debug-file - Update task entry:default@GeneratePkgContextInfo output file:D:\harmonyos_code\ljh25307105\entry\build\default\intermediates\loader\default\pkgContextInfo.json cache.
[2026-04-20T22:49:24.982] [DEBUG] debug-file - Incremental task entry:default@GeneratePkgContextInfo post-execution cost:1 ms .
[2026-04-20T22:49:24.982] [DEBUG] debug-file - There is no need to refresh cache, since the incremental task entry:default@GeneratePkgSdkInfo is up-to-date.
[2026-04-20T22:49:24.982] [DEBUG] debug-file - Update task entry:default@ProcessIntegratedHsp output file:D:\harmonyos_code\ljh25307105\build\cache\default\integrated_hsp\integratedHspCache.json cache.
[2026-04-20T22:49:24.982] [DEBUG] debug-file - Incremental task entry:default@ProcessIntegratedHsp post-execution cost:1 ms .
[2026-04-20T22:49:24.982] [DEBUG] debug-file - There is no need to refresh cache, since the incremental task entry:default@MakePackInfo is up-to-date.
[2026-04-20T22:49:24.982] [DEBUG] debug-file - Update task entry:default@SyscapTransform input file:D:\DevEco Studio\sdk\default\openharmony\toolchains\syscap_tool.exe cache by regenerate.
[2026-04-20T22:49:24.982] [DEBUG] debug-file - Update task entry:default@SyscapTransform input file:D:\DevEco Studio\sdk\default\openharmony\ets\api\device-define cache by regenerate.
[2026-04-20T22:49:24.983] [DEBUG] debug-file - Update task entry:default@SyscapTransform output file:D:\harmonyos_code\ljh25307105\entry\build\default\intermediates\syscap\default\rpcid.sc cache.
[2026-04-20T22:49:24.983] [DEBUG] debug-file - Incremental task entry:default@SyscapTransform post-execution cost:2 ms .
[2026-04-20T22:49:24.983] [DEBUG] debug-file - There is no need to refresh cache, since the incremental task entry:default@ProcessProfile is up-to-date.
[2026-04-20T22:49:24.983] [DEBUG] debug-file - There is no need to refresh cache, since the incremental task entry:default@ProcessRouterMap is up-to-date.
[2026-04-20T22:49:24.983] [DEBUG] debug-file - There is no need to refresh cache, since the incremental task entry:default@ProcessShareConfig is up-to-date.
[2026-04-20T22:49:24.984] [DEBUG] debug-file - Update task entry:default@ProcessStartupConfig output file:D:\harmonyos_code\ljh25307105\entry\build\default\intermediates\startup\default\startup_config.json cache.
[2026-04-20T22:49:24.984] [DEBUG] debug-file - Incremental task entry:default@ProcessStartupConfig post-execution cost:1 ms .
[2026-04-20T22:49:24.984] [DEBUG] debug-file - There is no need to refresh cache, since the incremental task entry:default@ProcessResource is up-to-date.
[2026-04-20T22:49:24.984] [DEBUG] debug-file - There is no need to refresh cache, since the incremental task entry:default@GenerateLoaderJson is up-to-date.
[2026-04-20T22:49:24.984] [DEBUG] debug-file - There is no need to refresh cache, since the incremental task entry:default@ProcessLibs is up-to-date.
[2026-04-20T22:49:24.984] [DEBUG] debug-file - There is no need to refresh cache, since the incremental task entry:default@CompileResource is up-to-date.
[2026-04-20T22:49:24.984] [DEBUG] debug-file - There is no need to refresh cache, since the incremental task entry:default@DoNativeStrip is up-to-date.
[2026-04-20T22:49:24.984] [DEBUG] debug-file - There is no need to refresh cache, since the incremental task entry:default@CompileArkTS is up-to-date.
[2026-04-20T22:49:24.985] [DEBUG] debug-file - Update task entry:default@BuildJS input file:D:\harmonyos_code\ljh25307105\entry\build\default\intermediates\loader\default cache by regenerate.
[2026-04-20T22:49:24.985] [DEBUG] debug-file - Update task entry:default@BuildJS input file:D:\harmonyos_code\ljh25307105\entry\build\default\intermediates\res\default\ResourceTable.txt cache by regenerate.
[2026-04-20T22:49:24.985] [DEBUG] debug-file - Update task entry:default@BuildJS input file:D:\harmonyos_code\ljh25307105\entry\build\default\intermediates\res\default\ark_module.json cache by regenerate.
[2026-04-20T22:49:24.985] [DEBUG] debug-file - Update task entry:default@BuildJS input file:D:\harmonyos_code\ljh25307105\entry\build\default\intermediates\res\default\resources\base\profile cache by regenerate.
[2026-04-20T22:49:24.986] [DEBUG] debug-file - Update task entry:default@BuildJS output file:D:\harmonyos_code\ljh25307105\entry\build\default\intermediates\loader_out\default\js cache.
[2026-04-20T22:49:24.986] [DEBUG] debug-file - Incremental task entry:default@BuildJS post-execution cost:2 ms .
[2026-04-20T22:49:24.986] [DEBUG] debug-file - There is no need to refresh cache, since the incremental task entry:default@CacheNativeLibs is up-to-date.
[2026-04-20T22:49:24.986] [DEBUG] debug-file - There is no need to refresh cache, since the incremental task entry:default@GeneratePkgModuleJson is up-to-date.
[2026-04-20T22:49:24.986] [DEBUG] debug-file - Incremental task entry:default@ProcessCompiledResources post-execution cost:1 ms .
[2026-04-20T22:49:24.986] [DEBUG] debug-file - There is no need to refresh cache, since the incremental task entry:default@PackageHap is up-to-date.
[2026-04-20T22:49:24.986] [DEBUG] debug-file - Update task entry:default@SignHap input file:D:\harmonyos_code\ljh25307105\entry\build\default\outputs\default\entry-default-unsigned.hap cache by regenerate.
[2026-04-20T22:49:24.986] [DEBUG] debug-file - Update task entry:default@SignHap output file:D:\harmonyos_code\ljh25307105\entry\build\default\outputs\default\entry-default-signed.hap cache.
[2026-04-20T22:49:24.986] [DEBUG] debug-file - Incremental task entry:default@SignHap post-execution cost:1 ms .
[2026-04-20T22:49:24.986] [DEBUG] debug-file - Update task entry:default@CollectDebugSymbol input file:D:\harmonyos_code\ljh25307105\entry\build\default\intermediates\loader_out\default\ets\sourceMaps.map cache by regenerate.
[2026-04-20T22:49:24.987] [DEBUG] debug-file - Update task entry:default@CollectDebugSymbol input file:D:\harmonyos_code\ljh25307105\entry\build\default\intermediates\libs\default cache by regenerate.
[2026-04-20T22:49:24.987] [DEBUG] debug-file - Update task entry:default@CollectDebugSymbol output file:D:\harmonyos_code\ljh25307105\entry\build\default\outputs\default\symbol cache.
[2026-04-20T22:49:24.987] [DEBUG] debug-file - Incremental task entry:default@CollectDebugSymbol post-execution cost:1 ms .
[2026-04-20T22:49:25.004] [DEBUG] debug-file - hvigor build process will be closed.
[2026-04-20T22:49:25.008] [DEBUG] debug-file - session manager: send message to worker process.
[2026-04-20T22:49:25.009] [DEBUG] debug-file - session manager: send message to worker process.
[2026-04-20T22:49:25.008] [DEBUG] debug-file - watch worker: worker id should be larger than 0. Nothing will be sent to any worker thread.
[2026-04-20T22:49:25.008] [DEBUG] debug-file - watch worker: worker id should be larger than 0. Nothing will be sent to any worker thread.
[2026-04-20T23:09:02.075] [DEBUG] debug-file - session manager: set active socket. socketId=uE1lxTlcxWKTWaOFAAAJ
[2026-04-20T23:09:02.105] [DEBUG] debug-file - watch worker: worker id should be larger than 0. Nothing will be sent to any worker thread.
[2026-04-20T23:09:02.124] [DEBUG] debug-file - Workers' log level updated to INFO
[2026-04-20T23:09:02.137] [DEBUG] debug-file - Hvigor init with startParameters:{
  hvigorfileTypeCheck: false,
  parallelExecution: true,
  incrementalExecution: true,
  printStackTrace: false,
  daemon: true,
  analyze: 0,
  logLevel: Level { level: 20000, levelStr: 'INFO', colour: 'green' },
  optimizationStrategy: 'memory',
  hotCompile: undefined,
  hotReloadBuild: undefined,
  customizedParam: undefined
}
[2026-04-20T23:09:02.152] [DEBUG] debug-file - Cache service initialization finished in 15 ms 
[2026-04-20T23:09:02.156] [DEBUG] debug-file - hvigorfile, resolving D:\harmonyos_code\ljh25307105\hvigorfile.ts
[2026-04-20T23:09:02.193] [DEBUG] debug-file - hvigorfile, require result:  {}
[2026-04-20T23:09:02.193] [DEBUG] debug-file - hvigorfile, binding system plugins {}
[2026-04-20T23:09:02.194] [DEBUG] debug-file - Starting plugin build process
[2026-04-20T23:09:02.194] [DEBUG] debug-file - App plugin prepare start...
[2026-04-20T23:09:02.195] [DEBUG] debug-file - App plugin prepare end...
[2026-04-20T23:09:02.195] [DEBUG] debug-file - App plugin creating...
[2026-04-20T23:09:02.210] [DEBUG] debug-file - App plugin register hook start...
[2026-04-20T23:09:02.210] [DEBUG] debug-file - App plugin register hook end...
[2026-04-20T23:09:02.210] [DEBUG] debug-file - Plugin build process completed
[2026-04-20T23:09:02.211] [DEBUG] debug-file - Start initialize project's product build option map with build mode debug.
[2026-04-20T23:09:02.211] [DEBUG] debug-file - Picking option from product 'default' with build mode 'debug'.
[2026-04-20T23:09:02.211] [DEBUG] debug-file - Product 'default' build option initialized
[2026-04-20T23:09:02.211] [DEBUG] debug-file - End initialize project's product build option map with build mode 'debug'.
[2026-04-20T23:09:02.212] [DEBUG] debug-file - Obtain build option for product 'default'in this build.
[2026-04-20T23:09:02.214] [DEBUG] debug-file - No signingConfig found, initRemoteHspCache failed.
[2026-04-20T23:09:02.220] [DEBUG] debug-file - Start recording SDK configuration permission data.
[2026-04-20T23:09:02.259] [DEBUG] debug-file - Sdk init in 44 ms 
[2026-04-20T23:09:02.265] [DEBUG] debug-file - Project task initialization takes 5 ms 
[2026-04-20T23:09:02.265] [DEBUG] debug-file - hvigorfile, resolve finished D:\harmonyos_code\ljh25307105\hvigorfile.ts
[2026-04-20T23:09:02.266] [DEBUG] debug-file - hvigorfile, resolving D:\harmonyos_code\ljh25307105\entry\hvigorfile.ts
[2026-04-20T23:09:02.272] [DEBUG] debug-file - hvigorfile, require result:  {}
[2026-04-20T23:09:02.272] [DEBUG] debug-file - hvigorfile, binding system plugins {}
[2026-04-20T23:09:02.272] [DEBUG] debug-file - Starting plugin build process
[2026-04-20T23:09:02.272] [DEBUG] debug-file - Hap plugin creating...
[2026-04-20T23:09:02.274] [DEBUG] debug-file - failed to load cangjie to dynamically generate schemas: Error: Cannot find module '@ohos/cangjie-build-support/index'
Require stack:
- D:\DevEco Studio\tools\hvigor\hvigor-ohos-plugin\src\plugin\hooks\cangjie-register.js
- D:\DevEco Studio\tools\hvigor\hvigor-ohos-plugin\src\plugin\strategy\stage-init-strategy.js
- D:\DevEco Studio\tools\hvigor\hvigor-ohos-plugin\src\plugin\builder\abstract-plugin-builder.js
- D:\DevEco Studio\tools\hvigor\hvigor-ohos-plugin\src\plugin\builder\app-plugin-builder.js
- D:\DevEco Studio\tools\hvigor\hvigor-ohos-plugin\src\plugin\factory\plugin-factory.js
- D:\DevEco Studio\tools\hvigor\hvigor-ohos-plugin\index.js
- D:\harmonyos_code\ljh25307105\hvigorfile.ts
- D:\DevEco Studio\tools\hvigor\hvigor\src\base\internal\lifecycle\configuration.js
- D:\DevEco Studio\tools\hvigor\hvigor\src\base\boot\index.js
- D:\DevEco Studio\tools\hvigor\hvigor\src\base\daemon\cluster\worker-process-lifecycle.js
- D:\DevEco Studio\tools\hvigor\hvigor\src\base\daemon\process\daemon-process-boot-script.js
[2026-04-20T23:09:02.278] [DEBUG] debug-file - Start initialize module-target build option map, moduleName=entry, buildMode=release
[2026-04-20T23:09:02.279] [DEBUG] debug-file - Target 'default' config initialized
[2026-04-20T23:09:02.279] [DEBUG] debug-file - Module 'entry' target 'default' build option initialized
[2026-04-20T23:09:02.279] [DEBUG] debug-file - End initialize module-target build option map, moduleName=entry
[2026-04-20T23:09:02.279] [DEBUG] debug-file - Start initialize module-target build option map, moduleName=entry, buildMode=debug
[2026-04-20T23:09:02.279] [DEBUG] debug-file - Target 'default' config initialized
[2026-04-20T23:09:02.279] [DEBUG] debug-file - Module 'entry' target 'default' build option initialized
[2026-04-20T23:09:02.279] [DEBUG] debug-file - End initialize module-target build option map, moduleName=entry
[2026-04-20T23:09:02.279] [DEBUG] debug-file - Start initialize module-target build option map, moduleName=entry, buildMode=debug
[2026-04-20T23:09:02.279] [DEBUG] debug-file - Target 'default' config initialized
[2026-04-20T23:09:02.280] [DEBUG] debug-file - Module 'entry' target 'default' build option initialized
[2026-04-20T23:09:02.280] [DEBUG] debug-file - End initialize module-target build option map, moduleName=entry
[2026-04-20T23:09:02.280] [DEBUG] debug-file - Obtain build option for module 'entry' target 'default'in this build.
[2026-04-20T23:09:02.283] [DEBUG] debug-file - Module entry task initialization takes 3 ms 
[2026-04-20T23:09:02.283] [DEBUG] debug-file - Hap plugin register hook start...
[2026-04-20T23:09:02.283] [DEBUG] debug-file - Hap plugin register hook end...
[2026-04-20T23:09:02.284] [DEBUG] debug-file - Plugin build process completed
[2026-04-20T23:09:02.284] [DEBUG] debug-file - hvigorfile, resolve finished D:\harmonyos_code\ljh25307105\entry\hvigorfile.ts
[2026-04-20T23:09:02.326] [DEBUG] debug-file - hvigorfile, resolve hvigorfile dependencies in 42 ms 
[2026-04-20T23:09:02.326] [DEBUG] debug-file - project has submodules:entry
[2026-04-20T23:09:02.328] [DEBUG] debug-file - start to load updatedOhPackageInfo to the disk
[2026-04-20T23:09:02.330] [DEBUG] debug-file - load to the disk finished
[2026-04-20T23:09:02.331] [DEBUG] debug-file - Start to initialize dependency information.
[2026-04-20T23:09:02.333] [DEBUG] debug-file - Module ljh25307105 Collected Dependency: 
[2026-04-20T23:09:02.333] [DEBUG] debug-file - Module ljh25307105's total dependency: 0
[2026-04-20T23:09:02.334] [DEBUG] debug-file - Start to initialize dependency information.
[2026-04-20T23:09:02.336] [DEBUG] debug-file - Module entry Collected Dependency: 
[2026-04-20T23:09:02.336] [DEBUG] debug-file - Module entry's total dependency: 0
[2026-04-20T23:09:02.339] [DEBUG] debug-file - Configuration phase cost:187 ms 
[2026-04-20T23:09:02.342] [DEBUG] debug-file - Configuration task cost before running: 217 ms 
[2026-04-20T23:09:02.342] [DEBUG] debug-file - Executing task :entry:init
[2026-04-20T23:09:02.345] [DEBUG] debug-file - entry : init cost memory 0.0148773193359375
[2026-04-20T23:09:02.345] [DEBUG] debug-file - runTaskFromQueue task cost before running: 219 ms 
[2026-04-20T23:09:02.345] [INFO] debug-file - Finished :entry:init... after 3 ms 
[2026-04-20T23:09:02.345] [DEBUG] debug-file - Executing task ::init
[2026-04-20T23:09:02.346] [DEBUG] debug-file - ljh25307105 : init cost memory 0.0173187255859375
[2026-04-20T23:09:02.346] [DEBUG] debug-file - runTaskFromQueue task cost before running: 220 ms 
[2026-04-20T23:09:02.346] [INFO] debug-file - Finished ::init... after 1 ms 
[2026-04-20T23:09:02.368] [DEBUG] debug-file - Obtain build option for module 'entry' target 'default'in this build.
[2026-04-20T23:09:02.379] [DEBUG] debug-file - hvigor build process will be closed.
[2026-04-20T23:09:02.385] [DEBUG] debug-file - session manager: send message to worker process.
[2026-04-20T23:09:02.386] [DEBUG] debug-file - session manager: send message to worker process.
[2026-04-20T23:09:02.385] [DEBUG] debug-file - watch worker: worker id should be larger than 0. Nothing will be sent to any worker thread.
[2026-04-20T23:09:02.386] [DEBUG] debug-file - watch worker: worker id should be larger than 0. Nothing will be sent to any worker thread.
[2026-04-20T23:19:16.891] [DEBUG] debug-file - session manager: set active socket. socketId=HZO-6gqoLr1JGRpLAAAL
[2026-04-20T23:19:16.898] [DEBUG] debug-file - watch worker: worker id should be larger than 0. Nothing will be sent to any worker thread.
[2026-04-20T23:19:16.911] [DEBUG] debug-file - Workers' log level updated to INFO
[2026-04-20T23:19:16.917] [DEBUG] debug-file - Hvigor init with startParameters:{
  hvigorfileTypeCheck: false,
  parallelExecution: true,
  incrementalExecution: true,
  printStackTrace: false,
  daemon: true,
  analyze: 0,
  logLevel: Level { level: 20000, levelStr: 'INFO', colour: 'green' },
  optimizationStrategy: 'memory',
  hotCompile: undefined,
  hotReloadBuild: undefined,
  customizedParam: undefined
}
[2026-04-20T23:19:16.925] [DEBUG] debug-file - Cache service initialization finished in 8 ms 
[2026-04-20T23:19:16.927] [DEBUG] debug-file - hvigorfile, resolving D:\harmonyos_code\ljh25307105\hvigorfile.ts
[2026-04-20T23:19:16.949] [DEBUG] debug-file - hvigorfile, require result:  {}
[2026-04-20T23:19:16.950] [DEBUG] debug-file - hvigorfile, binding system plugins {}
[2026-04-20T23:19:16.951] [DEBUG] debug-file - Starting plugin build process
[2026-04-20T23:19:16.951] [DEBUG] debug-file - App plugin prepare start...
[2026-04-20T23:19:16.951] [DEBUG] debug-file - App plugin prepare end...
[2026-04-20T23:19:16.951] [DEBUG] debug-file - App plugin creating...
[2026-04-20T23:19:16.960] [DEBUG] debug-file - App plugin register hook start...
[2026-04-20T23:19:16.960] [DEBUG] debug-file - App plugin register hook end...
[2026-04-20T23:19:16.964] [DEBUG] debug-file - Plugin build process completed
[2026-04-20T23:19:16.965] [DEBUG] debug-file - Start initialize project's product build option map with build mode debug.
[2026-04-20T23:19:16.965] [DEBUG] debug-file - Picking option from product 'default' with build mode 'debug'.
[2026-04-20T23:19:16.966] [DEBUG] debug-file - Product 'default' build option initialized
[2026-04-20T23:19:16.966] [DEBUG] debug-file - End initialize project's product build option map with build mode 'debug'.
[2026-04-20T23:19:16.967] [DEBUG] debug-file - Obtain build option for product 'default'in this build.
[2026-04-20T23:19:16.969] [DEBUG] debug-file - No signingConfig found, initRemoteHspCache failed.
[2026-04-20T23:19:16.975] [DEBUG] debug-file - Start recording SDK configuration permission data.
[2026-04-20T23:19:17.021] [DEBUG] debug-file - Sdk init in 51 ms 
[2026-04-20T23:19:17.026] [DEBUG] debug-file - Project task initialization takes 5 ms 
[2026-04-20T23:19:17.026] [DEBUG] debug-file - hvigorfile, resolve finished D:\harmonyos_code\ljh25307105\hvigorfile.ts
[2026-04-20T23:19:17.027] [DEBUG] debug-file - hvigorfile, resolving D:\harmonyos_code\ljh25307105\entry\hvigorfile.ts
[2026-04-20T23:19:17.030] [DEBUG] debug-file - hvigorfile, require result:  {}
[2026-04-20T23:19:17.030] [DEBUG] debug-file - hvigorfile, binding system plugins {}
[2026-04-20T23:19:17.031] [DEBUG] debug-file - Starting plugin build process
[2026-04-20T23:19:17.031] [DEBUG] debug-file - Hap plugin creating...
[2026-04-20T23:19:17.033] [DEBUG] debug-file - failed to load cangjie to dynamically generate schemas: Error: Cannot find module '@ohos/cangjie-build-support/index'
Require stack:
- D:\DevEco Studio\tools\hvigor\hvigor-ohos-plugin\src\plugin\hooks\cangjie-register.js
- D:\DevEco Studio\tools\hvigor\hvigor-ohos-plugin\src\plugin\strategy\stage-init-strategy.js
- D:\DevEco Studio\tools\hvigor\hvigor-ohos-plugin\src\plugin\builder\abstract-plugin-builder.js
- D:\DevEco Studio\tools\hvigor\hvigor-ohos-plugin\src\plugin\builder\app-plugin-builder.js
- D:\DevEco Studio\tools\hvigor\hvigor-ohos-plugin\src\plugin\factory\plugin-factory.js
- D:\DevEco Studio\tools\hvigor\hvigor-ohos-plugin\index.js
- D:\harmonyos_code\ljh25307105\hvigorfile.ts
- D:\DevEco Studio\tools\hvigor\hvigor\src\base\internal\lifecycle\configuration.js
- D:\DevEco Studio\tools\hvigor\hvigor\src\base\boot\index.js
- D:\DevEco Studio\tools\hvigor\hvigor\src\base\daemon\cluster\worker-process-lifecycle.js
- D:\DevEco Studio\tools\hvigor\hvigor\src\base\daemon\process\daemon-process-boot-script.js
[2026-04-20T23:19:17.038] [DEBUG] debug-file - Start initialize module-target build option map, moduleName=entry, buildMode=release
[2026-04-20T23:19:17.038] [DEBUG] debug-file - Target 'default' config initialized
[2026-04-20T23:19:17.038] [DEBUG] debug-file - Module 'entry' target 'default' build option initialized
[2026-04-20T23:19:17.038] [DEBUG] debug-file - End initialize module-target build option map, moduleName=entry
[2026-04-20T23:19:17.038] [DEBUG] debug-file - Start initialize module-target build option map, moduleName=entry, buildMode=debug
[2026-04-20T23:19:17.038] [DEBUG] debug-file - Target 'default' config initialized
[2026-04-20T23:19:17.038] [DEBUG] debug-file - Module 'entry' target 'default' build option initialized
[2026-04-20T23:19:17.038] [DEBUG] debug-file - End initialize module-target build option map, moduleName=entry
[2026-04-20T23:19:17.038] [DEBUG] debug-file - Start initialize module-target build option map, moduleName=entry, buildMode=debug
[2026-04-20T23:19:17.038] [DEBUG] debug-file - Target 'default' config initialized
[2026-04-20T23:19:17.038] [DEBUG] debug-file - Module 'entry' target 'default' build option initialized
[2026-04-20T23:19:17.039] [DEBUG] debug-file - End initialize module-target build option map, moduleName=entry
[2026-04-20T23:19:17.039] [DEBUG] debug-file - Obtain build option for module 'entry' target 'default'in this build.
[2026-04-20T23:19:17.041] [DEBUG] debug-file - Module entry task initialization takes 2 ms 
[2026-04-20T23:19:17.041] [DEBUG] debug-file - Hap plugin register hook start...
[2026-04-20T23:19:17.041] [DEBUG] debug-file - Hap plugin register hook end...
[2026-04-20T23:19:17.041] [DEBUG] debug-file - Plugin build process completed
[2026-04-20T23:19:17.042] [DEBUG] debug-file - hvigorfile, resolve finished D:\harmonyos_code\ljh25307105\entry\hvigorfile.ts
[2026-04-20T23:19:17.089] [DEBUG] debug-file - hvigorfile, resolve hvigorfile dependencies in 48 ms 
[2026-04-20T23:19:17.089] [DEBUG] debug-file - project has submodules:entry
[2026-04-20T23:19:17.091] [DEBUG] debug-file - start to load updatedOhPackageInfo to the disk
[2026-04-20T23:19:17.094] [DEBUG] debug-file - load to the disk finished
[2026-04-20T23:19:17.095] [DEBUG] debug-file - Start to initialize dependency information.
[2026-04-20T23:19:17.096] [DEBUG] debug-file - Module ljh25307105 Collected Dependency: 
[2026-04-20T23:19:17.096] [DEBUG] debug-file - Module ljh25307105's total dependency: 0
[2026-04-20T23:19:17.097] [DEBUG] debug-file - Start to initialize dependency information.
[2026-04-20T23:19:17.101] [DEBUG] debug-file - Module entry Collected Dependency: 
[2026-04-20T23:19:17.101] [DEBUG] debug-file - Module entry's total dependency: 0
[2026-04-20T23:19:17.104] [DEBUG] debug-file - Configuration phase cost:179 ms 
[2026-04-20T23:19:17.105] [DEBUG] debug-file - Configuration task cost before running: 194 ms 
[2026-04-20T23:19:17.112] [DEBUG] debug-file - Executing task :entry:default@PreBuild
[2026-04-20T23:19:17.113] [DEBUG] debug-file - Task 'entry:default@PreBuild' cost while wrapping incremental declarations: 1 ms 
[2026-04-20T23:19:17.124] [DEBUG] debug-file - Incremental task entry:default@PreBuild pre-execution cost: 8 ms .
[2026-04-20T23:19:17.124] [DEBUG] debug-file - entry : default@PreBuild cost memory 0.31189727783203125
[2026-04-20T23:19:17.127] [INFO] debug-file - UP-TO-DATE :entry:default@PreBuild...  
[2026-04-20T23:19:17.128] [DEBUG] debug-file - Executing task :entry:default@CreateModuleInfo
[2026-04-20T23:19:17.129] [DEBUG] debug-file - Task 'entry:default@CreateModuleInfo' cost while wrapping incremental declarations: 1 ms 
[2026-04-20T23:19:17.129] [DEBUG] debug-file - entry : default@CreateModuleInfo cost memory 0.04123687744140625
[2026-04-20T23:19:17.130] [DEBUG] debug-file - runTaskFromQueue task cost before running: 218 ms 
[2026-04-20T23:19:17.130] [INFO] debug-file - Finished :entry:default@CreateModuleInfo... after 2 ms 
[2026-04-20T23:19:17.131] [DEBUG] debug-file - Executing task :entry:default@GenerateMetadata
[2026-04-20T23:19:17.132] [DEBUG] debug-file - Task 'entry:default@GenerateMetadata' cost while wrapping incremental declarations: 1 ms 
[2026-04-20T23:19:17.133] [DEBUG] debug-file - Incremental task entry:default@GenerateMetadata pre-execution cost: 1 ms .
[2026-04-20T23:19:17.133] [DEBUG] debug-file - entry : default@GenerateMetadata cost memory 0.08159637451171875
[2026-04-20T23:19:17.133] [INFO] debug-file - UP-TO-DATE :entry:default@GenerateMetadata...  
[2026-04-20T23:19:17.134] [DEBUG] debug-file - Executing task :entry:default@ConfigureCmake
[2026-04-20T23:19:17.134] [DEBUG] debug-file - entry : default@ConfigureCmake cost memory 0.0145263671875
[2026-04-20T23:19:17.134] [DEBUG] debug-file - runTaskFromQueue task cost before running: 222 ms 
[2026-04-20T23:19:17.134] [INFO] debug-file - Finished :entry:default@ConfigureCmake... after 1 ms 
[2026-04-20T23:19:17.136] [DEBUG] debug-file - Executing task :entry:default@MergeProfile
[2026-04-20T23:19:17.136] [DEBUG] debug-file - Task 'entry:default@MergeProfile' cost while wrapping incremental declarations: 1 ms 
[2026-04-20T23:19:17.138] [DEBUG] debug-file - Incremental task entry:default@MergeProfile pre-execution cost: 2 ms .
[2026-04-20T23:19:17.139] [DEBUG] debug-file - entry : default@MergeProfile cost memory 0.124542236328125
[2026-04-20T23:19:17.139] [INFO] debug-file - UP-TO-DATE :entry:default@MergeProfile...  
[2026-04-20T23:19:17.140] [DEBUG] debug-file - Executing task :entry:default@CreateBuildProfile
[2026-04-20T23:19:17.141] [DEBUG] debug-file - Task 'entry:default@CreateBuildProfile' cost while wrapping incremental declarations: 1 ms 
[2026-04-20T23:19:17.142] [DEBUG] debug-file - Incremental task entry:default@CreateBuildProfile pre-execution cost: 2 ms .
[2026-04-20T23:19:17.143] [DEBUG] debug-file - entry : default@CreateBuildProfile cost memory 0.10478973388671875
[2026-04-20T23:19:17.144] [INFO] debug-file - UP-TO-DATE :entry:default@CreateBuildProfile...  
[2026-04-20T23:19:17.145] [DEBUG] debug-file - Executing task :entry:default@PreCheckSyscap
[2026-04-20T23:19:17.145] [DEBUG] debug-file - entry : default@PreCheckSyscap cost memory 0.01474761962890625
[2026-04-20T23:19:17.145] [DEBUG] debug-file - runTaskFromQueue task cost before running: 234 ms 
[2026-04-20T23:19:17.146] [INFO] debug-file - Finished :entry:default@PreCheckSyscap... after 1 ms 
[2026-04-20T23:19:17.147] [DEBUG] debug-file - Executing task :entry:default@GeneratePkgContextInfo
[2026-04-20T23:19:17.153] [DEBUG] debug-file - Task 'entry:default@GeneratePkgContextInfo' cost while wrapping incremental declarations: 1 ms 
[2026-04-20T23:19:17.154] [DEBUG] debug-file - entry : default@GeneratePkgContextInfo cost memory 0.1519775390625
[2026-04-20T23:19:17.154] [DEBUG] debug-file - runTaskFromQueue task cost before running: 242 ms 
[2026-04-20T23:19:17.154] [INFO] debug-file - Finished :entry:default@GeneratePkgContextInfo... after 7 ms 
[2026-04-20T23:19:17.155] [DEBUG] debug-file - Executing task :entry:default@GeneratePkgSdkInfo
[2026-04-20T23:19:17.158] [DEBUG] debug-file - Task 'entry:default@GeneratePkgSdkInfo' cost while wrapping incremental declarations: 1 ms 
[2026-04-20T23:19:17.158] [DEBUG] debug-file - Incremental task entry:default@GeneratePkgSdkInfo pre-execution cost: 1 ms .
[2026-04-20T23:19:17.158] [DEBUG] debug-file - entry : default@GeneratePkgSdkInfo cost memory 0.1230316162109375
[2026-04-20T23:19:17.159] [INFO] debug-file - UP-TO-DATE :entry:default@GeneratePkgSdkInfo...  
[2026-04-20T23:19:17.164] [DEBUG] debug-file - Executing task :entry:default@ProcessIntegratedHsp
[2026-04-20T23:19:17.165] [DEBUG] debug-file - entry:default@ProcessIntegratedHsp is not up-to-date, since the output file 'D:\harmonyos_code\ljh25307105\build\cache\default\integrated_hsp\integratedHspCache.json' does not exist.
[2026-04-20T23:19:17.165] [DEBUG] debug-file - Incremental task entry:default@ProcessIntegratedHsp pre-execution cost: 1 ms .
[2026-04-20T23:19:17.165] [DEBUG] debug-file - entry : default@ProcessIntegratedHsp cost memory 0.0550689697265625
[2026-04-20T23:19:17.165] [DEBUG] debug-file - runTaskFromQueue task cost before running: 254 ms 
[2026-04-20T23:19:17.166] [INFO] debug-file - Finished :entry:default@ProcessIntegratedHsp... after 2 ms 
[2026-04-20T23:19:17.167] [DEBUG] debug-file - Executing task :entry:default@BuildNativeWithCmake
[2026-04-20T23:19:17.168] [DEBUG] debug-file - entry : default@BuildNativeWithCmake cost memory 0.0145263671875
[2026-04-20T23:19:17.168] [DEBUG] debug-file - runTaskFromQueue task cost before running: 256 ms 
[2026-04-20T23:19:17.168] [INFO] debug-file - Finished :entry:default@BuildNativeWithCmake... after 1 ms 
[2026-04-20T23:19:17.169] [DEBUG] debug-file - Executing task :entry:default@MakePackInfo
[2026-04-20T23:19:17.171] [DEBUG] debug-file - Incremental task entry:default@MakePackInfo pre-execution cost: 2 ms .
[2026-04-20T23:19:17.171] [DEBUG] debug-file - entry : default@MakePackInfo cost memory 0.103759765625
[2026-04-20T23:19:17.172] [INFO] debug-file - UP-TO-DATE :entry:default@MakePackInfo...  
[2026-04-20T23:19:17.173] [DEBUG] debug-file - Executing task :entry:default@SyscapTransform
[2026-04-20T23:19:17.173] [DEBUG] debug-file - File: 'D:\harmonyos_code\ljh25307105\entry\src\main\syscap.json' from 'sysCapJsonPath' is not exists, just ignore.
[2026-04-20T23:19:17.174] [DEBUG] debug-file - Task 'entry:default@SyscapTransform' cost while wrapping incremental declarations: 2 ms 
[2026-04-20T23:19:17.177] [DEBUG] debug-file - entry:default@SyscapTransform is not up-to-date, since the output file 'D:\harmonyos_code\ljh25307105\entry\build\default\intermediates\syscap\default\rpcid.sc' does not exist.
[2026-04-20T23:19:17.177] [DEBUG] debug-file - Incremental task entry:default@SyscapTransform pre-execution cost: 3 ms .
[2026-04-20T23:19:17.177] [DEBUG] debug-file - entry : default@SyscapTransform cost memory 0.14664459228515625
[2026-04-20T23:19:17.177] [DEBUG] debug-file - runTaskFromQueue task cost before running: 266 ms 
[2026-04-20T23:19:17.178] [INFO] debug-file - Finished :entry:default@SyscapTransform... after 5 ms 
[2026-04-20T23:19:17.179] [DEBUG] debug-file - Executing task :entry:default@ProcessProfile
[2026-04-20T23:19:17.180] [DEBUG] debug-file - Task 'entry:default@ProcessProfile' cost while wrapping incremental declarations: 1 ms 
[2026-04-20T23:19:17.181] [DEBUG] debug-file - Incremental task entry:default@ProcessProfile pre-execution cost: 1 ms .
[2026-04-20T23:19:17.181] [DEBUG] debug-file - entry : default@ProcessProfile cost memory 0.11998748779296875
[2026-04-20T23:19:17.181] [INFO] debug-file - UP-TO-DATE :entry:default@ProcessProfile...  
[2026-04-20T23:19:17.183] [DEBUG] debug-file - Executing task :entry:default@ProcessRouterMap
[2026-04-20T23:19:17.186] [DEBUG] debug-file - Incremental task entry:default@ProcessRouterMap pre-execution cost: 3 ms .
[2026-04-20T23:19:17.186] [DEBUG] debug-file - entry : default@ProcessRouterMap cost memory 0.12761688232421875
[2026-04-20T23:19:17.186] [INFO] debug-file - UP-TO-DATE :entry:default@ProcessRouterMap...  
[2026-04-20T23:19:17.187] [DEBUG] debug-file - Executing task :entry:default@ProcessShareConfig
[2026-04-20T23:19:17.191] [DEBUG] debug-file - Incremental task entry:default@ProcessShareConfig pre-execution cost: 3 ms .
[2026-04-20T23:19:17.191] [DEBUG] debug-file - entry : default@ProcessShareConfig cost memory 0.10478973388671875
[2026-04-20T23:19:17.192] [INFO] debug-file - UP-TO-DATE :entry:default@ProcessShareConfig...  
[2026-04-20T23:19:17.193] [DEBUG] debug-file - Executing task :entry:default@ProcessStartupConfig
[2026-04-20T23:19:17.193] [DEBUG] debug-file - Task 'entry:default@ProcessStartupConfig' cost while wrapping incremental declarations: 1 ms 
[2026-04-20T23:19:17.194] [DEBUG] debug-file - entry:default@ProcessStartupConfig is not up-to-date, since the output file 'D:\harmonyos_code\ljh25307105\entry\build\default\intermediates\startup\default\startup_config.json' does not exist.
[2026-04-20T23:19:17.194] [DEBUG] debug-file - Incremental task entry:default@ProcessStartupConfig pre-execution cost: 1 ms .
[2026-04-20T23:19:17.195] [DEBUG] debug-file - entry : default@ProcessStartupConfig cost memory 0.08878326416015625
[2026-04-20T23:19:17.195] [DEBUG] debug-file - runTaskFromQueue task cost before running: 283 ms 
[2026-04-20T23:19:17.195] [INFO] debug-file - Finished :entry:default@ProcessStartupConfig... after 3 ms 
[2026-04-20T23:19:17.198] [DEBUG] debug-file - Executing task :entry:default@BuildNativeWithNinja
[2026-04-20T23:19:17.198] [DEBUG] debug-file - entry : default@BuildNativeWithNinja cost memory 0.01985931396484375
[2026-04-20T23:19:17.198] [DEBUG] debug-file - runTaskFromQueue task cost before running: 287 ms 
[2026-04-20T23:19:17.199] [INFO] debug-file - Finished :entry:default@BuildNativeWithNinja... after 1 ms 
[2026-04-20T23:19:17.200] [DEBUG] debug-file - restool module names: entry; moduleName=entry, taskName=default@ProcessResource
[2026-04-20T23:19:17.202] [DEBUG] debug-file - Executing task :entry:default@ProcessResource
[2026-04-20T23:19:17.203] [DEBUG] debug-file - Task 'entry:default@ProcessResource' cost while wrapping incremental declarations: 1 ms 
[2026-04-20T23:19:17.204] [DEBUG] debug-file - Incremental task entry:default@ProcessResource pre-execution cost: 2 ms .
[2026-04-20T23:19:17.204] [DEBUG] debug-file - entry : default@ProcessResource cost memory 0.13715362548828125
[2026-04-20T23:19:17.207] [INFO] debug-file - UP-TO-DATE :entry:default@ProcessResource...  
[2026-04-20T23:19:17.209] [DEBUG] debug-file - Executing task :entry:default@GenerateLoaderJson
[2026-04-20T23:19:17.210] [DEBUG] debug-file - Task 'entry:default@GenerateLoaderJson' cost while wrapping incremental declarations: 1 ms 
[2026-04-20T23:19:17.219] [DEBUG] debug-file - Incremental task entry:default@GenerateLoaderJson pre-execution cost: 6 ms .
[2026-04-20T23:19:17.220] [DEBUG] debug-file - entry : default@GenerateLoaderJson cost memory 0.4225616455078125
[2026-04-20T23:19:17.223] [INFO] debug-file - UP-TO-DATE :entry:default@GenerateLoaderJson...  
[2026-04-20T23:19:17.224] [DEBUG] debug-file - Executing task :entry:default@ProcessLibs
[2026-04-20T23:19:17.227] [DEBUG] debug-file - Incremental task entry:default@ProcessLibs pre-execution cost: 3 ms .
[2026-04-20T23:19:17.227] [DEBUG] debug-file - entry : default@ProcessLibs cost memory 0.09833526611328125
[2026-04-20T23:19:17.228] [INFO] debug-file - UP-TO-DATE :entry:default@ProcessLibs...  
[2026-04-20T23:19:17.229] [DEBUG] debug-file - restool module names: entry; moduleName=entry, taskName=default@CompileResource
[2026-04-20T23:19:17.230] [DEBUG] debug-file - Executing task :entry:default@CompileResource
[2026-04-20T23:19:17.255] [DEBUG] debug-file - Incremental task entry:default@CompileResource pre-execution cost: 24 ms .
[2026-04-20T23:19:17.256] [DEBUG] debug-file - entry : default@CompileResource cost memory -0.8041763305664062
[2026-04-20T23:19:17.257] [INFO] debug-file - UP-TO-DATE :entry:default@CompileResource...  
[2026-04-20T23:19:17.258] [DEBUG] debug-file - Executing task :entry:default@DoNativeStrip
[2026-04-20T23:19:17.259] [DEBUG] debug-file - File: 'D:\harmonyos_code\ljh25307105\entry\build\default\intermediates\binxo\default' from 'doBinxoNativeLibs' is not exists, just ignore.
[2026-04-20T23:19:17.259] [DEBUG] debug-file - Task 'entry:default@DoNativeStrip' cost while wrapping incremental declarations: 1 ms 
[2026-04-20T23:19:17.260] [DEBUG] debug-file - Incremental task entry:default@DoNativeStrip pre-execution cost: 2 ms .
[2026-04-20T23:19:17.261] [DEBUG] debug-file - entry : default@DoNativeStrip cost memory 0.0936279296875
[2026-04-20T23:19:17.261] [INFO] debug-file - UP-TO-DATE :entry:default@DoNativeStrip...  
[2026-04-20T23:19:17.263] [DEBUG] debug-file - Executing task :entry:default@CompileArkTS
[2026-04-20T23:19:17.263] [DEBUG] debug-file - obfuscationOptions: undefined
[2026-04-20T23:19:17.264] [DEBUG] debug-file - Task 'entry:default@CompileArkTS' cost while wrapping incremental declarations: 1 ms 
[2026-04-20T23:19:17.276] [DEBUG] debug-file - entry:default@CompileArkTS is not up-to-date, since the input file 'D:\harmonyos_code\ljh25307105\entry\src\main\ets' has been changed.
[2026-04-20T23:19:17.277] [DEBUG] debug-file - Incremental task entry:default@CompileArkTS pre-execution cost: 11 ms .
[2026-04-20T23:19:17.294] [DEBUG] debug-file - build config:
[2026-04-20T23:19:17.294] [DEBUG] debug-file - {
  moduleType: 'entry',
  perf: 0,
  targetName: '.default',
  packageManagerType: 'ohpm',
  localPropertiesPath: 'D:\\harmonyos_code\\ljh25307105\\local.properties',
  isPreview: false,
  isOhosTest: false,
  isLocalTest: false,
  buildMode: 'Debug',
  hotReloadBuild: undefined,
  watchMode: 'false',
  aceProfilePath: 'D:\\harmonyos_code\\ljh25307105\\entry\\build\\default\\intermediates\\res\\default\\resources\\base\\profile',
  etsLoaderPath: 'D:\\DevEco Studio\\sdk\\default\\openharmony\\ets\\build-tools\\ets-loader',
  modulePath: 'D:\\harmonyos_code\\ljh25307105\\entry',
  testFrameworkPar: {
    testMode: undefined,
    coveragePathFilter: undefined,
    coverageMode: undefined
  },
  needCoverageInsert: false,
  debugLine: false,
  projectTopDir: 'D:\\harmonyos_code\\ljh25307105',
  compileSdkVersion: 23,
  compatibleSdkVersion: 17,
  originCompatibleSdkVersion: '5.0.5(17)',
  compatibleSdkVersionStage: undefined,
  bundleName: 'c***t',
  etsLoaderVersion: '6.1.0.105',
  etsLoaderReleaseType: 'Release',
  aotCompileMode: 'type',
  apPath: 'D:\\harmonyos_code\\ljh25307105\\entry\\modules.ap',
  entryModuleName: 'entry',
  entryModuleVersion: '1.0.0',
  entryPackageName: 'entry',
  allModuleNameHash: '0019564ec147b3f85683354dda26a089a339380e39ebac837016312bfe63a515',
  externalApiPaths: [ 'D:\\DevEco Studio\\sdk\\default\\hms\\ets' ],
  compilerTypes: [],
  isCrossplatform: false,
  hvigorPluginFile: undefined,
  compilePluginPath: undefined,
  buildGeneratedProfilePath: 'D:\\harmonyos_code\\ljh25307105\\entry\\build\\default\\generated\\profile\\default',
  bundleType: 'app',
  arkTSVersion: undefined,
  apiVersion: 23,
  needCompleteSourcesMap: false,
  isFaMode: false,
  buildDir: 'D:\\harmonyos_code\\ljh25307105\\entry\\build',
  deviceTypes: [ 'phone' ],
  pkgContextInfo: undefined,
  ohPackagePathMap: {},
  dependencyAliasMap: {},
  permission: { requestPermissions: undefined, definePermissions: undefined },
  useGetCurrentBundleName: false,
  projectArkOption: undefined,
  sourceMapDir: undefined,
  branchElimination: false,
  transformLib: undefined,
  tsImportSendable: false,
  resolveConflictMode: true,
  depName2RootPath: {},
  depName2DepInfo: {},
  depName2OhExports: {},
  rootPathSet: [ 'D:\\harmonyos_code\\ljh25307105' ],
  useNativeResolver: true,
  shouldEmitJs: true,
  useTscResolve: false,
  singleFileEmit: false,
  userProjectConfig: {
    autoLazyImport: false,
    allowEmptyBundleName: false,
    reExportCheckMode: 'noCheck',
    executionMode: 'memory',
    usePathPlaceholder: false,
    writeRollupCache: true,
    isExpandImportEnabled: false,
    expandImportExclude: '',
    lazyImportExclude: '',
    lazyImportInclude: '',
    ignoreCrossplatformCheck: false,
    isHarDeduplicateEnabled: false,
    skipOhModulesLint: false,
    enableStrictCheckOHModule: false,
    disableSendableCheckRules: [],
    useDeclarationFileSignature: false,
    customizedOptions: undefined,
    integratedHsp: false,
    isPreloadSoEnabled: false
  },
  executionMode: 'memory',
  arkCompileCachePath: 'D:\\harmonyos_code\\ljh25307105\\entry\\build\\default\\cache\\default\\default@CompileArkTS\\esmodule',
  autoLazyFilter: undefined,
  isHarDeduplicateEnabled: false,
  intermediateHarDuplicateDirPath: 'D:\\harmonyos_code\\ljh25307105\\entry\\build\\default\\intermediates\\har_duplicate\\default',
  autoLazyImport: false,
  allowEmptyBundleName: false,
  reExportCheckMode: 'noCheck',
  usePathPlaceholder: false,
  writeRollupCache: true,
  isExpandImportEnabled: false,
  expandImportExclude: '',
  lazyImportExclude: '',
  lazyImportInclude: '',
  ignoreCrossplatformCheck: false,
  skipOhModulesLint: false,
  enableStrictCheckOHModule: false,
  disableSendableCheckRules: [],
  useDeclarationFileSignature: false,
  customizedOptions: undefined,
  integratedHsp: false,
  isPreloadSoEnabled: false,
  strictMode: undefined,
  useNormalizedOHMUrl: false,
  caseSensitiveCheck: false,
  aceModuleJsonPath: 'D:\\harmonyos_code\\ljh25307105\\entry\\build\\default\\intermediates\\res\\default\\ark_module.json',
  appResource: 'D:\\harmonyos_code\\ljh25307105\\entry\\build\\default\\intermediates\\res\\default\\ResourceTable.txt',
  rawFileResource: 'D:\\harmonyos_code\\ljh25307105\\entry\\build\\default\\intermediates\\res\\default\\resources\\rawfile',
  resourceTableHash: 'd481ae20e410bc66026a4d886b5af27f05f5b1a0de0da20153d7f02963b0d2d2',
  runtimeOS: 'HarmonyOS',
  sdkInfo: 'false:23:6.1.0.105:Release',
  aceModuleRoot: 'D:\\harmonyos_code\\ljh25307105\\entry\\src\\main\\ets',
  compileMode: 'esmodule',
  aceSuperVisualPath: 'D:\\harmonyos_code\\ljh25307105\\entry\\src\\main\\supervisual',
  aceBuildJson: 'D:\\harmonyos_code\\ljh25307105\\entry\\build\\default\\intermediates\\loader\\default\\loader.json',
  cachePath: 'D:\\harmonyos_code\\ljh25307105\\entry\\build\\default\\cache\\default\\default@CompileArkTS\\esmodule\\debug',
  aceModuleBuild: 'D:\\harmonyos_code\\ljh25307105\\entry\\build\\default\\intermediates\\loader_out\\default\\ets',
  supportChunks: true,
  declaredFilesPath: undefined,
  shouldCollectDirectImportees: false,
  isByteCodeHarOptimize: false,
  expandImportPath: undefined,
  resourceTableTs: 'D:\\harmonyos_code\\ljh25307105\\entry\\build\\default\\generated\\r\\default\\ResourceTable.ts',
  moduleMetaInfoFiles: [
    {
      filePath: 'D:\\harmonyos_code\\ljh25307105\\entry\\build\\default\\generated\\r\\default\\ResourceTable.ts',
      ohmurl: 'com.example.canvascomponent/entry/build/generated/r/ResourceTable'
    }
  ],
  pkgNameToPkgBriefInfo: {
    entry: {
      pkgRoot: 'D:\\harmonyos_code\\ljh25307105\\entry',
      originalSourceRoots: undefined,
      sourceRoots: [Array],
      pkgName: 'entry'
    }
  },
  projectModel: {
    'D:\\harmonyos_code\\ljh25307105\\entry\\src\\main': {
      moduleName: 'entry',
      modulePkgPath: 'D:\\harmonyos_code\\ljh25307105\\entry',
      belongProjectPath: 'D:\\harmonyos_code\\ljh25307105'
    },
    'D:\\harmonyos_code\\ljh25307105\\entry': {
      moduleName: 'entry',
      modulePkgPath: 'D:\\harmonyos_code\\ljh25307105\\entry',
      belongProjectPath: 'D:\\harmonyos_code\\ljh25307105'
    },
    'D:\\harmonyos_code\\ljh25307105': {
      moduleName: 'ljh25307105',
      modulePkgPath: 'D:\\harmonyos_code\\ljh25307105',
      belongProjectPath: 'D:\\harmonyos_code\\ljh25307105'
    }
  },
  pkgJsonFileHash: '2afff4febdc36911eef91f56078f85eadae932cafc4985f481ba3dd356730d69',
  allModulePaths: [ 'D:\\harmonyos_code\\ljh25307105\\entry' ],
  routerMap: {},
  obfuscationOptions: undefined,
  byteCodeHarToDependencyKeys: undefined,
  compileBlockPkg: [],
  mockParams: {
    decorator: '@MockSetup',
    packageName: '@ohos/hamock',
    etsSourceRootPath: 'src/main/ets',
    mockConfigPath: undefined,
    mockConfigKey2ModuleInfo: {},
    source2ModuleIdMap: {}
  },
  copyCodeResourceEnable: true,
  copyCodeResourceExcludes: [],
  copyCodeResourceIncludes: undefined,
  uiTransformOptimization: false,
  sdkPath: 'D:/DevEco Studio/sdk',
  needPreloadSoFileSet: {},
  preloadSoFilePath: 'D:\\harmonyos_code\\ljh25307105\\entry\\build\\default\\intermediates\\preload\\default\\preload.json',
  useSourceHash: false,
  localModuleParamMap: {},
  otherPaths: {
    'entry/*': [
      '..\\*',
      '..\\..\\..\\build\\default\\generated\\profile\\default\\*'
    ]
  },
  collectImportersConfig: undefined
}
[2026-04-20T23:19:17.295] [DEBUG] debug-file - Compile arkts with external api path: D:\DevEco Studio\sdk\default\hms\ets
[2026-04-20T23:19:17.296] [DEBUG] debug-file - default@CompileArkTS work[10] is submitted.
[2026-04-20T23:19:17.297] [DEBUG] debug-file - default@CompileArkTS work[10] is pushed to ready queue.
[2026-04-20T23:19:17.297] [DEBUG] debug-file - A work dispatched to worker[31] failed because unable to get work from ready queue.
[2026-04-20T23:19:17.297] [DEBUG] debug-file - A work dispatched to worker[30] failed because unable to get work from ready queue.
[2026-04-20T23:19:17.297] [DEBUG] debug-file - A work dispatched to worker[29] failed because unable to get work from ready queue.
[2026-04-20T23:19:17.297] [DEBUG] debug-file - A work dispatched to worker[28] failed because unable to get work from ready queue.
[2026-04-20T23:19:17.297] [DEBUG] debug-file - A work dispatched to worker[27] failed because unable to get work from ready queue.
[2026-04-20T23:19:17.297] [DEBUG] debug-file - A work dispatched to worker[26] failed because unable to get work from ready queue.
[2026-04-20T23:19:17.297] [DEBUG] debug-file - A work dispatched to worker[25] failed because unable to get work from ready queue.
[2026-04-20T23:19:17.297] [DEBUG] debug-file - A work dispatched to worker[24] failed because unable to get work from ready queue.
[2026-04-20T23:19:17.297] [DEBUG] debug-file - A work dispatched to worker[23] failed because unable to get work from ready queue.
[2026-04-20T23:19:17.297] [DEBUG] debug-file - A work dispatched to worker[22] failed because unable to get work from ready queue.
[2026-04-20T23:19:17.297] [DEBUG] debug-file - A work dispatched to worker[21] failed because unable to get work from ready queue.
[2026-04-20T23:19:17.298] [DEBUG] debug-file - A work dispatched to worker[20] failed because unable to get work from ready queue.
[2026-04-20T23:19:17.298] [DEBUG] debug-file - A work dispatched to worker[19] failed because unable to get work from ready queue.
[2026-04-20T23:19:17.298] [DEBUG] debug-file - A work dispatched to worker[18] failed because unable to get work from ready queue.
[2026-04-20T23:19:17.298] [DEBUG] debug-file - A work dispatched to worker[17] failed because unable to get work from ready queue.
[2026-04-20T23:19:17.298] [DEBUG] debug-file - A work dispatched to worker[16] failed because unable to get work from ready queue.
[2026-04-20T23:19:17.298] [DEBUG] debug-file - A work dispatched to worker[15] failed because unable to get work from ready queue.
[2026-04-20T23:19:17.298] [DEBUG] debug-file - A work dispatched to worker[14] failed because unable to get work from ready queue.
[2026-04-20T23:19:17.298] [DEBUG] debug-file - A work dispatched to worker[13] failed because unable to get work from ready queue.
[2026-04-20T23:19:17.298] [DEBUG] debug-file - A work dispatched to worker[12] failed because unable to get work from ready queue.
[2026-04-20T23:19:17.298] [DEBUG] debug-file - A work dispatched to worker[11] failed because unable to get work from ready queue.
[2026-04-20T23:19:17.298] [DEBUG] debug-file - A work dispatched to worker[10] failed because unable to get work from ready queue.
[2026-04-20T23:19:17.298] [DEBUG] debug-file - A work dispatched to worker[9] failed because unable to get work from ready queue.
[2026-04-20T23:19:17.298] [DEBUG] debug-file - A work dispatched to worker[8] failed because unable to get work from ready queue.
[2026-04-20T23:19:17.298] [DEBUG] debug-file - A work dispatched to worker[7] failed because unable to get work from ready queue.
[2026-04-20T23:19:17.298] [DEBUG] debug-file - A work dispatched to worker[6] failed because unable to get work from ready queue.
[2026-04-20T23:19:17.298] [DEBUG] debug-file - A work dispatched to worker[5] failed because unable to get work from ready queue.
[2026-04-20T23:19:17.299] [DEBUG] debug-file - default@CompileArkTS work[10] has been dispatched to worker[4].
[2026-04-20T23:19:17.299] [DEBUG] debug-file - default@CompileArkTS work[10] is dispatched.
[2026-04-20T23:19:17.299] [DEBUG] debug-file - CopyResources startTime: 32818414419100
[2026-04-20T23:19:17.299] [DEBUG] debug-file - default@CompileArkTS work[11] is submitted.
[2026-04-20T23:19:17.299] [DEBUG] debug-file - default@CompileArkTS work[11] is pushed to ready queue.
[2026-04-20T23:19:17.299] [DEBUG] debug-file - A work dispatched to worker[31] failed because unable to get work from ready queue.
[2026-04-20T23:19:17.299] [DEBUG] debug-file - Create  resident worker with id: 30.
[2026-04-20T23:19:17.302] [DEBUG] debug-file - default@CompileArkTS work[11] has been dispatched to worker[30].
[2026-04-20T23:19:17.303] [DEBUG] debug-file - default@CompileArkTS work[11] is dispatched.
[2026-04-20T23:19:17.303] [DEBUG] debug-file - entry : default@CompileArkTS cost memory -0.17821502685546875
[2026-04-20T23:19:17.305] [DEBUG] debug-file - Executing task :entry:default@BuildJS
[2026-04-20T23:19:17.305] [DEBUG] debug-file - Task 'entry:default@BuildJS' cost while wrapping incremental declarations: 1 ms 
[2026-04-20T23:19:17.309] [DEBUG] debug-file - entry : default@BuildJS cost memory 0.1383514404296875
[2026-04-20T23:19:17.309] [DEBUG] debug-file - runTaskFromQueue task cost before running: 398 ms 
[2026-04-20T23:19:17.309] [INFO] debug-file - Finished :entry:default@BuildJS... after 5 ms 
[2026-04-20T23:19:17.311] [DEBUG] debug-file - Executing task :entry:default@CacheNativeLibs
[2026-04-20T23:19:17.311] [DEBUG] debug-file - File: 'D:\harmonyos_code\ljh25307105\entry\build\default\intermediates\binxo\default' from 'cacheBinxoNativeLibs' is not exists, just ignore.
[2026-04-20T23:19:17.311] [DEBUG] debug-file - Task 'entry:default@CacheNativeLibs' cost while wrapping incremental declarations: 1 ms 
[2026-04-20T23:19:17.313] [DEBUG] debug-file - Incremental task entry:default@CacheNativeLibs pre-execution cost: 2 ms .
[2026-04-20T23:19:17.314] [DEBUG] debug-file - entry : default@CacheNativeLibs cost memory 0.11931610107421875
[2026-04-20T23:19:17.314] [INFO] debug-file - UP-TO-DATE :entry:default@CacheNativeLibs...  
[2026-04-20T23:19:18.575] [DEBUG] debug-file - worker[30] has one work done.
[2026-04-20T23:19:18.575] [DEBUG] debug-file - CopyResources is end, endTime: 32819690342000
[2026-04-20T23:19:18.575] [DEBUG] debug-file - default@CompileArkTS work[11] done.
[2026-04-20T23:19:18.575] [DEBUG] debug-file - A work dispatched to worker[30] failed because unable to get work from ready queue.
[2026-04-20T23:19:18.698] [DEBUG] debug-file - Ark compile task finished.finished time is 32819813858900
[2026-04-20T23:19:18.699] [DEBUG] debug-file - worker[4] has one work done.
[2026-04-20T23:19:18.700] [DEBUG] debug-file - default@CompileArkTS work[10] done.
[2026-04-20T23:19:18.700] [DEBUG] debug-file - A work dispatched to worker[4] failed because unable to get work from ready queue.
[2026-04-20T23:19:18.702] [INFO] debug-file - Finished :entry:default@CompileArkTS... after 1 s 418 ms 
[2026-04-20T23:19:18.703] [DEBUG] debug-file - Executing task :entry:default@GeneratePkgModuleJson
[2026-04-20T23:19:18.704] [DEBUG] debug-file - File: 'D:\harmonyos_code\ljh25307105\entry\build\default\intermediates\preload\default\preload.json' from 'preloadSoJsonPath' is not exists, just ignore.
[2026-04-20T23:19:18.704] [DEBUG] debug-file - Error occurs while handling @Input 'shouldDeduplicateHar': The "data" argument must be of type string or an instance of Buffer, TypedArray, or DataView. Received undefined
[2026-04-20T23:19:18.704] [DEBUG] debug-file - Task 'entry:default@GeneratePkgModuleJson' cost while wrapping incremental declarations: 1 ms 
[2026-04-20T23:19:18.706] [DEBUG] debug-file - Incremental task entry:default@GeneratePkgModuleJson pre-execution cost: 2 ms .
[2026-04-20T23:19:18.706] [DEBUG] debug-file - entry : default@GeneratePkgModuleJson cost memory 0.10369110107421875
[2026-04-20T23:19:18.706] [INFO] debug-file - UP-TO-DATE :entry:default@GeneratePkgModuleJson...  
[2026-04-20T23:19:18.707] [DEBUG] debug-file - Executing task :entry:default@ProcessCompiledResources
[2026-04-20T23:19:18.708] [DEBUG] debug-file - File: 'D:\harmonyos_code\ljh25307105\entry\build\default\intermediates\preload\default\preload.json' from 'preloadSoJsonPath' is not exists, just ignore.
[2026-04-20T23:19:18.708] [DEBUG] debug-file - Task 'entry:default@ProcessCompiledResources' cost while wrapping incremental declarations: 1 ms 
[2026-04-20T23:19:18.708] [DEBUG] debug-file - entry : default@ProcessCompiledResources cost memory 0.05841064453125
[2026-04-20T23:19:18.708] [DEBUG] debug-file - runTaskFromQueue task cost before running: 1 s 797 ms 
[2026-04-20T23:19:18.708] [INFO] debug-file - Finished :entry:default@ProcessCompiledResources... after 1 ms 
[2026-04-20T23:19:18.710] [DEBUG] debug-file - Executing task :entry:default@PackageHap
[2026-04-20T23:19:18.721] [DEBUG] debug-file - entry:default@PackageHap is not up-to-date, since the input file 'D:\harmonyos_code\ljh25307105\entry\build\default\intermediates\loader_out\default\ets' has been changed.
[2026-04-20T23:19:18.721] [DEBUG] debug-file - Incremental task entry:default@PackageHap pre-execution cost: 11 ms .
[2026-04-20T23:19:18.723] [DEBUG] debug-file - Use tool [D:\DevEco Studio\sdk\default\openharmony\toolchains\lib\app_packing_tool.jar]
 [
  'java',
  '-Dfile.encoding=GBK',
  '-jar',
  'D:\\DevEco Studio\\sdk\\default\\openharmony\\toolchains\\lib\\app_packing_tool.jar',
  '--mode',
  'hap',
  '--force',
  'true',
  '--lib-path',
  'D:\\harmonyos_code\\ljh25307105\\entry\\build\\default\\intermediates\\stripped_native_libs\\default',
  '--json-path',
  'D:\\harmonyos_code\\ljh25307105\\entry\\build\\default\\intermediates\\package\\default\\module.json',
  '--resources-path',
  'D:\\harmonyos_code\\ljh25307105\\entry\\build\\default\\intermediates\\res\\default\\resources',
  '--index-path',
  'D:\\harmonyos_code\\ljh25307105\\entry\\build\\default\\intermediates\\res\\default\\resources.index',
  '--pack-info-path',
  'D:\\harmonyos_code\\ljh25307105\\entry\\build\\default\\outputs\\default\\pack.info',
  '--out-path',
  'D:\\harmonyos_code\\ljh25307105\\entry\\build\\default\\outputs\\default\\entry-default-unsigned.hap',
  '--ets-path',
  'D:\\harmonyos_code\\ljh25307105\\entry\\build\\default\\intermediates\\loader_out\\default\\ets',
  '--pkg-sdk-info-path',
  'D:\\harmonyos_code\\ljh25307105\\entry\\build\\default\\intermediates\\loader\\default\\pkgSdkInfo.json'
]
[2026-04-20T23:19:18.723] [DEBUG] debug-file - default@PackageHap work[12] is submitted.
[2026-04-20T23:19:18.723] [DEBUG] debug-file - default@PackageHap work[12] is pushed to ready queue.
[2026-04-20T23:19:18.723] [DEBUG] debug-file - A work dispatched to worker[31] failed because unable to get work from ready queue.
[2026-04-20T23:19:18.724] [DEBUG] debug-file - default@PackageHap work[12] has been dispatched to worker[30].
[2026-04-20T23:19:18.724] [DEBUG] debug-file - default@PackageHap work[12] is dispatched.
[2026-04-20T23:19:18.727] [DEBUG] debug-file - entry : default@PackageHap cost memory 0.909912109375
[2026-04-20T23:19:19.067] [DEBUG] debug-file - current process  memoryUsage: {
  rss: 406691840,
  heapTotal: 81035264,
  heapUsed: 50964584,
  external: 2362475,
  arrayBuffers: 120798
} os memoryUsage :13.19662094116211
[2026-04-20T23:19:19.439] [DEBUG] debug-file - worker[30] has one work done.
[2026-04-20T23:19:19.440] [DEBUG] debug-file - default@PackageHap work[12] done.
[2026-04-20T23:19:19.440] [DEBUG] debug-file - A work dispatched to worker[30] failed because unable to get work from ready queue.
[2026-04-20T23:19:19.442] [INFO] debug-file - Finished :entry:default@PackageHap... after 393 ms 
[2026-04-20T23:19:19.444] [DEBUG] debug-file - Executing task :entry:default@PackingCheck
[2026-04-20T23:19:19.453] [DEBUG] debug-file - entry : default@PackingCheck cost memory -1.2591094970703125
[2026-04-20T23:19:19.453] [DEBUG] debug-file - runTaskFromQueue task cost before running: 2 s 541 ms 
[2026-04-20T23:19:19.453] [INFO] debug-file - Finished :entry:default@PackingCheck... after 10 ms 
[2026-04-20T23:19:19.455] [DEBUG] debug-file - Executing task :entry:default@SignHap
[2026-04-20T23:19:19.455] [WARN] debug-file - Will skip sign 'hos_hap'. No signingConfigs profile is configured in current project.
             If needed, configure the signingConfigs in D:\harmonyos_code\ljh25307105\build-profile.json5.
[2026-04-20T23:19:19.456] [DEBUG] debug-file - entry:default@SignHap is not up-to-date, since the input file 'D:\harmonyos_code\ljh25307105\entry\build\default\outputs\default\entry-default-unsigned.hap' has been changed.
[2026-04-20T23:19:19.456] [DEBUG] debug-file - Incremental task entry:default@SignHap pre-execution cost: 1 ms .
[2026-04-20T23:19:19.457] [DEBUG] debug-file - entry : default@SignHap cost memory 0.0854339599609375
[2026-04-20T23:19:19.457] [DEBUG] debug-file - runTaskFromQueue task cost before running: 2 s 545 ms 
[2026-04-20T23:19:19.458] [INFO] debug-file - Finished :entry:default@SignHap... after 3 ms 
[2026-04-20T23:19:19.459] [DEBUG] debug-file - Executing task :entry:default@CollectDebugSymbol
[2026-04-20T23:19:19.460] [DEBUG] debug-file - entry : default@CollectDebugSymbol cost memory 0.083038330078125
[2026-04-20T23:19:19.461] [DEBUG] debug-file - runTaskFromQueue task cost before running: 2 s 549 ms 
[2026-04-20T23:19:19.461] [INFO] debug-file - Finished :entry:default@CollectDebugSymbol... after 2 ms 
[2026-04-20T23:19:19.461] [DEBUG] debug-file - Executing task :entry:assembleHap
[2026-04-20T23:19:19.461] [DEBUG] debug-file - entry : assembleHap cost memory 0.0122528076171875
[2026-04-20T23:19:19.461] [DEBUG] debug-file - runTaskFromQueue task cost before running: 2 s 550 ms 
[2026-04-20T23:19:19.461] [INFO] debug-file - Finished :entry:assembleHap... after 1 ms 
[2026-04-20T23:19:19.492] [INFO] debug-file - BUILD SUCCESSFUL in 2 s 580 ms 
[2026-04-20T23:19:19.492] [DEBUG] debug-file - There is no need to refresh cache, since the incremental task entry:default@PreBuild is up-to-date.
[2026-04-20T23:19:19.492] [DEBUG] debug-file - Update task entry:default@CreateModuleInfo output file:D:\harmonyos_code\ljh25307105\entry\build\default\generated\profile\default\ModuleInfo.ts cache.
[2026-04-20T23:19:19.493] [DEBUG] debug-file - Incremental task entry:default@CreateModuleInfo post-execution cost:1 ms .
[2026-04-20T23:19:19.493] [DEBUG] debug-file - There is no need to refresh cache, since the incremental task entry:default@GenerateMetadata is up-to-date.
[2026-04-20T23:19:19.493] [DEBUG] debug-file - There is no need to refresh cache, since the incremental task entry:default@MergeProfile is up-to-date.
[2026-04-20T23:19:19.493] [DEBUG] debug-file - There is no need to refresh cache, since the incremental task entry:default@CreateBuildProfile is up-to-date.
[2026-04-20T23:19:19.493] [DEBUG] debug-file - Update task entry:default@GeneratePkgContextInfo output file:D:\harmonyos_code\ljh25307105\entry\build\default\intermediates\loader\default\pkgContextInfo.json cache.
[2026-04-20T23:19:19.494] [DEBUG] debug-file - Incremental task entry:default@GeneratePkgContextInfo post-execution cost:1 ms .
[2026-04-20T23:19:19.494] [DEBUG] debug-file - There is no need to refresh cache, since the incremental task entry:default@GeneratePkgSdkInfo is up-to-date.
[2026-04-20T23:19:19.494] [DEBUG] debug-file - Update task entry:default@ProcessIntegratedHsp output file:D:\harmonyos_code\ljh25307105\build\cache\default\integrated_hsp\integratedHspCache.json cache.
[2026-04-20T23:19:19.494] [DEBUG] debug-file - Incremental task entry:default@ProcessIntegratedHsp post-execution cost:1 ms .
[2026-04-20T23:19:19.494] [DEBUG] debug-file - There is no need to refresh cache, since the incremental task entry:default@MakePackInfo is up-to-date.
[2026-04-20T23:19:19.494] [DEBUG] debug-file - Update task entry:default@SyscapTransform input file:D:\DevEco Studio\sdk\default\openharmony\toolchains\syscap_tool.exe cache by regenerate.
[2026-04-20T23:19:19.495] [DEBUG] debug-file - Update task entry:default@SyscapTransform input file:D:\DevEco Studio\sdk\default\openharmony\ets\api\device-define cache by regenerate.
[2026-04-20T23:19:19.497] [DEBUG] debug-file - Update task entry:default@SyscapTransform output file:D:\harmonyos_code\ljh25307105\entry\build\default\intermediates\syscap\default\rpcid.sc cache.
[2026-04-20T23:19:19.497] [DEBUG] debug-file - Incremental task entry:default@SyscapTransform post-execution cost:3 ms .
[2026-04-20T23:19:19.497] [DEBUG] debug-file - There is no need to refresh cache, since the incremental task entry:default@ProcessProfile is up-to-date.
[2026-04-20T23:19:19.498] [DEBUG] debug-file - There is no need to refresh cache, since the incremental task entry:default@ProcessRouterMap is up-to-date.
[2026-04-20T23:19:19.498] [DEBUG] debug-file - There is no need to refresh cache, since the incremental task entry:default@ProcessShareConfig is up-to-date.
[2026-04-20T23:19:19.498] [DEBUG] debug-file - Update task entry:default@ProcessStartupConfig output file:D:\harmonyos_code\ljh25307105\entry\build\default\intermediates\startup\default\startup_config.json cache.
[2026-04-20T23:19:19.498] [DEBUG] debug-file - Incremental task entry:default@ProcessStartupConfig post-execution cost:1 ms .
[2026-04-20T23:19:19.498] [DEBUG] debug-file - There is no need to refresh cache, since the incremental task entry:default@ProcessResource is up-to-date.
[2026-04-20T23:19:19.498] [DEBUG] debug-file - There is no need to refresh cache, since the incremental task entry:default@GenerateLoaderJson is up-to-date.
[2026-04-20T23:19:19.498] [DEBUG] debug-file - There is no need to refresh cache, since the incremental task entry:default@ProcessLibs is up-to-date.
[2026-04-20T23:19:19.498] [DEBUG] debug-file - There is no need to refresh cache, since the incremental task entry:default@CompileResource is up-to-date.
[2026-04-20T23:19:19.499] [DEBUG] debug-file - There is no need to refresh cache, since the incremental task entry:default@DoNativeStrip is up-to-date.
[2026-04-20T23:19:19.501] [DEBUG] debug-file - Update task entry:default@CompileArkTS input file:D:\harmonyos_code\ljh25307105\entry\build\default\intermediates\loader\default cache by regenerate.
[2026-04-20T23:19:19.502] [DEBUG] debug-file - Update task entry:default@CompileArkTS input file:D:\harmonyos_code\ljh25307105\entry\build\default\intermediates\res\default\ResourceTable.txt cache by regenerate.
[2026-04-20T23:19:19.503] [DEBUG] debug-file - Update task entry:default@CompileArkTS input file:D:\harmonyos_code\ljh25307105\entry\build\default\intermediates\res\default\ark_module.json cache by regenerate.
[2026-04-20T23:19:19.503] [DEBUG] debug-file - Update task entry:default@CompileArkTS input file:D:\harmonyos_code\ljh25307105\entry\build\default\intermediates\res\default\resources\base\profile cache by regenerate.
[2026-04-20T23:19:19.504] [DEBUG] debug-file - Update task entry:default@CompileArkTS input file:D:\harmonyos_code\ljh25307105\entry\src\main\ets cache from map.
[2026-04-20T23:19:19.504] [DEBUG] debug-file - Update task entry:default@CompileArkTS input file:D:\harmonyos_code\ljh25307105\entry\build\default\generated\profile\default\BuildProfile.ets cache by regenerate.
[2026-04-20T23:19:19.504] [DEBUG] debug-file - Update task entry:default@CompileArkTS output file:D:\harmonyos_code\ljh25307105\entry\build\default\intermediates\loader_out\default\ets cache.
[2026-04-20T23:19:19.505] [DEBUG] debug-file - Incremental task entry:default@CompileArkTS post-execution cost:7 ms .
[2026-04-20T23:19:19.507] [DEBUG] debug-file - Update task entry:default@BuildJS input file:D:\harmonyos_code\ljh25307105\entry\build\default\intermediates\loader\default cache by regenerate.
[2026-04-20T23:19:19.508] [DEBUG] debug-file - Update task entry:default@BuildJS input file:D:\harmonyos_code\ljh25307105\entry\build\default\intermediates\res\default\ResourceTable.txt cache by regenerate.
[2026-04-20T23:19:19.509] [DEBUG] debug-file - Update task entry:default@BuildJS input file:D:\harmonyos_code\ljh25307105\entry\build\default\intermediates\res\default\ark_module.json cache by regenerate.
[2026-04-20T23:19:19.509] [DEBUG] debug-file - Update task entry:default@BuildJS input file:D:\harmonyos_code\ljh25307105\entry\build\default\intermediates\res\default\resources\base\profile cache by regenerate.
[2026-04-20T23:19:19.510] [DEBUG] debug-file - Update task entry:default@BuildJS output file:D:\harmonyos_code\ljh25307105\entry\build\default\intermediates\loader_out\default\js cache.
[2026-04-20T23:19:19.510] [DEBUG] debug-file - Incremental task entry:default@BuildJS post-execution cost:5 ms .
[2026-04-20T23:19:19.510] [DEBUG] debug-file - There is no need to refresh cache, since the incremental task entry:default@CacheNativeLibs is up-to-date.
[2026-04-20T23:19:19.510] [DEBUG] debug-file - There is no need to refresh cache, since the incremental task entry:default@GeneratePkgModuleJson is up-to-date.
[2026-04-20T23:19:19.510] [DEBUG] debug-file - Incremental task entry:default@ProcessCompiledResources post-execution cost:1 ms .
[2026-04-20T23:19:19.512] [DEBUG] debug-file - Update task entry:default@PackageHap input file:D:\harmonyos_code\ljh25307105\entry\build\default\intermediates\stripped_native_libs\default cache by regenerate.
[2026-04-20T23:19:19.512] [DEBUG] debug-file - Update task entry:default@PackageHap input file:D:\harmonyos_code\ljh25307105\entry\build\default\intermediates\res\default\module.json cache by regenerate.
[2026-04-20T23:19:19.512] [DEBUG] debug-file - Update task entry:default@PackageHap input file:D:\harmonyos_code\ljh25307105\entry\build\default\intermediates\res\default\resources cache by regenerate.
[2026-04-20T23:19:19.522] [DEBUG] debug-file - Update task entry:default@PackageHap input file:D:\harmonyos_code\ljh25307105\entry\build\default\intermediates\res\default\resources.index cache by regenerate.
[2026-04-20T23:19:19.522] [DEBUG] debug-file - Update task entry:default@PackageHap input file:D:\harmonyos_code\ljh25307105\entry\build\default\outputs\default\pack.info cache by regenerate.
[2026-04-20T23:19:19.523] [DEBUG] debug-file - Update task entry:default@PackageHap input file:D:\harmonyos_code\ljh25307105\entry\build\default\intermediates\loader_out\default\ets cache from map.
[2026-04-20T23:19:19.523] [DEBUG] debug-file - Update task entry:default@PackageHap input file:D:\harmonyos_code\ljh25307105\entry\build\default\intermediates\loader\default\pkgSdkInfo.json cache by regenerate.
[2026-04-20T23:19:19.523] [DEBUG] debug-file - Update task entry:default@PackageHap input file:D:\harmonyos_code\ljh25307105\entry\build\default\intermediates\loader_out\default\ets\sourceMaps.map cache by regenerate.
[2026-04-20T23:19:19.524] [DEBUG] debug-file - Update task entry:default@PackageHap input file:D:\harmonyos_code\ljh25307105\entry\build\default\generated\profile\default\BuildProfile.ets cache by regenerate.
[2026-04-20T23:19:19.524] [DEBUG] debug-file - Update task entry:default@PackageHap output file:D:\harmonyos_code\ljh25307105\entry\build\default\outputs\default\entry-default-unsigned.hap cache.
[2026-04-20T23:19:19.524] [DEBUG] debug-file - Update task entry:default@PackageHap output file:D:\harmonyos_code\ljh25307105\entry\build\default\intermediates\source_map\default\sourceMaps.map cache.
[2026-04-20T23:19:19.525] [DEBUG] debug-file - Update task entry:default@PackageHap output file:D:\harmonyos_code\ljh25307105\entry\build\default\outputs\default\mapping\sourceMaps.map cache.
[2026-04-20T23:19:19.525] [DEBUG] debug-file - Incremental task entry:default@PackageHap post-execution cost:15 ms .
[2026-04-20T23:19:19.526] [DEBUG] debug-file - Update task entry:default@SignHap input file:D:\harmonyos_code\ljh25307105\entry\build\default\outputs\default\entry-default-unsigned.hap cache from map.
[2026-04-20T23:19:19.526] [DEBUG] debug-file - Update task entry:default@SignHap output file:D:\harmonyos_code\ljh25307105\entry\build\default\outputs\default\entry-default-signed.hap cache.
[2026-04-20T23:19:19.526] [DEBUG] debug-file - Incremental task entry:default@SignHap post-execution cost:1 ms .
[2026-04-20T23:19:19.527] [DEBUG] debug-file - Update task entry:default@CollectDebugSymbol input file:D:\harmonyos_code\ljh25307105\entry\build\default\intermediates\loader_out\default\ets\sourceMaps.map cache by regenerate.
[2026-04-20T23:19:19.527] [DEBUG] debug-file - Update task entry:default@CollectDebugSymbol input file:D:\harmonyos_code\ljh25307105\entry\build\default\intermediates\libs\default cache by regenerate.
[2026-04-20T23:19:19.527] [DEBUG] debug-file - Update task entry:default@CollectDebugSymbol output file:D:\harmonyos_code\ljh25307105\entry\build\default\outputs\default\symbol cache.
[2026-04-20T23:19:19.528] [DEBUG] debug-file - Incremental task entry:default@CollectDebugSymbol post-execution cost:2 ms .
[2026-04-20T23:19:19.564] [DEBUG] debug-file - Cleanup worker 30.
[2026-04-20T23:19:19.564] [DEBUG] debug-file - Worker 30 has been cleaned up.
[2026-04-20T23:19:19.564] [DEBUG] debug-file - Current idle worker size: 1.
[2026-04-20T23:19:19.564] [DEBUG] debug-file - Current resident worker size: 2.
[2026-04-20T23:19:19.565] [DEBUG] debug-file - hvigor build process will be closed.
[2026-04-20T23:19:19.573] [DEBUG] debug-file - session manager: send message to worker process.
[2026-04-20T23:19:19.573] [DEBUG] debug-file - session manager: send message to worker process.
[2026-04-20T23:19:19.574] [DEBUG] debug-file - watch worker: worker id should be larger than 0. Nothing will be sent to any worker thread.
[2026-04-20T23:19:19.574] [DEBUG] debug-file - watch worker: worker id should be larger than 0. Nothing will be sent to any worker thread.
[2026-04-20T23:19:19.576] [DEBUG] debug-file - worker[30] exits with exit code 1.
[2026-04-20T23:32:07.846] [DEBUG] debug-file - env: nodejsVersion=v18.20.1
[2026-04-20T23:32:07.904] [DEBUG] debug-file - env: daemon=true
[2026-04-20T23:32:07.848] [DEBUG] debug-file - env: hvigor-config.json5 content = { modelVersion: '5.0.0', dependencies: {} }
[2026-04-20T23:32:08.369] [DEBUG] debug-file - session manager: set active socket. socketId=c0vzhKU0LDZPxDV3AAAN
[2026-04-20T23:32:08.379] [DEBUG] debug-file - watch worker: worker id should be larger than 0. Nothing will be sent to any worker thread.
[2026-04-20T23:32:08.388] [DEBUG] debug-file - Workers' log level updated to INFO
[2026-04-20T23:32:08.397] [DEBUG] debug-file - Hvigor init with startParameters:{
  hvigorfileTypeCheck: false,
  parallelExecution: true,
  incrementalExecution: true,
  printStackTrace: false,
  daemon: true,
  analyze: 0,
  logLevel: Level { level: 20000, levelStr: 'INFO', colour: 'green' },
  optimizationStrategy: 'memory',
  hotCompile: undefined,
  hotReloadBuild: undefined,
  customizedParam: undefined
}
[2026-04-20T23:32:08.407] [DEBUG] debug-file - Cache service initialization finished in 9 ms 
[2026-04-20T23:32:08.409] [DEBUG] debug-file - hvigorfile, resolving D:\harmonyos_code\ljh25307105\hvigorfile.ts
[2026-04-20T23:32:08.436] [DEBUG] debug-file - hvigorfile, require result:  {}
[2026-04-20T23:32:08.436] [DEBUG] debug-file - hvigorfile, binding system plugins {}
[2026-04-20T23:32:08.437] [DEBUG] debug-file - Starting plugin build process
[2026-04-20T23:32:08.438] [DEBUG] debug-file - App plugin prepare start...
[2026-04-20T23:32:08.438] [DEBUG] debug-file - App plugin prepare end...
[2026-04-20T23:32:08.438] [DEBUG] debug-file - App plugin creating...
[2026-04-20T23:32:08.449] [DEBUG] debug-file - App plugin register hook start...
[2026-04-20T23:32:08.450] [DEBUG] debug-file - App plugin register hook end...
[2026-04-20T23:32:08.450] [DEBUG] debug-file - Plugin build process completed
[2026-04-20T23:32:08.451] [DEBUG] debug-file - Start initialize project's product build option map with build mode debug.
[2026-04-20T23:32:08.451] [DEBUG] debug-file - Picking option from product 'default' with build mode 'debug'.
[2026-04-20T23:32:08.451] [DEBUG] debug-file - Product 'default' build option initialized
[2026-04-20T23:32:08.451] [DEBUG] debug-file - End initialize project's product build option map with build mode 'debug'.
[2026-04-20T23:32:08.454] [DEBUG] debug-file - Obtain build option for product 'default'in this build.
[2026-04-20T23:32:08.456] [DEBUG] debug-file - No signingConfig found, initRemoteHspCache failed.
[2026-04-20T23:32:08.461] [DEBUG] debug-file - Start recording SDK configuration permission data.
[2026-04-20T23:32:08.494] [DEBUG] debug-file - Sdk init in 37 ms 
[2026-04-20T23:32:08.499] [DEBUG] debug-file - Project task initialization takes 5 ms 
[2026-04-20T23:32:08.500] [DEBUG] debug-file - hvigorfile, resolve finished D:\harmonyos_code\ljh25307105\hvigorfile.ts
[2026-04-20T23:32:08.501] [DEBUG] debug-file - hvigorfile, resolving D:\harmonyos_code\ljh25307105\entry\hvigorfile.ts
[2026-04-20T23:32:08.504] [DEBUG] debug-file - hvigorfile, require result:  {}
[2026-04-20T23:32:08.504] [DEBUG] debug-file - hvigorfile, binding system plugins {}
[2026-04-20T23:32:08.505] [DEBUG] debug-file - Starting plugin build process
[2026-04-20T23:32:08.505] [DEBUG] debug-file - Hap plugin creating...
[2026-04-20T23:32:08.507] [DEBUG] debug-file - failed to load cangjie to dynamically generate schemas: Error: Cannot find module '@ohos/cangjie-build-support/index'
Require stack:
- D:\DevEco Studio\tools\hvigor\hvigor-ohos-plugin\src\plugin\hooks\cangjie-register.js
- D:\DevEco Studio\tools\hvigor\hvigor-ohos-plugin\src\plugin\strategy\stage-init-strategy.js
- D:\DevEco Studio\tools\hvigor\hvigor-ohos-plugin\src\plugin\builder\abstract-plugin-builder.js
- D:\DevEco Studio\tools\hvigor\hvigor-ohos-plugin\src\plugin\builder\app-plugin-builder.js
- D:\DevEco Studio\tools\hvigor\hvigor-ohos-plugin\src\plugin\factory\plugin-factory.js
- D:\DevEco Studio\tools\hvigor\hvigor-ohos-plugin\index.js
- D:\harmonyos_code\ljh25307105\hvigorfile.ts
- D:\DevEco Studio\tools\hvigor\hvigor\src\base\internal\lifecycle\configuration.js
- D:\DevEco Studio\tools\hvigor\hvigor\src\base\boot\index.js
- D:\DevEco Studio\tools\hvigor\hvigor\src\base\daemon\cluster\worker-process-lifecycle.js
- D:\DevEco Studio\tools\hvigor\hvigor\src\base\daemon\process\daemon-process-boot-script.js
[2026-04-20T23:32:08.510] [DEBUG] debug-file - Start initialize module-target build option map, moduleName=entry, buildMode=release
[2026-04-20T23:32:08.510] [DEBUG] debug-file - Target 'default' config initialized
[2026-04-20T23:32:08.510] [DEBUG] debug-file - Module 'entry' target 'default' build option initialized
[2026-04-20T23:32:08.510] [DEBUG] debug-file - End initialize module-target build option map, moduleName=entry
[2026-04-20T23:32:08.510] [DEBUG] debug-file - Start initialize module-target build option map, moduleName=entry, buildMode=debug
[2026-04-20T23:32:08.510] [DEBUG] debug-file - Target 'default' config initialized
[2026-04-20T23:32:08.511] [DEBUG] debug-file - Module 'entry' target 'default' build option initialized
[2026-04-20T23:32:08.512] [DEBUG] debug-file - End initialize module-target build option map, moduleName=entry
[2026-04-20T23:32:08.512] [DEBUG] debug-file - Start initialize module-target build option map, moduleName=entry, buildMode=debug
[2026-04-20T23:32:08.512] [DEBUG] debug-file - Target 'default' config initialized
[2026-04-20T23:32:08.512] [DEBUG] debug-file - Module 'entry' target 'default' build option initialized
[2026-04-20T23:32:08.512] [DEBUG] debug-file - End initialize module-target build option map, moduleName=entry
[2026-04-20T23:32:08.512] [DEBUG] debug-file - Obtain build option for module 'entry' target 'default'in this build.
[2026-04-20T23:32:08.517] [DEBUG] debug-file - Module entry task initialization takes 4 ms 
[2026-04-20T23:32:08.517] [DEBUG] debug-file - Hap plugin register hook start...
[2026-04-20T23:32:08.517] [DEBUG] debug-file - Hap plugin register hook end...
[2026-04-20T23:32:08.517] [DEBUG] debug-file - Plugin build process completed
[2026-04-20T23:32:08.517] [DEBUG] debug-file - hvigorfile, resolve finished D:\harmonyos_code\ljh25307105\entry\hvigorfile.ts
[2026-04-20T23:32:08.571] [DEBUG] debug-file - hvigorfile, resolve hvigorfile dependencies in 54 ms 
[2026-04-20T23:32:08.571] [DEBUG] debug-file - project has submodules:entry
[2026-04-20T23:32:08.573] [DEBUG] debug-file - start to load updatedOhPackageInfo to the disk
[2026-04-20T23:32:08.576] [DEBUG] debug-file - load to the disk finished
[2026-04-20T23:32:08.577] [DEBUG] debug-file - Start to initialize dependency information.
[2026-04-20T23:32:08.580] [DEBUG] debug-file - Module ljh25307105 Collected Dependency: 
[2026-04-20T23:32:08.580] [DEBUG] debug-file - Module ljh25307105's total dependency: 0
[2026-04-20T23:32:08.580] [DEBUG] debug-file - Start to initialize dependency information.
[2026-04-20T23:32:08.583] [DEBUG] debug-file - Module entry Collected Dependency: 
[2026-04-20T23:32:08.583] [DEBUG] debug-file - Module entry's total dependency: 0
[2026-04-20T23:32:08.585] [DEBUG] debug-file - Configuration phase cost:179 ms 
[2026-04-20T23:32:08.588] [DEBUG] debug-file - Configuration task cost before running: 200 ms 
[2026-04-20T23:32:08.594] [DEBUG] debug-file - Executing task :entry:default@PreBuild
[2026-04-20T23:32:08.596] [DEBUG] debug-file - Task 'entry:default@PreBuild' cost while wrapping incremental declarations: 1 ms 
[2026-04-20T23:32:08.606] [DEBUG] debug-file - entry:default@PreBuild is not up-to-date, since the task snapshots are different.
[2026-04-20T23:32:08.606] [DEBUG] debug-file - Incremental task entry:default@PreBuild pre-execution cost: 8 ms .
[2026-04-20T23:32:08.613] [DEBUG] debug-file - current product is not Atomic service.
[2026-04-20T23:32:08.613] [DEBUG] debug-file - Use tool [win32: JAVA_HOME, CLASSPATH]
 [ { JAVA_HOME: 'D:\\DevEco Studio\\jbr' }, { CLASSPATH: undefined } ]
[2026-04-20T23:32:08.613] [DEBUG] debug-file - Use tool [win32: NODE_HOME]
 [ { NODE_HOME: 'D:/DevEco Studio/tools/node' } ]
[2026-04-20T23:32:08.614] [DEBUG] debug-file - entry : default@PreBuild cost memory 0.5060348510742188
[2026-04-20T23:32:08.614] [DEBUG] debug-file - runTaskFromQueue task cost before running: 226 ms 
[2026-04-20T23:32:08.616] [INFO] debug-file - Finished :entry:default@PreBuild... after 20 ms 
[2026-04-20T23:32:08.617] [DEBUG] debug-file - Executing task :entry:default@CreateModuleInfo
[2026-04-20T23:32:08.618] [DEBUG] debug-file - Task 'entry:default@CreateModuleInfo' cost while wrapping incremental declarations: 1 ms 
[2026-04-20T23:32:08.618] [DEBUG] debug-file - entry : default@CreateModuleInfo cost memory 0.0395355224609375
[2026-04-20T23:32:08.618] [DEBUG] debug-file - runTaskFromQueue task cost before running: 230 ms 
[2026-04-20T23:32:08.618] [INFO] debug-file - Finished :entry:default@CreateModuleInfo... after 1 ms 
[2026-04-20T23:32:08.620] [DEBUG] debug-file - Executing task :entry:default@GenerateMetadata
[2026-04-20T23:32:08.620] [DEBUG] debug-file - Task 'entry:default@GenerateMetadata' cost while wrapping incremental declarations: 1 ms 
[2026-04-20T23:32:08.621] [DEBUG] debug-file - Incremental task entry:default@GenerateMetadata pre-execution cost: 2 ms .
[2026-04-20T23:32:08.621] [DEBUG] debug-file - entry : default@GenerateMetadata cost memory 0.0842742919921875
[2026-04-20T23:32:08.622] [INFO] debug-file - UP-TO-DATE :entry:default@GenerateMetadata...  
[2026-04-20T23:32:08.623] [DEBUG] debug-file - Executing task :entry:default@ConfigureCmake
[2026-04-20T23:32:08.623] [DEBUG] debug-file - entry : default@ConfigureCmake cost memory 0.01415252685546875
[2026-04-20T23:32:08.623] [DEBUG] debug-file - runTaskFromQueue task cost before running: 235 ms 
[2026-04-20T23:32:08.623] [INFO] debug-file - Finished :entry:default@ConfigureCmake... after 1 ms 
[2026-04-20T23:32:08.624] [DEBUG] debug-file - Executing task :entry:default@MergeProfile
[2026-04-20T23:32:08.625] [DEBUG] debug-file - Task 'entry:default@MergeProfile' cost while wrapping incremental declarations: 1 ms 
[2026-04-20T23:32:08.627] [DEBUG] debug-file - Incremental task entry:default@MergeProfile pre-execution cost: 3 ms .
[2026-04-20T23:32:08.627] [DEBUG] debug-file - entry : default@MergeProfile cost memory 0.12542724609375
[2026-04-20T23:32:08.627] [INFO] debug-file - UP-TO-DATE :entry:default@MergeProfile...  
[2026-04-20T23:32:08.629] [DEBUG] debug-file - Executing task :entry:default@CreateBuildProfile
[2026-04-20T23:32:08.630] [DEBUG] debug-file - Task 'entry:default@CreateBuildProfile' cost while wrapping incremental declarations: 1 ms 
[2026-04-20T23:32:08.631] [DEBUG] debug-file - Incremental task entry:default@CreateBuildProfile pre-execution cost: 2 ms .
[2026-04-20T23:32:08.631] [DEBUG] debug-file - entry : default@CreateBuildProfile cost memory -1.553070068359375
[2026-04-20T23:32:08.632] [INFO] debug-file - UP-TO-DATE :entry:default@CreateBuildProfile...  
[2026-04-20T23:32:08.633] [DEBUG] debug-file - Executing task :entry:default@PreCheckSyscap
[2026-04-20T23:32:08.633] [DEBUG] debug-file - entry : default@PreCheckSyscap cost memory 0.01439666748046875
[2026-04-20T23:32:08.633] [DEBUG] debug-file - runTaskFromQueue task cost before running: 245 ms 
[2026-04-20T23:32:08.633] [INFO] debug-file - Finished :entry:default@PreCheckSyscap... after 1 ms 
[2026-04-20T23:32:08.634] [DEBUG] debug-file - Executing task :entry:default@GeneratePkgContextInfo
[2026-04-20T23:32:08.639] [DEBUG] debug-file - Task 'entry:default@GeneratePkgContextInfo' cost while wrapping incremental declarations: 1 ms 
[2026-04-20T23:32:08.639] [DEBUG] debug-file - entry : default@GeneratePkgContextInfo cost memory 0.16312408447265625
[2026-04-20T23:32:08.640] [DEBUG] debug-file - runTaskFromQueue task cost before running: 252 ms 
[2026-04-20T23:32:08.640] [INFO] debug-file - Finished :entry:default@GeneratePkgContextInfo... after 6 ms 
[2026-04-20T23:32:08.641] [DEBUG] debug-file - Executing task :entry:default@GeneratePkgSdkInfo
[2026-04-20T23:32:08.644] [DEBUG] debug-file - Task 'entry:default@GeneratePkgSdkInfo' cost while wrapping incremental declarations: 1 ms 
[2026-04-20T23:32:08.645] [DEBUG] debug-file - Incremental task entry:default@GeneratePkgSdkInfo pre-execution cost: 1 ms .
[2026-04-20T23:32:08.645] [DEBUG] debug-file - entry : default@GeneratePkgSdkInfo cost memory 0.12067413330078125
[2026-04-20T23:32:08.645] [INFO] debug-file - UP-TO-DATE :entry:default@GeneratePkgSdkInfo...  
[2026-04-20T23:32:08.649] [DEBUG] debug-file - Executing task :entry:default@ProcessIntegratedHsp
[2026-04-20T23:32:08.649] [DEBUG] debug-file - entry:default@ProcessIntegratedHsp is not up-to-date, since the output file 'D:\harmonyos_code\ljh25307105\build\cache\default\integrated_hsp\integratedHspCache.json' does not exist.
[2026-04-20T23:32:08.649] [DEBUG] debug-file - Incremental task entry:default@ProcessIntegratedHsp pre-execution cost: 1 ms .
[2026-04-20T23:32:08.649] [DEBUG] debug-file - entry : default@ProcessIntegratedHsp cost memory 0.05437469482421875
[2026-04-20T23:32:08.649] [DEBUG] debug-file - runTaskFromQueue task cost before running: 261 ms 
[2026-04-20T23:32:08.649] [INFO] debug-file - Finished :entry:default@ProcessIntegratedHsp... after 1 ms 
[2026-04-20T23:32:08.651] [DEBUG] debug-file - Executing task :entry:default@BuildNativeWithCmake
[2026-04-20T23:32:08.651] [DEBUG] debug-file - entry : default@BuildNativeWithCmake cost memory 0.01415252685546875
[2026-04-20T23:32:08.651] [DEBUG] debug-file - runTaskFromQueue task cost before running: 263 ms 
[2026-04-20T23:32:08.651] [INFO] debug-file - Finished :entry:default@BuildNativeWithCmake... after 1 ms 
[2026-04-20T23:32:08.652] [DEBUG] debug-file - Executing task :entry:default@MakePackInfo
[2026-04-20T23:32:08.654] [DEBUG] debug-file - Incremental task entry:default@MakePackInfo pre-execution cost: 2 ms .
[2026-04-20T23:32:08.654] [DEBUG] debug-file - entry : default@MakePackInfo cost memory 0.10608673095703125
[2026-04-20T23:32:08.655] [INFO] debug-file - UP-TO-DATE :entry:default@MakePackInfo...  
[2026-04-20T23:32:08.656] [DEBUG] debug-file - Executing task :entry:default@SyscapTransform
[2026-04-20T23:32:08.656] [DEBUG] debug-file - File: 'D:\harmonyos_code\ljh25307105\entry\src\main\syscap.json' from 'sysCapJsonPath' is not exists, just ignore.
[2026-04-20T23:32:08.657] [DEBUG] debug-file - Task 'entry:default@SyscapTransform' cost while wrapping incremental declarations: 1 ms 
[2026-04-20T23:32:08.659] [DEBUG] debug-file - entry:default@SyscapTransform is not up-to-date, since the output file 'D:\harmonyos_code\ljh25307105\entry\build\default\intermediates\syscap\default\rpcid.sc' does not exist.
[2026-04-20T23:32:08.659] [DEBUG] debug-file - Incremental task entry:default@SyscapTransform pre-execution cost: 3 ms .
[2026-04-20T23:32:08.659] [DEBUG] debug-file - entry : default@SyscapTransform cost memory 0.1432342529296875
[2026-04-20T23:32:08.659] [DEBUG] debug-file - runTaskFromQueue task cost before running: 271 ms 
[2026-04-20T23:32:08.660] [INFO] debug-file - Finished :entry:default@SyscapTransform... after 4 ms 
[2026-04-20T23:32:08.661] [DEBUG] debug-file - Executing task :entry:default@ProcessProfile
[2026-04-20T23:32:08.663] [DEBUG] debug-file - Task 'entry:default@ProcessProfile' cost while wrapping incremental declarations: 1 ms 
[2026-04-20T23:32:08.664] [DEBUG] debug-file - Incremental task entry:default@ProcessProfile pre-execution cost: 1 ms .
[2026-04-20T23:32:08.664] [DEBUG] debug-file - entry : default@ProcessProfile cost memory -1.4110641479492188
[2026-04-20T23:32:08.664] [INFO] debug-file - UP-TO-DATE :entry:default@ProcessProfile...  
[2026-04-20T23:32:08.665] [DEBUG] debug-file - Executing task :entry:default@ProcessRouterMap
[2026-04-20T23:32:08.668] [DEBUG] debug-file - Incremental task entry:default@ProcessRouterMap pre-execution cost: 3 ms .
[2026-04-20T23:32:08.669] [DEBUG] debug-file - entry : default@ProcessRouterMap cost memory 0.12686920166015625
[2026-04-20T23:32:08.669] [INFO] debug-file - UP-TO-DATE :entry:default@ProcessRouterMap...  
[2026-04-20T23:32:08.670] [DEBUG] debug-file - Executing task :entry:default@ProcessShareConfig
[2026-04-20T23:32:08.673] [DEBUG] debug-file - Incremental task entry:default@ProcessShareConfig pre-execution cost: 2 ms .
[2026-04-20T23:32:08.673] [DEBUG] debug-file - entry : default@ProcessShareConfig cost memory 0.10689544677734375
[2026-04-20T23:32:08.673] [INFO] debug-file - UP-TO-DATE :entry:default@ProcessShareConfig...  
[2026-04-20T23:32:08.674] [DEBUG] debug-file - Executing task :entry:default@ProcessStartupConfig
[2026-04-20T23:32:08.675] [DEBUG] debug-file - Task 'entry:default@ProcessStartupConfig' cost while wrapping incremental declarations: 1 ms 
[2026-04-20T23:32:08.675] [DEBUG] debug-file - entry:default@ProcessStartupConfig is not up-to-date, since the output file 'D:\harmonyos_code\ljh25307105\entry\build\default\intermediates\startup\default\startup_config.json' does not exist.
[2026-04-20T23:32:08.675] [DEBUG] debug-file - Incremental task entry:default@ProcessStartupConfig pre-execution cost: 1 ms .
[2026-04-20T23:32:08.676] [DEBUG] debug-file - entry : default@ProcessStartupConfig cost memory 0.08899688720703125
[2026-04-20T23:32:08.676] [DEBUG] debug-file - runTaskFromQueue task cost before running: 288 ms 
[2026-04-20T23:32:08.676] [INFO] debug-file - Finished :entry:default@ProcessStartupConfig... after 2 ms 
[2026-04-20T23:32:08.677] [DEBUG] debug-file - Executing task :entry:default@BuildNativeWithNinja
[2026-04-20T23:32:08.678] [DEBUG] debug-file - entry : default@BuildNativeWithNinja cost memory 0.02300262451171875
[2026-04-20T23:32:08.678] [DEBUG] debug-file - runTaskFromQueue task cost before running: 290 ms 
[2026-04-20T23:32:08.678] [INFO] debug-file - Finished :entry:default@BuildNativeWithNinja... after 1 ms 
[2026-04-20T23:32:08.679] [DEBUG] debug-file - restool module names: entry; moduleName=entry, taskName=default@ProcessResource
[2026-04-20T23:32:08.681] [DEBUG] debug-file - Executing task :entry:default@ProcessResource
[2026-04-20T23:32:08.681] [DEBUG] debug-file - Task 'entry:default@ProcessResource' cost while wrapping incremental declarations: 1 ms 
[2026-04-20T23:32:08.683] [DEBUG] debug-file - Incremental task entry:default@ProcessResource pre-execution cost: 2 ms .
[2026-04-20T23:32:08.683] [DEBUG] debug-file - entry : default@ProcessResource cost memory 0.13596343994140625
[2026-04-20T23:32:08.685] [INFO] debug-file - UP-TO-DATE :entry:default@ProcessResource...  
[2026-04-20T23:32:08.687] [DEBUG] debug-file - Executing task :entry:default@GenerateLoaderJson
[2026-04-20T23:32:08.687] [DEBUG] debug-file - Task 'entry:default@GenerateLoaderJson' cost while wrapping incremental declarations: 1 ms 
[2026-04-20T23:32:08.698] [DEBUG] debug-file - Incremental task entry:default@GenerateLoaderJson pre-execution cost: 7 ms .
[2026-04-20T23:32:08.698] [DEBUG] debug-file - entry : default@GenerateLoaderJson cost memory -1.2182235717773438
[2026-04-20T23:32:08.703] [INFO] debug-file - UP-TO-DATE :entry:default@GenerateLoaderJson...  
[2026-04-20T23:32:08.704] [DEBUG] debug-file - Executing task :entry:default@ProcessLibs
[2026-04-20T23:32:08.707] [DEBUG] debug-file - Incremental task entry:default@ProcessLibs pre-execution cost: 3 ms .
[2026-04-20T23:32:08.708] [DEBUG] debug-file - entry : default@ProcessLibs cost memory 0.09783172607421875
[2026-04-20T23:32:08.708] [INFO] debug-file - UP-TO-DATE :entry:default@ProcessLibs...  
[2026-04-20T23:32:08.710] [DEBUG] debug-file - restool module names: entry; moduleName=entry, taskName=default@CompileResource
[2026-04-20T23:32:08.711] [DEBUG] debug-file - Executing task :entry:default@CompileResource
[2026-04-20T23:32:08.722] [DEBUG] debug-file - entry:default@CompileResource is not up-to-date, since the input file 'D:\harmonyos_code\ljh25307105\entry\src\main\resources' has been changed.
[2026-04-20T23:32:08.723] [DEBUG] debug-file - Incremental task entry:default@CompileResource pre-execution cost: 11 ms .
[2026-04-20T23:32:08.726] [DEBUG] debug-file - Use tool [D:\DevEco Studio\sdk\default\openharmony\toolchains\restool.exe]
 [
  'D:\\DevEco Studio\\sdk\\default\\openharmony\\toolchains\\restool.exe',
  '-l',
  'D:\\harmonyos_code\\ljh25307105\\entry\\build\\default\\intermediates\\res\\default\\resConfig.json'
]
[2026-04-20T23:32:08.727] [DEBUG] debug-file - current process  memoryUsage: {
  rss: 66949120,
  heapTotal: 129572864,
  heapUsed: 114854024,
  external: 3125187,
  arrayBuffers: 97487
} os memoryUsage :13.482181549072266
[2026-04-20T23:32:08.763] [DEBUG] debug-file - Info: Pack: normal pack mode

[2026-04-20T23:32:08.815] [DEBUG] debug-file - Info: hardware concurrency count is : 32
Info: thread count is : 32

[2026-04-20T23:32:08.815] [DEBUG] debug-file - Info: thread pool is started

[2026-04-20T23:32:08.816] [DEBUG] debug-file - Info: GenericCompiler::CompileFiles

[2026-04-20T23:32:08.823] [DEBUG] debug-file - Info: GenericCompiler::CompileFiles

[2026-04-20T23:32:08.830] [DEBUG] debug-file - Info: GenericCompiler::CompileFiles

[2026-04-20T23:32:08.834] [DEBUG] debug-file - 04-20 23:32:08.833 45892 51912 E C01400/ImageTranscoderUtils: DecodeToRGBA IN
04-20 23:32:08.834 45892 51912 E C01400/ImageTranscoderUtils: ImageFilter IN D:\harmonyos_code\ljh25307105\AppScope\resources\base\media\app_icon.png

[2026-04-20T23:32:08.834] [DEBUG] debug-file - 04-20 23:32:08.834 45892 51912 E C01400/ImageTranscoder: TranscodeSLR Only zoom-out is supported.

[2026-04-20T23:32:08.834] [DEBUG] debug-file - Warning: ScaleImage failed, error message: INVALID_PARAMETERS, file path = D:\harmonyos_code\ljh25307105\AppScope\resources\base\media\app_icon.png

[2026-04-20T23:32:08.835] [DEBUG] debug-file - 04-20 23:32:08.835 45892 51912 E C01400/ImageTranscoderUtils: DecodeToRGBA IN
04-20 23:32:08.835 45892 51912 E C01400/ImageTranscoderUtils: ImageFilter IN D:\harmonyos_code\ljh25307105\entry\src\main\resources\base\media\icon.png

[2026-04-20T23:32:08.836] [DEBUG] debug-file - 04-20 23:32:08.835 45892 51912 E C01400/ImageTranscoder: TranscodeSLR Only zoom-out is supported.
Warning: ScaleImage failed, error message: INVALID_PARAMETERS, file path = D:\harmonyos_code\ljh25307105\entry\src\main\resources\base\media\icon.png

[2026-04-20T23:32:08.836] [DEBUG] debug-file - Warning: The width or height of the png file referenced by the icon exceeds the limit (41 pixels)
at D:\harmonyos_code\ljh25307105\AppScope\resources\base\media\app_icon.png

[2026-04-20T23:32:08.836] [DEBUG] debug-file - Warning: The width or height of the png file referenced by the icon exceeds the limit (41 pixels)
at D:\harmonyos_code\ljh25307105\entry\src\main\resources\base\media\icon.png

[2026-04-20T23:32:08.837] [DEBUG] debug-file - Info: restool resources compile success.

[2026-04-20T23:32:08.838] [DEBUG] debug-file - Info: thread pool is stopped

[2026-04-20T23:32:08.897] [DEBUG] debug-file - entry : default@CompileResource cost memory 0.8010482788085938
[2026-04-20T23:32:08.897] [DEBUG] debug-file - runTaskFromQueue task cost before running: 509 ms 
[2026-04-20T23:32:08.898] [INFO] debug-file - Finished :entry:default@CompileResource... after 187 ms 
[2026-04-20T23:32:08.899] [DEBUG] debug-file - Executing task :entry:default@DoNativeStrip
[2026-04-20T23:32:08.899] [DEBUG] debug-file - File: 'D:\harmonyos_code\ljh25307105\entry\build\default\intermediates\binxo\default' from 'doBinxoNativeLibs' is not exists, just ignore.
[2026-04-20T23:32:08.899] [DEBUG] debug-file - Task 'entry:default@DoNativeStrip' cost while wrapping incremental declarations: 1 ms 
[2026-04-20T23:32:08.900] [DEBUG] debug-file - Incremental task entry:default@DoNativeStrip pre-execution cost: 1 ms .
[2026-04-20T23:32:08.900] [DEBUG] debug-file - entry : default@DoNativeStrip cost memory 0.09012603759765625
[2026-04-20T23:32:08.900] [INFO] debug-file - UP-TO-DATE :entry:default@DoNativeStrip...  
[2026-04-20T23:32:08.901] [DEBUG] debug-file - Executing task :entry:default@CompileArkTS
[2026-04-20T23:32:08.901] [DEBUG] debug-file - obfuscationOptions: undefined
[2026-04-20T23:32:08.902] [DEBUG] debug-file - Task 'entry:default@CompileArkTS' cost while wrapping incremental declarations: 1 ms 
[2026-04-20T23:32:08.906] [DEBUG] debug-file - entry:default@CompileArkTS is not up-to-date, since the input file 'D:\harmonyos_code\ljh25307105\entry\build\default\intermediates\res\default\ResourceTable.txt' has been changed.
[2026-04-20T23:32:08.907] [DEBUG] debug-file - Incremental task entry:default@CompileArkTS pre-execution cost: 4 ms .
[2026-04-20T23:32:08.922] [DEBUG] debug-file - build config:
[2026-04-20T23:32:08.922] [DEBUG] debug-file - {
  moduleType: 'entry',
  perf: 0,
  targetName: '.default',
  packageManagerType: 'ohpm',
  localPropertiesPath: 'D:\\harmonyos_code\\ljh25307105\\local.properties',
  isPreview: false,
  isOhosTest: false,
  isLocalTest: false,
  buildMode: 'Debug',
  hotReloadBuild: undefined,
  watchMode: 'false',
  aceProfilePath: 'D:\\harmonyos_code\\ljh25307105\\entry\\build\\default\\intermediates\\res\\default\\resources\\base\\profile',
  etsLoaderPath: 'D:\\DevEco Studio\\sdk\\default\\openharmony\\ets\\build-tools\\ets-loader',
  modulePath: 'D:\\harmonyos_code\\ljh25307105\\entry',
  testFrameworkPar: {
    testMode: undefined,
    coveragePathFilter: undefined,
    coverageMode: undefined
  },
  needCoverageInsert: false,
  debugLine: false,
  projectTopDir: 'D:\\harmonyos_code\\ljh25307105',
  compileSdkVersion: 23,
  compatibleSdkVersion: 17,
  originCompatibleSdkVersion: '5.0.5(17)',
  compatibleSdkVersionStage: undefined,
  bundleName: 'c***t',
  etsLoaderVersion: '6.1.0.105',
  etsLoaderReleaseType: 'Release',
  aotCompileMode: 'type',
  apPath: 'D:\\harmonyos_code\\ljh25307105\\entry\\modules.ap',
  entryModuleName: 'entry',
  entryModuleVersion: '1.0.0',
  entryPackageName: 'entry',
  allModuleNameHash: '0019564ec147b3f85683354dda26a089a339380e39ebac837016312bfe63a515',
  externalApiPaths: [ 'D:\\DevEco Studio\\sdk\\default\\hms\\ets' ],
  compilerTypes: [],
  isCrossplatform: false,
  hvigorPluginFile: undefined,
  compilePluginPath: undefined,
  buildGeneratedProfilePath: 'D:\\harmonyos_code\\ljh25307105\\entry\\build\\default\\generated\\profile\\default',
  bundleType: 'app',
  arkTSVersion: undefined,
  apiVersion: 23,
  needCompleteSourcesMap: false,
  isFaMode: false,
  buildDir: 'D:\\harmonyos_code\\ljh25307105\\entry\\build',
  deviceTypes: [ 'phone' ],
  pkgContextInfo: undefined,
  ohPackagePathMap: {},
  dependencyAliasMap: {},
  permission: { requestPermissions: undefined, definePermissions: undefined },
  useGetCurrentBundleName: false,
  projectArkOption: undefined,
  sourceMapDir: undefined,
  branchElimination: false,
  transformLib: undefined,
  tsImportSendable: false,
  resolveConflictMode: true,
  depName2RootPath: {},
  depName2DepInfo: {},
  depName2OhExports: {},
  rootPathSet: [ 'D:\\harmonyos_code\\ljh25307105' ],
  useNativeResolver: true,
  shouldEmitJs: true,
  useTscResolve: false,
  singleFileEmit: false,
  userProjectConfig: {
    autoLazyImport: false,
    allowEmptyBundleName: false,
    reExportCheckMode: 'noCheck',
    executionMode: 'memory',
    usePathPlaceholder: false,
    writeRollupCache: true,
    isExpandImportEnabled: false,
    expandImportExclude: '',
    lazyImportExclude: '',
    lazyImportInclude: '',
    ignoreCrossplatformCheck: false,
    isHarDeduplicateEnabled: false,
    skipOhModulesLint: false,
    enableStrictCheckOHModule: false,
    disableSendableCheckRules: [],
    useDeclarationFileSignature: false,
    customizedOptions: undefined,
    integratedHsp: false,
    isPreloadSoEnabled: false
  },
  executionMode: 'memory',
  arkCompileCachePath: 'D:\\harmonyos_code\\ljh25307105\\entry\\build\\default\\cache\\default\\default@CompileArkTS\\esmodule',
  autoLazyFilter: undefined,
  isHarDeduplicateEnabled: false,
  intermediateHarDuplicateDirPath: 'D:\\harmonyos_code\\ljh25307105\\entry\\build\\default\\intermediates\\har_duplicate\\default',
  autoLazyImport: false,
  allowEmptyBundleName: false,
  reExportCheckMode: 'noCheck',
  usePathPlaceholder: false,
  writeRollupCache: true,
  isExpandImportEnabled: false,
  expandImportExclude: '',
  lazyImportExclude: '',
  lazyImportInclude: '',
  ignoreCrossplatformCheck: false,
  skipOhModulesLint: false,
  enableStrictCheckOHModule: false,
  disableSendableCheckRules: [],
  useDeclarationFileSignature: false,
  customizedOptions: undefined,
  integratedHsp: false,
  isPreloadSoEnabled: false,
  strictMode: undefined,
  useNormalizedOHMUrl: false,
  caseSensitiveCheck: false,
  aceModuleJsonPath: 'D:\\harmonyos_code\\ljh25307105\\entry\\build\\default\\intermediates\\res\\default\\ark_module.json',
  appResource: 'D:\\harmonyos_code\\ljh25307105\\entry\\build\\default\\intermediates\\res\\default\\ResourceTable.txt',
  rawFileResource: 'D:\\harmonyos_code\\ljh25307105\\entry\\build\\default\\intermediates\\res\\default\\resources\\rawfile',
  resourceTableHash: 'e14473c04cd8b4753369a149b5a6d3f90b6aeb75b9fee17e6a433845bf897e39',
  runtimeOS: 'HarmonyOS',
  sdkInfo: 'false:23:6.1.0.105:Release',
  aceModuleRoot: 'D:\\harmonyos_code\\ljh25307105\\entry\\src\\main\\ets',
  compileMode: 'esmodule',
  aceSuperVisualPath: 'D:\\harmonyos_code\\ljh25307105\\entry\\src\\main\\supervisual',
  aceBuildJson: 'D:\\harmonyos_code\\ljh25307105\\entry\\build\\default\\intermediates\\loader\\default\\loader.json',
  cachePath: 'D:\\harmonyos_code\\ljh25307105\\entry\\build\\default\\cache\\default\\default@CompileArkTS\\esmodule\\debug',
  aceModuleBuild: 'D:\\harmonyos_code\\ljh25307105\\entry\\build\\default\\intermediates\\loader_out\\default\\ets',
  supportChunks: true,
  declaredFilesPath: undefined,
  shouldCollectDirectImportees: false,
  isByteCodeHarOptimize: false,
  expandImportPath: undefined,
  resourceTableTs: 'D:\\harmonyos_code\\ljh25307105\\entry\\build\\default\\generated\\r\\default\\ResourceTable.ts',
  moduleMetaInfoFiles: [
    {
      filePath: 'D:\\harmonyos_code\\ljh25307105\\entry\\build\\default\\generated\\r\\default\\ResourceTable.ts',
      ohmurl: 'com.example.canvascomponent/entry/build/generated/r/ResourceTable'
    }
  ],
  pkgNameToPkgBriefInfo: {
    entry: {
      pkgRoot: 'D:\\harmonyos_code\\ljh25307105\\entry',
      originalSourceRoots: undefined,
      sourceRoots: [Array],
      pkgName: 'entry'
    }
  },
  projectModel: {
    'D:\\harmonyos_code\\ljh25307105\\entry\\src\\main': {
      moduleName: 'entry',
      modulePkgPath: 'D:\\harmonyos_code\\ljh25307105\\entry',
      belongProjectPath: 'D:\\harmonyos_code\\ljh25307105'
    },
    'D:\\harmonyos_code\\ljh25307105\\entry': {
      moduleName: 'entry',
      modulePkgPath: 'D:\\harmonyos_code\\ljh25307105\\entry',
      belongProjectPath: 'D:\\harmonyos_code\\ljh25307105'
    },
    'D:\\harmonyos_code\\ljh25307105': {
      moduleName: 'ljh25307105',
      modulePkgPath: 'D:\\harmonyos_code\\ljh25307105',
      belongProjectPath: 'D:\\harmonyos_code\\ljh25307105'
    }
  },
  pkgJsonFileHash: '2afff4febdc36911eef91f56078f85eadae932cafc4985f481ba3dd356730d69',
  allModulePaths: [ 'D:\\harmonyos_code\\ljh25307105\\entry' ],
  routerMap: {},
  obfuscationOptions: undefined,
  byteCodeHarToDependencyKeys: undefined,
  compileBlockPkg: [],
  mockParams: {
    decorator: '@MockSetup',
    packageName: '@ohos/hamock',
    etsSourceRootPath: 'src/main/ets',
    mockConfigPath: undefined,
    mockConfigKey2ModuleInfo: {},
    source2ModuleIdMap: {}
  },
  copyCodeResourceEnable: true,
  copyCodeResourceExcludes: [],
  copyCodeResourceIncludes: undefined,
  uiTransformOptimization: false,
  sdkPath: 'D:/DevEco Studio/sdk',
  needPreloadSoFileSet: {},
  preloadSoFilePath: 'D:\\harmonyos_code\\ljh25307105\\entry\\build\\default\\intermediates\\preload\\default\\preload.json',
  useSourceHash: false,
  localModuleParamMap: {},
  otherPaths: {
    'entry/*': [
      '..\\*',
      '..\\..\\..\\build\\default\\generated\\profile\\default\\*'
    ]
  },
  collectImportersConfig: undefined
}
[2026-04-20T23:32:08.923] [DEBUG] debug-file - Compile arkts with external api path: D:\DevEco Studio\sdk\default\hms\ets
[2026-04-20T23:32:08.924] [DEBUG] debug-file - default@CompileArkTS work[13] is submitted.
[2026-04-20T23:32:08.924] [DEBUG] debug-file - default@CompileArkTS work[13] is pushed to ready queue.
[2026-04-20T23:32:08.924] [DEBUG] debug-file - A work dispatched to worker[31] failed because unable to get work from ready queue.
[2026-04-20T23:32:08.925] [DEBUG] debug-file - A work dispatched to worker[30] failed because unable to get work from ready queue.
[2026-04-20T23:32:08.925] [DEBUG] debug-file - A work dispatched to worker[29] failed because unable to get work from ready queue.
[2026-04-20T23:32:08.925] [DEBUG] debug-file - A work dispatched to worker[28] failed because unable to get work from ready queue.
[2026-04-20T23:32:08.925] [DEBUG] debug-file - A work dispatched to worker[27] failed because unable to get work from ready queue.
[2026-04-20T23:32:08.925] [DEBUG] debug-file - A work dispatched to worker[26] failed because unable to get work from ready queue.
[2026-04-20T23:32:08.925] [DEBUG] debug-file - A work dispatched to worker[25] failed because unable to get work from ready queue.
[2026-04-20T23:32:08.925] [DEBUG] debug-file - A work dispatched to worker[24] failed because unable to get work from ready queue.
[2026-04-20T23:32:08.925] [DEBUG] debug-file - A work dispatched to worker[23] failed because unable to get work from ready queue.
[2026-04-20T23:32:08.925] [DEBUG] debug-file - A work dispatched to worker[22] failed because unable to get work from ready queue.
[2026-04-20T23:32:08.925] [DEBUG] debug-file - A work dispatched to worker[21] failed because unable to get work from ready queue.
[2026-04-20T23:32:08.925] [DEBUG] debug-file - A work dispatched to worker[20] failed because unable to get work from ready queue.
[2026-04-20T23:32:08.925] [DEBUG] debug-file - A work dispatched to worker[19] failed because unable to get work from ready queue.
[2026-04-20T23:32:08.925] [DEBUG] debug-file - A work dispatched to worker[18] failed because unable to get work from ready queue.
[2026-04-20T23:32:08.925] [DEBUG] debug-file - A work dispatched to worker[17] failed because unable to get work from ready queue.
[2026-04-20T23:32:08.925] [DEBUG] debug-file - A work dispatched to worker[16] failed because unable to get work from ready queue.
[2026-04-20T23:32:08.925] [DEBUG] debug-file - A work dispatched to worker[15] failed because unable to get work from ready queue.
[2026-04-20T23:32:08.925] [DEBUG] debug-file - A work dispatched to worker[14] failed because unable to get work from ready queue.
[2026-04-20T23:32:08.925] [DEBUG] debug-file - A work dispatched to worker[13] failed because unable to get work from ready queue.
[2026-04-20T23:32:08.925] [DEBUG] debug-file - A work dispatched to worker[12] failed because unable to get work from ready queue.
[2026-04-20T23:32:08.926] [DEBUG] debug-file - A work dispatched to worker[11] failed because unable to get work from ready queue.
[2026-04-20T23:32:08.926] [DEBUG] debug-file - A work dispatched to worker[10] failed because unable to get work from ready queue.
[2026-04-20T23:32:08.926] [DEBUG] debug-file - A work dispatched to worker[9] failed because unable to get work from ready queue.
[2026-04-20T23:32:08.926] [DEBUG] debug-file - A work dispatched to worker[8] failed because unable to get work from ready queue.
[2026-04-20T23:32:08.926] [DEBUG] debug-file - A work dispatched to worker[7] failed because unable to get work from ready queue.
[2026-04-20T23:32:08.926] [DEBUG] debug-file - A work dispatched to worker[6] failed because unable to get work from ready queue.
[2026-04-20T23:32:08.926] [DEBUG] debug-file - A work dispatched to worker[5] failed because unable to get work from ready queue.
[2026-04-20T23:32:08.926] [DEBUG] debug-file - default@CompileArkTS work[13] has been dispatched to worker[4].
[2026-04-20T23:32:08.926] [DEBUG] debug-file - default@CompileArkTS work[13] is dispatched.
[2026-04-20T23:32:08.926] [DEBUG] debug-file - CopyResources startTime: 33590041686600
[2026-04-20T23:32:08.926] [DEBUG] debug-file - default@CompileArkTS work[14] is submitted.
[2026-04-20T23:32:08.926] [DEBUG] debug-file - default@CompileArkTS work[14] is pushed to ready queue.
[2026-04-20T23:32:08.927] [DEBUG] debug-file - A work dispatched to worker[31] failed because unable to get work from ready queue.
[2026-04-20T23:32:08.927] [DEBUG] debug-file - Create  resident worker with id: 30.
[2026-04-20T23:32:08.928] [DEBUG] debug-file - default@CompileArkTS work[14] has been dispatched to worker[30].
[2026-04-20T23:32:08.928] [DEBUG] debug-file - default@CompileArkTS work[14] is dispatched.
[2026-04-20T23:32:08.928] [DEBUG] debug-file - entry : default@CompileArkTS cost memory -0.26202392578125
[2026-04-20T23:32:08.930] [DEBUG] debug-file - Executing task :entry:default@BuildJS
[2026-04-20T23:32:08.931] [DEBUG] debug-file - Task 'entry:default@BuildJS' cost while wrapping incremental declarations: 1 ms 
[2026-04-20T23:32:08.935] [DEBUG] debug-file - entry : default@BuildJS cost memory 0.13893890380859375
[2026-04-20T23:32:08.935] [DEBUG] debug-file - runTaskFromQueue task cost before running: 547 ms 
[2026-04-20T23:32:08.935] [INFO] debug-file - Finished :entry:default@BuildJS... after 5 ms 
[2026-04-20T23:32:08.936] [DEBUG] debug-file - Executing task :entry:default@CacheNativeLibs
[2026-04-20T23:32:08.937] [DEBUG] debug-file - File: 'D:\harmonyos_code\ljh25307105\entry\build\default\intermediates\binxo\default' from 'cacheBinxoNativeLibs' is not exists, just ignore.
[2026-04-20T23:32:08.937] [DEBUG] debug-file - Task 'entry:default@CacheNativeLibs' cost while wrapping incremental declarations: 1 ms 
[2026-04-20T23:32:08.939] [DEBUG] debug-file - Incremental task entry:default@CacheNativeLibs pre-execution cost: 3 ms .
[2026-04-20T23:32:08.939] [DEBUG] debug-file - entry : default@CacheNativeLibs cost memory 0.1191253662109375
[2026-04-20T23:32:08.939] [INFO] debug-file - UP-TO-DATE :entry:default@CacheNativeLibs...  
[2026-04-20T23:32:10.165] [DEBUG] debug-file - worker[30] has one work done.
[2026-04-20T23:32:10.165] [DEBUG] debug-file - CopyResources is end, endTime: 33591280637400
[2026-04-20T23:32:10.166] [DEBUG] debug-file - default@CompileArkTS work[14] done.
[2026-04-20T23:32:10.166] [DEBUG] debug-file - A work dispatched to worker[30] failed because unable to get work from ready queue.
[2026-04-20T23:32:10.210] [DEBUG] debug-file - Ark compile task finished.finished time is 33591325460600
[2026-04-20T23:32:10.210] [DEBUG] debug-file - worker[4] has one work error.
[2026-04-20T23:32:10.212] [DEBUG] debug-file - default@CompileArkTS work[13] failed.
[2026-04-20T23:32:10.212] [ERROR] debug-file - Failed :entry:default@CompileArkTS... 
[2026-04-20T23:32:10.213] [DEBUG] debug-file - hvigor build process will be closed with an error.
[2026-04-20T23:32:10.227] [DEBUG] debug-file - ERROR: stacktrace = Error: ArkTS Compiler Error
[31m1 ERROR: [31m10505001 ArkTS Compiler Error
Error Message: Type 'Resource' is not assignable to type 'string'. At File: D:/harmonyos_code/ljh25307105/entry/src/main/ets/pages/CanvasPage.ets:130:5
[39m
[39m
[31mCOMPILE RESULT:FAIL {ERROR:2}[39m
    at runArkPack (D:\DevEco Studio\tools\hvigor\hvigor-ohos-plugin\node_modules\@ohos\hvigor-arkts-compose\dist\src\arkts-pack.js:1:5076)
ArkTSCompilerError: ArkTS Compiler Error
    at throwArkTsCompilerError (D:\DevEco Studio\tools\hvigor\hvigor-ohos-plugin\node_modules\@ohos\hvigor-arkts-compose\dist\src\data\compose-error.js:1:423)
    at throwErrorIfHasErrorInfo (D:\DevEco Studio\tools\hvigor\hvigor-ohos-plugin\node_modules\@ohos\hvigor-arkts-compose\dist\src\plugins\common-plugin.js:1:4894)
    at Object.handler (D:\DevEco Studio\tools\hvigor\hvigor-ohos-plugin\node_modules\@ohos\hvigor-arkts-compose\dist\src\plugins\common-plugin.js:1:2989)
    at D:\DevEco Studio\tools\hvigor\hvigor-ohos-plugin\node_modules\@ohos\hvigor-arkts-base\node_modules\rollup\dist\shared\rollup.js:27864:40
[2026-04-20T23:32:10.227] [ERROR] debug-file - Error: ArkTS Compiler Error
[31m1 ERROR: [31m10505001 ArkTS Compiler Error
Error Message: Type 'Resource' is not assignable to type 'string'. At File: D:/harmonyos_code/ljh25307105/entry/src/main/ets/pages/CanvasPage.ets:130:5
[39m
[39m
[31mCOMPILE RESULT:FAIL {ERROR:2}[39m
    at runArkPack (D:\DevEco Studio\tools\hvigor\hvigor-ohos-plugin\node_modules\@ohos\hvigor-arkts-compose\dist\src\arkts-pack.js:1:5076)
ArkTSCompilerError: ArkTS Compiler Error
    at throwArkTsCompilerError (D:\DevEco Studio\tools\hvigor\hvigor-ohos-plugin\node_modules\@ohos\hvigor-arkts-compose\dist\src\data\compose-error.js:1:423)
    at throwErrorIfHasErrorInfo (D:\DevEco Studio\tools\hvigor\hvigor-ohos-plugin\node_modules\@ohos\hvigor-arkts-compose\dist\src\plugins\common-plugin.js:1:4894)
    at Object.handler (D:\DevEco Studio\tools\hvigor\hvigor-ohos-plugin\node_modules\@ohos\hvigor-arkts-compose\dist\src\plugins\common-plugin.js:1:2989)
    at D:\DevEco Studio\tools\hvigor\hvigor-ohos-plugin\node_modules\@ohos\hvigor-arkts-base\node_modules\rollup\dist\shared\rollup.js:27864:40
[2026-04-20T23:32:10.242] [ERROR] debug-file - BUILD FAILED in 1 s 854 ms 
[2026-04-20T23:32:10.244] [DEBUG] debug-file - Update task entry:default@PreBuild input file:D:\harmonyos_code\ljh25307105\AppScope\app.json5 cache by regenerate.
[2026-04-20T23:32:10.244] [DEBUG] debug-file - Update task entry:default@PreBuild input file:D:\harmonyos_code\ljh25307105\entry\src\main\module.json5 cache by regenerate.
[2026-04-20T23:32:10.244] [DEBUG] debug-file - Update task entry:default@PreBuild input file:D:\harmonyos_code\ljh25307105\build-profile.json5 cache by regenerate.
[2026-04-20T23:32:10.245] [DEBUG] debug-file - Update task entry:default@PreBuild input file:D:\harmonyos_code\ljh25307105\entry\build-profile.json5 cache by regenerate.
[2026-04-20T23:32:10.245] [DEBUG] debug-file - Update task entry:default@PreBuild input file:D:\harmonyos_code\ljh25307105\entry\src\main\resources\base\profile\main_pages.json cache by regenerate.
[2026-04-20T23:32:10.245] [DEBUG] debug-file - Update task entry:default@PreBuild input file:D:\harmonyos_code\ljh25307105\hvigor\hvigor-config.json5 cache by regenerate.
[2026-04-20T23:32:10.246] [DEBUG] debug-file - Update task entry:default@PreBuild input file:D:\harmonyos_code\ljh25307105\entry\oh-package.json5 cache by regenerate.
[2026-04-20T23:32:10.246] [DEBUG] debug-file - Update task entry:default@PreBuild input file:D:\harmonyos_code\ljh25307105\oh-package.json5 cache by regenerate.
[2026-04-20T23:32:10.246] [DEBUG] debug-file - Incremental task entry:default@PreBuild post-execution cost:4 ms .
[2026-04-20T23:32:10.246] [DEBUG] debug-file - Update task entry:default@CreateModuleInfo output file:D:\harmonyos_code\ljh25307105\entry\build\default\generated\profile\default\ModuleInfo.ts cache.
[2026-04-20T23:32:10.247] [DEBUG] debug-file - Incremental task entry:default@CreateModuleInfo post-execution cost:1 ms .
[2026-04-20T23:32:10.247] [DEBUG] debug-file - There is no need to refresh cache, since the incremental task entry:default@GenerateMetadata is up-to-date.
[2026-04-20T23:32:10.247] [DEBUG] debug-file - There is no need to refresh cache, since the incremental task entry:default@MergeProfile is up-to-date.
[2026-04-20T23:32:10.247] [DEBUG] debug-file - There is no need to refresh cache, since the incremental task entry:default@CreateBuildProfile is up-to-date.
[2026-04-20T23:32:10.247] [DEBUG] debug-file - Update task entry:default@GeneratePkgContextInfo output file:D:\harmonyos_code\ljh25307105\entry\build\default\intermediates\loader\default\pkgContextInfo.json cache.
[2026-04-20T23:32:10.247] [DEBUG] debug-file - Incremental task entry:default@GeneratePkgContextInfo post-execution cost:1 ms .
[2026-04-20T23:32:10.247] [DEBUG] debug-file - There is no need to refresh cache, since the incremental task entry:default@GeneratePkgSdkInfo is up-to-date.
[2026-04-20T23:32:10.247] [DEBUG] debug-file - Update task entry:default@ProcessIntegratedHsp output file:D:\harmonyos_code\ljh25307105\build\cache\default\integrated_hsp\integratedHspCache.json cache.
[2026-04-20T23:32:10.248] [DEBUG] debug-file - Incremental task entry:default@ProcessIntegratedHsp post-execution cost:1 ms .
[2026-04-20T23:32:10.248] [DEBUG] debug-file - There is no need to refresh cache, since the incremental task entry:default@MakePackInfo is up-to-date.
[2026-04-20T23:32:10.248] [DEBUG] debug-file - Update task entry:default@SyscapTransform input file:D:\DevEco Studio\sdk\default\openharmony\toolchains\syscap_tool.exe cache by regenerate.
[2026-04-20T23:32:10.248] [DEBUG] debug-file - Update task entry:default@SyscapTransform input file:D:\DevEco Studio\sdk\default\openharmony\ets\api\device-define cache by regenerate.
[2026-04-20T23:32:10.251] [DEBUG] debug-file - Update task entry:default@SyscapTransform output file:D:\harmonyos_code\ljh25307105\entry\build\default\intermediates\syscap\default\rpcid.sc cache.
[2026-04-20T23:32:10.252] [DEBUG] debug-file - Incremental task entry:default@SyscapTransform post-execution cost:4 ms .
[2026-04-20T23:32:10.252] [DEBUG] debug-file - There is no need to refresh cache, since the incremental task entry:default@ProcessProfile is up-to-date.
[2026-04-20T23:32:10.252] [DEBUG] debug-file - There is no need to refresh cache, since the incremental task entry:default@ProcessRouterMap is up-to-date.
[2026-04-20T23:32:10.252] [DEBUG] debug-file - There is no need to refresh cache, since the incremental task entry:default@ProcessShareConfig is up-to-date.
[2026-04-20T23:32:10.252] [DEBUG] debug-file - Update task entry:default@ProcessStartupConfig output file:D:\harmonyos_code\ljh25307105\entry\build\default\intermediates\startup\default\startup_config.json cache.
[2026-04-20T23:32:10.252] [DEBUG] debug-file - Incremental task entry:default@ProcessStartupConfig post-execution cost:1 ms .
[2026-04-20T23:32:10.252] [DEBUG] debug-file - There is no need to refresh cache, since the incremental task entry:default@ProcessResource is up-to-date.
[2026-04-20T23:32:10.253] [DEBUG] debug-file - There is no need to refresh cache, since the incremental task entry:default@GenerateLoaderJson is up-to-date.
[2026-04-20T23:32:10.253] [DEBUG] debug-file - There is no need to refresh cache, since the incremental task entry:default@ProcessLibs is up-to-date.
[2026-04-20T23:32:10.254] [DEBUG] debug-file - Update task entry:default@CompileResource input file:D:\harmonyos_code\ljh25307105\entry\src\main\resources cache from map.
[2026-04-20T23:32:10.254] [DEBUG] debug-file - Update task entry:default@CompileResource input file:D:\harmonyos_code\ljh25307105\AppScope\resources cache by regenerate.
[2026-04-20T23:32:10.256] [DEBUG] debug-file - Update task entry:default@CompileResource input file:D:\harmonyos_code\ljh25307105\entry\build\default\intermediates\process_profile\default\module.json cache by regenerate.
[2026-04-20T23:32:10.256] [DEBUG] debug-file - Update task entry:default@CompileResource input file:D:\harmonyos_code\ljh25307105\entry\build\default\intermediates\res\default\resConfig.json cache by regenerate.
[2026-04-20T23:32:10.256] [DEBUG] debug-file - Update task entry:default@CompileResource output file:D:\harmonyos_code\ljh25307105\entry\build\default\intermediates\res\default cache.
[2026-04-20T23:32:10.265] [DEBUG] debug-file - Update task entry:default@CompileResource output file:D:\harmonyos_code\ljh25307105\entry\build\default\generated\r\default\ResourceTable.h cache.
[2026-04-20T23:32:10.265] [DEBUG] debug-file - Update task entry:default@CompileResource output file:D:\harmonyos_code\ljh25307105\entry\build\default\generated\r\default\ResourceTable.ts cache.
[2026-04-20T23:32:10.266] [DEBUG] debug-file - Update task entry:default@CompileResource output file:D:\harmonyos_code\ljh25307105\entry\build\default\generated\r\default cache.
[2026-04-20T23:32:10.266] [DEBUG] debug-file - Incremental task entry:default@CompileResource post-execution cost:14 ms .
[2026-04-20T23:32:10.267] [DEBUG] debug-file - There is no need to refresh cache, since the incremental task entry:default@DoNativeStrip is up-to-date.
[2026-04-20T23:32:10.269] [DEBUG] debug-file - Update task entry:default@CompileArkTS input file:D:\harmonyos_code\ljh25307105\entry\build\default\intermediates\loader\default cache by regenerate.
[2026-04-20T23:32:10.270] [DEBUG] debug-file - Update task entry:default@CompileArkTS input file:D:\harmonyos_code\ljh25307105\entry\build\default\intermediates\res\default\ResourceTable.txt cache from map.
[2026-04-20T23:32:10.270] [DEBUG] debug-file - Update task entry:default@CompileArkTS input file:D:\harmonyos_code\ljh25307105\entry\build\default\intermediates\res\default\ark_module.json cache by regenerate.
[2026-04-20T23:32:10.270] [DEBUG] debug-file - Update task entry:default@CompileArkTS input file:D:\harmonyos_code\ljh25307105\entry\build\default\intermediates\res\default\resources\base\profile cache by regenerate.
[2026-04-20T23:32:10.271] [DEBUG] debug-file - Update task entry:default@CompileArkTS input file:D:\harmonyos_code\ljh25307105\entry\src\main\ets cache by regenerate.
[2026-04-20T23:32:10.277] [DEBUG] debug-file - Update task entry:default@CompileArkTS input file:D:\harmonyos_code\ljh25307105\entry\build\default\generated\profile\default\BuildProfile.ets cache by regenerate.
[2026-04-20T23:32:10.277] [DEBUG] debug-file - Update task entry:default@CompileArkTS output file:D:\harmonyos_code\ljh25307105\entry\build\default\intermediates\loader_out\default\ets cache.
[2026-04-20T23:32:10.277] [DEBUG] debug-file - Incremental task entry:default@CompileArkTS post-execution cost:11 ms .
[2026-04-20T23:32:10.279] [DEBUG] debug-file - Update task entry:default@BuildJS input file:D:\harmonyos_code\ljh25307105\entry\build\default\intermediates\loader\default cache by regenerate.
[2026-04-20T23:32:10.280] [DEBUG] debug-file - Update task entry:default@BuildJS input file:D:\harmonyos_code\ljh25307105\entry\build\default\intermediates\res\default\ResourceTable.txt cache by regenerate.
[2026-04-20T23:32:10.280] [DEBUG] debug-file - Update task entry:default@BuildJS input file:D:\harmonyos_code\ljh25307105\entry\build\default\intermediates\res\default\ark_module.json cache by regenerate.
[2026-04-20T23:32:10.280] [DEBUG] debug-file - Update task entry:default@BuildJS input file:D:\harmonyos_code\ljh25307105\entry\build\default\intermediates\res\default\resources\base\profile cache by regenerate.
[2026-04-20T23:32:10.281] [DEBUG] debug-file - Update task entry:default@BuildJS output file:D:\harmonyos_code\ljh25307105\entry\build\default\intermediates\loader_out\default\js cache.
[2026-04-20T23:32:10.281] [DEBUG] debug-file - Incremental task entry:default@BuildJS post-execution cost:4 ms .
[2026-04-20T23:32:10.281] [DEBUG] debug-file - There is no need to refresh cache, since the incremental task entry:default@CacheNativeLibs is up-to-date.
[2026-04-20T23:32:10.316] [DEBUG] debug-file - Cleanup worker 30.
[2026-04-20T23:32:10.316] [DEBUG] debug-file - Worker 30 has been cleaned up.
[2026-04-20T23:32:10.316] [DEBUG] debug-file - Current idle worker size: 1.
[2026-04-20T23:32:10.316] [DEBUG] debug-file - Current resident worker size: 2.
[2026-04-20T23:32:10.317] [DEBUG] debug-file - hvigor build process will be closed.
[2026-04-20T23:32:10.319] [DEBUG] debug-file - session manager: send message to worker process.
[2026-04-20T23:32:10.320] [DEBUG] debug-file - session manager: send message to worker process.
[2026-04-20T23:32:10.320] [DEBUG] debug-file - watch worker: worker id should be larger than 0. Nothing will be sent to any worker thread.
[2026-04-20T23:32:10.321] [DEBUG] debug-file - watch worker: worker id should be larger than 0. Nothing will be sent to any worker thread.
[2026-04-20T23:32:10.325] [DEBUG] debug-file - worker[30] exits with exit code 1.
[2026-04-20T23:33:12.236] [DEBUG] debug-file - env: nodejsVersion=v18.20.1
[2026-04-20T23:33:12.293] [DEBUG] debug-file - env: daemon=true
[2026-04-20T23:33:12.237] [DEBUG] debug-file - env: hvigor-config.json5 content = { modelVersion: '5.0.0', dependencies: {} }
[2026-04-20T23:33:12.778] [DEBUG] debug-file - session manager: set active socket. socketId=aYFYsEjp3QqDQWg_AAAP
[2026-04-20T23:33:12.782] [DEBUG] debug-file - watch worker: worker id should be larger than 0. Nothing will be sent to any worker thread.
[2026-04-20T23:33:12.783] [DEBUG] debug-file - Workers' log level updated to INFO
[2026-04-20T23:33:12.785] [DEBUG] debug-file - Hvigor init with startParameters:{
  hvigorfileTypeCheck: false,
  parallelExecution: true,
  incrementalExecution: true,
  printStackTrace: false,
  daemon: true,
  analyze: 0,
  logLevel: Level { level: 20000, levelStr: 'INFO', colour: 'green' },
  optimizationStrategy: 'memory',
  hotCompile: undefined,
  hotReloadBuild: undefined,
  customizedParam: undefined
}
[2026-04-20T23:33:12.788] [DEBUG] debug-file - Cache service initialization finished in 4 ms 
[2026-04-20T23:33:12.789] [DEBUG] debug-file - hvigorfile, resolving D:\harmonyos_code\ljh25307105\hvigorfile.ts
[2026-04-20T23:33:12.792] [DEBUG] debug-file - hvigorfile, require result:  {}
[2026-04-20T23:33:12.792] [DEBUG] debug-file - hvigorfile, binding system plugins {}
[2026-04-20T23:33:12.792] [DEBUG] debug-file - Starting plugin build process
[2026-04-20T23:33:12.792] [DEBUG] debug-file - App plugin prepare start...
[2026-04-20T23:33:12.792] [DEBUG] debug-file - App plugin prepare end...
[2026-04-20T23:33:12.792] [DEBUG] debug-file - App plugin creating...
[2026-04-20T23:33:12.795] [DEBUG] debug-file - App plugin register hook start...
[2026-04-20T23:33:12.795] [DEBUG] debug-file - App plugin register hook end...
[2026-04-20T23:33:12.795] [DEBUG] debug-file - Plugin build process completed
[2026-04-20T23:33:12.795] [DEBUG] debug-file - Start initialize project's product build option map with build mode debug.
[2026-04-20T23:33:12.795] [DEBUG] debug-file - Picking option from product 'default' with build mode 'debug'.
[2026-04-20T23:33:12.795] [DEBUG] debug-file - Product 'default' build option initialized
[2026-04-20T23:33:12.797] [DEBUG] debug-file - End initialize project's product build option map with build mode 'debug'.
[2026-04-20T23:33:12.798] [DEBUG] debug-file - Obtain build option for product 'default'in this build.
[2026-04-20T23:33:12.798] [DEBUG] debug-file - No signingConfig found, initRemoteHspCache failed.
[2026-04-20T23:33:12.800] [DEBUG] debug-file - Start recording SDK configuration permission data.
[2026-04-20T23:33:12.828] [DEBUG] debug-file - Sdk init in 30 ms 
[2026-04-20T23:33:12.832] [DEBUG] debug-file - Project task initialization takes 4 ms 
[2026-04-20T23:33:12.832] [DEBUG] debug-file - hvigorfile, resolve finished D:\harmonyos_code\ljh25307105\hvigorfile.ts
[2026-04-20T23:33:12.833] [DEBUG] debug-file - hvigorfile, resolving D:\harmonyos_code\ljh25307105\entry\hvigorfile.ts
[2026-04-20T23:33:12.836] [DEBUG] debug-file - hvigorfile, require result:  {}
[2026-04-20T23:33:12.837] [DEBUG] debug-file - hvigorfile, binding system plugins {}
[2026-04-20T23:33:12.837] [DEBUG] debug-file - Starting plugin build process
[2026-04-20T23:33:12.837] [DEBUG] debug-file - Hap plugin creating...
[2026-04-20T23:33:12.839] [DEBUG] debug-file - failed to load cangjie to dynamically generate schemas: Error: Cannot find module '@ohos/cangjie-build-support/index'
Require stack:
- D:\DevEco Studio\tools\hvigor\hvigor-ohos-plugin\src\plugin\hooks\cangjie-register.js
- D:\DevEco Studio\tools\hvigor\hvigor-ohos-plugin\src\plugin\strategy\stage-init-strategy.js
- D:\DevEco Studio\tools\hvigor\hvigor-ohos-plugin\src\plugin\builder\abstract-plugin-builder.js
- D:\DevEco Studio\tools\hvigor\hvigor-ohos-plugin\src\plugin\builder\app-plugin-builder.js
- D:\DevEco Studio\tools\hvigor\hvigor-ohos-plugin\src\plugin\factory\plugin-factory.js
- D:\DevEco Studio\tools\hvigor\hvigor-ohos-plugin\index.js
- D:\harmonyos_code\ljh25307105\hvigorfile.ts
- D:\DevEco Studio\tools\hvigor\hvigor\src\base\internal\lifecycle\configuration.js
- D:\DevEco Studio\tools\hvigor\hvigor\src\base\boot\index.js
- D:\DevEco Studio\tools\hvigor\hvigor\src\base\daemon\cluster\worker-process-lifecycle.js
- D:\DevEco Studio\tools\hvigor\hvigor\src\base\daemon\process\daemon-process-boot-script.js
[2026-04-20T23:33:12.841] [DEBUG] debug-file - Start initialize module-target build option map, moduleName=entry, buildMode=release
[2026-04-20T23:33:12.841] [DEBUG] debug-file - Target 'default' config initialized
[2026-04-20T23:33:12.841] [DEBUG] debug-file - Module 'entry' target 'default' build option initialized
[2026-04-20T23:33:12.841] [DEBUG] debug-file - End initialize module-target build option map, moduleName=entry
[2026-04-20T23:33:12.842] [DEBUG] debug-file - Start initialize module-target build option map, moduleName=entry, buildMode=debug
[2026-04-20T23:33:12.842] [DEBUG] debug-file - Target 'default' config initialized
[2026-04-20T23:33:12.842] [DEBUG] debug-file - Module 'entry' target 'default' build option initialized
[2026-04-20T23:33:12.843] [DEBUG] debug-file - End initialize module-target build option map, moduleName=entry
[2026-04-20T23:33:12.843] [DEBUG] debug-file - Start initialize module-target build option map, moduleName=entry, buildMode=debug
[2026-04-20T23:33:12.843] [DEBUG] debug-file - Target 'default' config initialized
[2026-04-20T23:33:12.843] [DEBUG] debug-file - Module 'entry' target 'default' build option initialized
[2026-04-20T23:33:12.843] [DEBUG] debug-file - End initialize module-target build option map, moduleName=entry
[2026-04-20T23:33:12.843] [DEBUG] debug-file - Obtain build option for module 'entry' target 'default'in this build.
[2026-04-20T23:33:12.845] [DEBUG] debug-file - Module entry task initialization takes 1 ms 
[2026-04-20T23:33:12.845] [DEBUG] debug-file - Hap plugin register hook start...
[2026-04-20T23:33:12.845] [DEBUG] debug-file - Hap plugin register hook end...
[2026-04-20T23:33:12.845] [DEBUG] debug-file - Plugin build process completed
[2026-04-20T23:33:12.845] [DEBUG] debug-file - hvigorfile, resolve finished D:\harmonyos_code\ljh25307105\entry\hvigorfile.ts
[2026-04-20T23:33:12.878] [DEBUG] debug-file - hvigorfile, resolve hvigorfile dependencies in 33 ms 
[2026-04-20T23:33:12.879] [DEBUG] debug-file - project has submodules:entry
[2026-04-20T23:33:12.880] [DEBUG] debug-file - start to load updatedOhPackageInfo to the disk
[2026-04-20T23:33:12.883] [DEBUG] debug-file - load to the disk finished
[2026-04-20T23:33:12.884] [DEBUG] debug-file - Start to initialize dependency information.
[2026-04-20T23:33:12.886] [DEBUG] debug-file - Module ljh25307105 Collected Dependency: 
[2026-04-20T23:33:12.886] [DEBUG] debug-file - Module ljh25307105's total dependency: 0
[2026-04-20T23:33:12.887] [DEBUG] debug-file - Start to initialize dependency information.
[2026-04-20T23:33:12.889] [DEBUG] debug-file - Module entry Collected Dependency: 
[2026-04-20T23:33:12.889] [DEBUG] debug-file - Module entry's total dependency: 0
[2026-04-20T23:33:12.891] [DEBUG] debug-file - Configuration phase cost:103 ms 
[2026-04-20T23:33:12.893] [DEBUG] debug-file - Configuration task cost before running: 109 ms 
[2026-04-20T23:33:12.897] [DEBUG] debug-file - Executing task :entry:default@PreBuild
[2026-04-20T23:33:12.898] [DEBUG] debug-file - Task 'entry:default@PreBuild' cost while wrapping incremental declarations: 1 ms 
[2026-04-20T23:33:12.909] [DEBUG] debug-file - Incremental task entry:default@PreBuild pre-execution cost: 8 ms .
[2026-04-20T23:33:12.909] [DEBUG] debug-file - entry : default@PreBuild cost memory -1.515350341796875
[2026-04-20T23:33:12.912] [INFO] debug-file - UP-TO-DATE :entry:default@PreBuild...  
[2026-04-20T23:33:12.913] [DEBUG] debug-file - Executing task :entry:default@CreateModuleInfo
[2026-04-20T23:33:12.913] [DEBUG] debug-file - Task 'entry:default@CreateModuleInfo' cost while wrapping incremental declarations: 1 ms 
[2026-04-20T23:33:12.913] [DEBUG] debug-file - entry : default@CreateModuleInfo cost memory 0.039459228515625
[2026-04-20T23:33:12.913] [DEBUG] debug-file - runTaskFromQueue task cost before running: 130 ms 
[2026-04-20T23:33:12.913] [INFO] debug-file - Finished :entry:default@CreateModuleInfo... after 1 ms 
[2026-04-20T23:33:12.915] [DEBUG] debug-file - Executing task :entry:default@GenerateMetadata
[2026-04-20T23:33:12.915] [DEBUG] debug-file - Task 'entry:default@GenerateMetadata' cost while wrapping incremental declarations: 1 ms 
[2026-04-20T23:33:12.917] [DEBUG] debug-file - Incremental task entry:default@GenerateMetadata pre-execution cost: 2 ms .
[2026-04-20T23:33:12.917] [DEBUG] debug-file - entry : default@GenerateMetadata cost memory 0.08411407470703125
[2026-04-20T23:33:12.917] [INFO] debug-file - UP-TO-DATE :entry:default@GenerateMetadata...  
[2026-04-20T23:33:12.918] [DEBUG] debug-file - Executing task :entry:default@ConfigureCmake
[2026-04-20T23:33:12.918] [DEBUG] debug-file - entry : default@ConfigureCmake cost memory 0.01415252685546875
[2026-04-20T23:33:12.918] [DEBUG] debug-file - runTaskFromQueue task cost before running: 135 ms 
[2026-04-20T23:33:12.918] [INFO] debug-file - Finished :entry:default@ConfigureCmake... after 1 ms 
[2026-04-20T23:33:12.919] [DEBUG] debug-file - Executing task :entry:default@MergeProfile
[2026-04-20T23:33:12.919] [DEBUG] debug-file - Task 'entry:default@MergeProfile' cost while wrapping incremental declarations: 1 ms 
[2026-04-20T23:33:12.921] [DEBUG] debug-file - Incremental task entry:default@MergeProfile pre-execution cost: 2 ms .
[2026-04-20T23:33:12.921] [DEBUG] debug-file - entry : default@MergeProfile cost memory 0.13700103759765625
[2026-04-20T23:33:12.921] [INFO] debug-file - UP-TO-DATE :entry:default@MergeProfile...  
[2026-04-20T23:33:12.923] [DEBUG] debug-file - Executing task :entry:default@CreateBuildProfile
[2026-04-20T23:33:12.923] [DEBUG] debug-file - Task 'entry:default@CreateBuildProfile' cost while wrapping incremental declarations: 1 ms 
[2026-04-20T23:33:12.925] [DEBUG] debug-file - Incremental task entry:default@CreateBuildProfile pre-execution cost: 2 ms .
[2026-04-20T23:33:12.925] [DEBUG] debug-file - entry : default@CreateBuildProfile cost memory 0.10407257080078125
[2026-04-20T23:33:12.925] [INFO] debug-file - UP-TO-DATE :entry:default@CreateBuildProfile...  
[2026-04-20T23:33:12.926] [DEBUG] debug-file - Executing task :entry:default@PreCheckSyscap
[2026-04-20T23:33:12.926] [DEBUG] debug-file - entry : default@PreCheckSyscap cost memory 0.014373779296875
[2026-04-20T23:33:12.926] [DEBUG] debug-file - runTaskFromQueue task cost before running: 143 ms 
[2026-04-20T23:33:12.926] [INFO] debug-file - Finished :entry:default@PreCheckSyscap... after 1 ms 
[2026-04-20T23:33:12.927] [DEBUG] debug-file - Executing task :entry:default@GeneratePkgContextInfo
[2026-04-20T23:33:12.931] [DEBUG] debug-file - Task 'entry:default@GeneratePkgContextInfo' cost while wrapping incremental declarations: 1 ms 
[2026-04-20T23:33:12.931] [DEBUG] debug-file - entry : default@GeneratePkgContextInfo cost memory 0.17317962646484375
[2026-04-20T23:33:12.932] [DEBUG] debug-file - runTaskFromQueue task cost before running: 148 ms 
[2026-04-20T23:33:12.932] [INFO] debug-file - Finished :entry:default@GeneratePkgContextInfo... after 5 ms 
[2026-04-20T23:33:12.933] [DEBUG] debug-file - Executing task :entry:default@GeneratePkgSdkInfo
[2026-04-20T23:33:12.935] [DEBUG] debug-file - Task 'entry:default@GeneratePkgSdkInfo' cost while wrapping incremental declarations: 1 ms 
[2026-04-20T23:33:12.936] [DEBUG] debug-file - Incremental task entry:default@GeneratePkgSdkInfo pre-execution cost: 1 ms .
[2026-04-20T23:33:12.936] [DEBUG] debug-file - entry : default@GeneratePkgSdkInfo cost memory 0.12062835693359375
[2026-04-20T23:33:12.936] [INFO] debug-file - UP-TO-DATE :entry:default@GeneratePkgSdkInfo...  
[2026-04-20T23:33:12.940] [DEBUG] debug-file - Executing task :entry:default@ProcessIntegratedHsp
[2026-04-20T23:33:12.940] [DEBUG] debug-file - entry:default@ProcessIntegratedHsp is not up-to-date, since the output file 'D:\harmonyos_code\ljh25307105\build\cache\default\integrated_hsp\integratedHspCache.json' does not exist.
[2026-04-20T23:33:12.940] [DEBUG] debug-file - Incremental task entry:default@ProcessIntegratedHsp pre-execution cost: 1 ms .
[2026-04-20T23:33:12.940] [DEBUG] debug-file - entry : default@ProcessIntegratedHsp cost memory 0.05437469482421875
[2026-04-20T23:33:12.940] [DEBUG] debug-file - runTaskFromQueue task cost before running: 157 ms 
[2026-04-20T23:33:12.941] [INFO] debug-file - Finished :entry:default@ProcessIntegratedHsp... after 1 ms 
[2026-04-20T23:33:12.942] [DEBUG] debug-file - Executing task :entry:default@BuildNativeWithCmake
[2026-04-20T23:33:12.943] [DEBUG] debug-file - entry : default@BuildNativeWithCmake cost memory 0.01415252685546875
[2026-04-20T23:33:12.943] [DEBUG] debug-file - runTaskFromQueue task cost before running: 160 ms 
[2026-04-20T23:33:12.943] [INFO] debug-file - Finished :entry:default@BuildNativeWithCmake... after 1 ms 
[2026-04-20T23:33:12.944] [DEBUG] debug-file - Executing task :entry:default@MakePackInfo
[2026-04-20T23:33:12.946] [DEBUG] debug-file - Incremental task entry:default@MakePackInfo pre-execution cost: 2 ms .
[2026-04-20T23:33:12.946] [DEBUG] debug-file - entry : default@MakePackInfo cost memory 0.1031036376953125
[2026-04-20T23:33:12.947] [INFO] debug-file - UP-TO-DATE :entry:default@MakePackInfo...  
[2026-04-20T23:33:12.948] [DEBUG] debug-file - Executing task :entry:default@SyscapTransform
[2026-04-20T23:33:12.949] [DEBUG] debug-file - File: 'D:\harmonyos_code\ljh25307105\entry\src\main\syscap.json' from 'sysCapJsonPath' is not exists, just ignore.
[2026-04-20T23:33:12.949] [DEBUG] debug-file - Task 'entry:default@SyscapTransform' cost while wrapping incremental declarations: 1 ms 
[2026-04-20T23:33:12.951] [DEBUG] debug-file - entry:default@SyscapTransform is not up-to-date, since the output file 'D:\harmonyos_code\ljh25307105\entry\build\default\intermediates\syscap\default\rpcid.sc' does not exist.
[2026-04-20T23:33:12.952] [DEBUG] debug-file - Incremental task entry:default@SyscapTransform pre-execution cost: 3 ms .
[2026-04-20T23:33:12.952] [DEBUG] debug-file - entry : default@SyscapTransform cost memory 0.14276885986328125
[2026-04-20T23:33:12.952] [DEBUG] debug-file - runTaskFromQueue task cost before running: 169 ms 
[2026-04-20T23:33:12.952] [INFO] debug-file - Finished :entry:default@SyscapTransform... after 4 ms 
[2026-04-20T23:33:12.953] [DEBUG] debug-file - Executing task :entry:default@ProcessProfile
[2026-04-20T23:33:12.954] [DEBUG] debug-file - Task 'entry:default@ProcessProfile' cost while wrapping incremental declarations: 1 ms 
[2026-04-20T23:33:12.955] [DEBUG] debug-file - Incremental task entry:default@ProcessProfile pre-execution cost: 1 ms .
[2026-04-20T23:33:12.955] [DEBUG] debug-file - entry : default@ProcessProfile cost memory 0.12807464599609375
[2026-04-20T23:33:12.955] [INFO] debug-file - UP-TO-DATE :entry:default@ProcessProfile...  
[2026-04-20T23:33:12.956] [DEBUG] debug-file - Executing task :entry:default@ProcessRouterMap
[2026-04-20T23:33:12.959] [DEBUG] debug-file - Incremental task entry:default@ProcessRouterMap pre-execution cost: 3 ms .
[2026-04-20T23:33:12.960] [DEBUG] debug-file - entry : default@ProcessRouterMap cost memory 0.12686920166015625
[2026-04-20T23:33:12.960] [INFO] debug-file - UP-TO-DATE :entry:default@ProcessRouterMap...  
[2026-04-20T23:33:12.961] [DEBUG] debug-file - Executing task :entry:default@ProcessShareConfig
[2026-04-20T23:33:12.964] [DEBUG] debug-file - Incremental task entry:default@ProcessShareConfig pre-execution cost: 3 ms .
[2026-04-20T23:33:12.964] [DEBUG] debug-file - entry : default@ProcessShareConfig cost memory 0.10382080078125
[2026-04-20T23:33:12.964] [INFO] debug-file - UP-TO-DATE :entry:default@ProcessShareConfig...  
[2026-04-20T23:33:12.966] [DEBUG] debug-file - Executing task :entry:default@ProcessStartupConfig
[2026-04-20T23:33:12.966] [DEBUG] debug-file - Task 'entry:default@ProcessStartupConfig' cost while wrapping incremental declarations: 1 ms 
[2026-04-20T23:33:12.966] [DEBUG] debug-file - entry:default@ProcessStartupConfig is not up-to-date, since the output file 'D:\harmonyos_code\ljh25307105\entry\build\default\intermediates\startup\default\startup_config.json' does not exist.
[2026-04-20T23:33:12.966] [DEBUG] debug-file - Incremental task entry:default@ProcessStartupConfig pre-execution cost: 1 ms .
[2026-04-20T23:33:12.967] [DEBUG] debug-file - entry : default@ProcessStartupConfig cost memory 0.09906005859375
[2026-04-20T23:33:12.967] [DEBUG] debug-file - runTaskFromQueue task cost before running: 184 ms 
[2026-04-20T23:33:12.967] [INFO] debug-file - Finished :entry:default@ProcessStartupConfig... after 2 ms 
[2026-04-20T23:33:12.968] [DEBUG] debug-file - Executing task :entry:default@BuildNativeWithNinja
[2026-04-20T23:33:12.968] [DEBUG] debug-file - entry : default@BuildNativeWithNinja cost memory 0.01995849609375
[2026-04-20T23:33:12.969] [DEBUG] debug-file - runTaskFromQueue task cost before running: 185 ms 
[2026-04-20T23:33:12.969] [INFO] debug-file - Finished :entry:default@BuildNativeWithNinja... after 1 ms 
[2026-04-20T23:33:12.970] [DEBUG] debug-file - restool module names: entry; moduleName=entry, taskName=default@ProcessResource
[2026-04-20T23:33:12.971] [DEBUG] debug-file - Executing task :entry:default@ProcessResource
[2026-04-20T23:33:12.971] [DEBUG] debug-file - Task 'entry:default@ProcessResource' cost while wrapping incremental declarations: 1 ms 
[2026-04-20T23:33:12.974] [DEBUG] debug-file - Incremental task entry:default@ProcessResource pre-execution cost: 3 ms .
[2026-04-20T23:33:12.975] [DEBUG] debug-file - entry : default@ProcessResource cost memory -1.43328857421875
[2026-04-20T23:33:12.978] [INFO] debug-file - UP-TO-DATE :entry:default@ProcessResource...  
[2026-04-20T23:33:12.980] [DEBUG] debug-file - Executing task :entry:default@GenerateLoaderJson
[2026-04-20T23:33:12.981] [DEBUG] debug-file - Task 'entry:default@GenerateLoaderJson' cost while wrapping incremental declarations: 1 ms 
[2026-04-20T23:33:12.991] [DEBUG] debug-file - Incremental task entry:default@GenerateLoaderJson pre-execution cost: 6 ms .
[2026-04-20T23:33:12.991] [DEBUG] debug-file - entry : default@GenerateLoaderJson cost memory 0.42302703857421875
[2026-04-20T23:33:12.996] [INFO] debug-file - UP-TO-DATE :entry:default@GenerateLoaderJson...  
[2026-04-20T23:33:12.997] [DEBUG] debug-file - Executing task :entry:default@ProcessLibs
[2026-04-20T23:33:13.001] [DEBUG] debug-file - Incremental task entry:default@ProcessLibs pre-execution cost: 3 ms .
[2026-04-20T23:33:13.001] [DEBUG] debug-file - entry : default@ProcessLibs cost memory 0.0977325439453125
[2026-04-20T23:33:13.002] [INFO] debug-file - UP-TO-DATE :entry:default@ProcessLibs...  
[2026-04-20T23:33:13.003] [DEBUG] debug-file - restool module names: entry; moduleName=entry, taskName=default@CompileResource
[2026-04-20T23:33:13.004] [DEBUG] debug-file - Executing task :entry:default@CompileResource
[2026-04-20T23:33:13.028] [DEBUG] debug-file - Incremental task entry:default@CompileResource pre-execution cost: 23 ms .
[2026-04-20T23:33:13.029] [DEBUG] debug-file - entry : default@CompileResource cost memory -0.8110198974609375
[2026-04-20T23:33:13.030] [INFO] debug-file - UP-TO-DATE :entry:default@CompileResource...  
[2026-04-20T23:33:13.031] [DEBUG] debug-file - Executing task :entry:default@DoNativeStrip
[2026-04-20T23:33:13.031] [DEBUG] debug-file - File: 'D:\harmonyos_code\ljh25307105\entry\build\default\intermediates\binxo\default' from 'doBinxoNativeLibs' is not exists, just ignore.
[2026-04-20T23:33:13.031] [DEBUG] debug-file - Task 'entry:default@DoNativeStrip' cost while wrapping incremental declarations: 1 ms 
[2026-04-20T23:33:13.032] [DEBUG] debug-file - Incremental task entry:default@DoNativeStrip pre-execution cost: 1 ms .
[2026-04-20T23:33:13.032] [DEBUG] debug-file - entry : default@DoNativeStrip cost memory 0.09064483642578125
[2026-04-20T23:33:13.033] [INFO] debug-file - UP-TO-DATE :entry:default@DoNativeStrip...  
[2026-04-20T23:33:13.034] [DEBUG] debug-file - Executing task :entry:default@CompileArkTS
[2026-04-20T23:33:13.034] [DEBUG] debug-file - obfuscationOptions: undefined
[2026-04-20T23:33:13.035] [DEBUG] debug-file - Task 'entry:default@CompileArkTS' cost while wrapping incremental declarations: 1 ms 
[2026-04-20T23:33:13.051] [DEBUG] debug-file - build config:
[2026-04-20T23:33:13.051] [DEBUG] debug-file - {
  moduleType: 'entry',
  perf: 0,
  targetName: '.default',
  packageManagerType: 'ohpm',
  localPropertiesPath: 'D:\\harmonyos_code\\ljh25307105\\local.properties',
  isPreview: false,
  isOhosTest: false,
  isLocalTest: false,
  buildMode: 'Debug',
  hotReloadBuild: undefined,
  watchMode: 'false',
  aceProfilePath: 'D:\\harmonyos_code\\ljh25307105\\entry\\build\\default\\intermediates\\res\\default\\resources\\base\\profile',
  etsLoaderPath: 'D:\\DevEco Studio\\sdk\\default\\openharmony\\ets\\build-tools\\ets-loader',
  modulePath: 'D:\\harmonyos_code\\ljh25307105\\entry',
  testFrameworkPar: {
    testMode: undefined,
    coveragePathFilter: undefined,
    coverageMode: undefined
  },
  needCoverageInsert: false,
  debugLine: false,
  projectTopDir: 'D:\\harmonyos_code\\ljh25307105',
  compileSdkVersion: 23,
  compatibleSdkVersion: 17,
  originCompatibleSdkVersion: '5.0.5(17)',
  compatibleSdkVersionStage: undefined,
  bundleName: 'c***t',
  etsLoaderVersion: '6.1.0.105',
  etsLoaderReleaseType: 'Release',
  aotCompileMode: 'type',
  apPath: 'D:\\harmonyos_code\\ljh25307105\\entry\\modules.ap',
  entryModuleName: 'entry',
  entryModuleVersion: '1.0.0',
  entryPackageName: 'entry',
  allModuleNameHash: '0019564ec147b3f85683354dda26a089a339380e39ebac837016312bfe63a515',
  externalApiPaths: [ 'D:\\DevEco Studio\\sdk\\default\\hms\\ets' ],
  compilerTypes: [],
  isCrossplatform: false,
  hvigorPluginFile: undefined,
  compilePluginPath: undefined,
  buildGeneratedProfilePath: 'D:\\harmonyos_code\\ljh25307105\\entry\\build\\default\\generated\\profile\\default',
  bundleType: 'app',
  arkTSVersion: undefined,
  apiVersion: 23,
  needCompleteSourcesMap: false,
  isFaMode: false,
  buildDir: 'D:\\harmonyos_code\\ljh25307105\\entry\\build',
  deviceTypes: [ 'phone' ],
  pkgContextInfo: undefined,
  ohPackagePathMap: {},
  dependencyAliasMap: {},
  permission: { requestPermissions: undefined, definePermissions: undefined },
  useGetCurrentBundleName: false,
  projectArkOption: undefined,
  sourceMapDir: undefined,
  branchElimination: false,
  transformLib: undefined,
  tsImportSendable: false,
  resolveConflictMode: true,
  depName2RootPath: {},
  depName2DepInfo: {},
  depName2OhExports: {},
  rootPathSet: [ 'D:\\harmonyos_code\\ljh25307105' ],
  useNativeResolver: true,
  shouldEmitJs: true,
  useTscResolve: false,
  singleFileEmit: false,
  userProjectConfig: {
    autoLazyImport: false,
    allowEmptyBundleName: false,
    reExportCheckMode: 'noCheck',
    executionMode: 'memory',
    usePathPlaceholder: false,
    writeRollupCache: true,
    isExpandImportEnabled: false,
    expandImportExclude: '',
    lazyImportExclude: '',
    lazyImportInclude: '',
    ignoreCrossplatformCheck: false,
    isHarDeduplicateEnabled: false,
    skipOhModulesLint: false,
    enableStrictCheckOHModule: false,
    disableSendableCheckRules: [],
    useDeclarationFileSignature: false,
    customizedOptions: undefined,
    integratedHsp: false,
    isPreloadSoEnabled: false
  },
  executionMode: 'memory',
  arkCompileCachePath: 'D:\\harmonyos_code\\ljh25307105\\entry\\build\\default\\cache\\default\\default@CompileArkTS\\esmodule',
  autoLazyFilter: undefined,
  isHarDeduplicateEnabled: false,
  intermediateHarDuplicateDirPath: 'D:\\harmonyos_code\\ljh25307105\\entry\\build\\default\\intermediates\\har_duplicate\\default',
  autoLazyImport: false,
  allowEmptyBundleName: false,
  reExportCheckMode: 'noCheck',
  usePathPlaceholder: false,
  writeRollupCache: true,
  isExpandImportEnabled: false,
  expandImportExclude: '',
  lazyImportExclude: '',
  lazyImportInclude: '',
  ignoreCrossplatformCheck: false,
  skipOhModulesLint: false,
  enableStrictCheckOHModule: false,
  disableSendableCheckRules: [],
  useDeclarationFileSignature: false,
  customizedOptions: undefined,
  integratedHsp: false,
  isPreloadSoEnabled: false,
  strictMode: undefined,
  useNormalizedOHMUrl: false,
  caseSensitiveCheck: false,
  aceModuleJsonPath: 'D:\\harmonyos_code\\ljh25307105\\entry\\build\\default\\intermediates\\res\\default\\ark_module.json',
  appResource: 'D:\\harmonyos_code\\ljh25307105\\entry\\build\\default\\intermediates\\res\\default\\ResourceTable.txt',
  rawFileResource: 'D:\\harmonyos_code\\ljh25307105\\entry\\build\\default\\intermediates\\res\\default\\resources\\rawfile',
  resourceTableHash: 'e14473c04cd8b4753369a149b5a6d3f90b6aeb75b9fee17e6a433845bf897e39',
  runtimeOS: 'HarmonyOS',
  sdkInfo: 'false:23:6.1.0.105:Release',
  aceModuleRoot: 'D:\\harmonyos_code\\ljh25307105\\entry\\src\\main\\ets',
  compileMode: 'esmodule',
  aceSuperVisualPath: 'D:\\harmonyos_code\\ljh25307105\\entry\\src\\main\\supervisual',
  aceBuildJson: 'D:\\harmonyos_code\\ljh25307105\\entry\\build\\default\\intermediates\\loader\\default\\loader.json',
  cachePath: 'D:\\harmonyos_code\\ljh25307105\\entry\\build\\default\\cache\\default\\default@CompileArkTS\\esmodule\\debug',
  aceModuleBuild: 'D:\\harmonyos_code\\ljh25307105\\entry\\build\\default\\intermediates\\loader_out\\default\\ets',
  supportChunks: true,
  declaredFilesPath: undefined,
  shouldCollectDirectImportees: false,
  isByteCodeHarOptimize: false,
  expandImportPath: undefined,
  resourceTableTs: 'D:\\harmonyos_code\\ljh25307105\\entry\\build\\default\\generated\\r\\default\\ResourceTable.ts',
  moduleMetaInfoFiles: [
    {
      filePath: 'D:\\harmonyos_code\\ljh25307105\\entry\\build\\default\\generated\\r\\default\\ResourceTable.ts',
      ohmurl: 'com.example.canvascomponent/entry/build/generated/r/ResourceTable'
    }
  ],
  pkgNameToPkgBriefInfo: {
    entry: {
      pkgRoot: 'D:\\harmonyos_code\\ljh25307105\\entry',
      originalSourceRoots: undefined,
      sourceRoots: [Array],
      pkgName: 'entry'
    }
  },
  projectModel: {
    'D:\\harmonyos_code\\ljh25307105\\entry\\src\\main': {
      moduleName: 'entry',
      modulePkgPath: 'D:\\harmonyos_code\\ljh25307105\\entry',
      belongProjectPath: 'D:\\harmonyos_code\\ljh25307105'
    },
    'D:\\harmonyos_code\\ljh25307105\\entry': {
      moduleName: 'entry',
      modulePkgPath: 'D:\\harmonyos_code\\ljh25307105\\entry',
      belongProjectPath: 'D:\\harmonyos_code\\ljh25307105'
    },
    'D:\\harmonyos_code\\ljh25307105': {
      moduleName: 'ljh25307105',
      modulePkgPath: 'D:\\harmonyos_code\\ljh25307105',
      belongProjectPath: 'D:\\harmonyos_code\\ljh25307105'
    }
  },
  pkgJsonFileHash: '2afff4febdc36911eef91f56078f85eadae932cafc4985f481ba3dd356730d69',
  allModulePaths: [ 'D:\\harmonyos_code\\ljh25307105\\entry' ],
  routerMap: {},
  obfuscationOptions: undefined,
  byteCodeHarToDependencyKeys: undefined,
  compileBlockPkg: [],
  mockParams: {
    decorator: '@MockSetup',
    packageName: '@ohos/hamock',
    etsSourceRootPath: 'src/main/ets',
    mockConfigPath: undefined,
    mockConfigKey2ModuleInfo: {},
    source2ModuleIdMap: {}
  },
  copyCodeResourceEnable: true,
  copyCodeResourceExcludes: [],
  copyCodeResourceIncludes: undefined,
  uiTransformOptimization: false,
  sdkPath: 'D:/DevEco Studio/sdk',
  needPreloadSoFileSet: {},
  preloadSoFilePath: 'D:\\harmonyos_code\\ljh25307105\\entry\\build\\default\\intermediates\\preload\\default\\preload.json',
  useSourceHash: false,
  localModuleParamMap: {},
  otherPaths: {
    'entry/*': [
      '..\\*',
      '..\\..\\..\\build\\default\\generated\\profile\\default\\*'
    ]
  },
  collectImportersConfig: undefined
}
[2026-04-20T23:33:13.052] [DEBUG] debug-file - Compile arkts with external api path: D:\DevEco Studio\sdk\default\hms\ets
[2026-04-20T23:33:13.053] [DEBUG] debug-file - default@CompileArkTS work[15] is submitted.
[2026-04-20T23:33:13.053] [DEBUG] debug-file - default@CompileArkTS work[15] is pushed to ready queue.
[2026-04-20T23:33:13.053] [DEBUG] debug-file - A work dispatched to worker[31] failed because unable to get work from ready queue.
[2026-04-20T23:33:13.053] [DEBUG] debug-file - A work dispatched to worker[30] failed because unable to get work from ready queue.
[2026-04-20T23:33:13.053] [DEBUG] debug-file - A work dispatched to worker[29] failed because unable to get work from ready queue.
[2026-04-20T23:33:13.053] [DEBUG] debug-file - A work dispatched to worker[28] failed because unable to get work from ready queue.
[2026-04-20T23:33:13.053] [DEBUG] debug-file - A work dispatched to worker[27] failed because unable to get work from ready queue.
[2026-04-20T23:33:13.053] [DEBUG] debug-file - A work dispatched to worker[26] failed because unable to get work from ready queue.
[2026-04-20T23:33:13.053] [DEBUG] debug-file - A work dispatched to worker[25] failed because unable to get work from ready queue.
[2026-04-20T23:33:13.053] [DEBUG] debug-file - A work dispatched to worker[24] failed because unable to get work from ready queue.
[2026-04-20T23:33:13.053] [DEBUG] debug-file - A work dispatched to worker[23] failed because unable to get work from ready queue.
[2026-04-20T23:33:13.053] [DEBUG] debug-file - A work dispatched to worker[22] failed because unable to get work from ready queue.
[2026-04-20T23:33:13.053] [DEBUG] debug-file - A work dispatched to worker[21] failed because unable to get work from ready queue.
[2026-04-20T23:33:13.053] [DEBUG] debug-file - A work dispatched to worker[20] failed because unable to get work from ready queue.
[2026-04-20T23:33:13.053] [DEBUG] debug-file - A work dispatched to worker[19] failed because unable to get work from ready queue.
[2026-04-20T23:33:13.054] [DEBUG] debug-file - A work dispatched to worker[18] failed because unable to get work from ready queue.
[2026-04-20T23:33:13.054] [DEBUG] debug-file - A work dispatched to worker[17] failed because unable to get work from ready queue.
[2026-04-20T23:33:13.054] [DEBUG] debug-file - A work dispatched to worker[16] failed because unable to get work from ready queue.
[2026-04-20T23:33:13.054] [DEBUG] debug-file - A work dispatched to worker[15] failed because unable to get work from ready queue.
[2026-04-20T23:33:13.054] [DEBUG] debug-file - A work dispatched to worker[14] failed because unable to get work from ready queue.
[2026-04-20T23:33:13.054] [DEBUG] debug-file - A work dispatched to worker[13] failed because unable to get work from ready queue.
[2026-04-20T23:33:13.054] [DEBUG] debug-file - A work dispatched to worker[12] failed because unable to get work from ready queue.
[2026-04-20T23:33:13.054] [DEBUG] debug-file - A work dispatched to worker[11] failed because unable to get work from ready queue.
[2026-04-20T23:33:13.054] [DEBUG] debug-file - A work dispatched to worker[10] failed because unable to get work from ready queue.
[2026-04-20T23:33:13.054] [DEBUG] debug-file - A work dispatched to worker[9] failed because unable to get work from ready queue.
[2026-04-20T23:33:13.054] [DEBUG] debug-file - A work dispatched to worker[8] failed because unable to get work from ready queue.
[2026-04-20T23:33:13.054] [DEBUG] debug-file - A work dispatched to worker[7] failed because unable to get work from ready queue.
[2026-04-20T23:33:13.054] [DEBUG] debug-file - A work dispatched to worker[6] failed because unable to get work from ready queue.
[2026-04-20T23:33:13.054] [DEBUG] debug-file - A work dispatched to worker[5] failed because unable to get work from ready queue.
[2026-04-20T23:33:13.054] [DEBUG] debug-file - default@CompileArkTS work[15] has been dispatched to worker[4].
[2026-04-20T23:33:13.054] [DEBUG] debug-file - default@CompileArkTS work[15] is dispatched.
[2026-04-20T23:33:13.054] [DEBUG] debug-file - CopyResources startTime: 33654170427500
[2026-04-20T23:33:13.054] [DEBUG] debug-file - default@CompileArkTS work[16] is submitted.
[2026-04-20T23:33:13.055] [DEBUG] debug-file - default@CompileArkTS work[16] is pushed to ready queue.
[2026-04-20T23:33:13.055] [DEBUG] debug-file - A work dispatched to worker[31] failed because unable to get work from ready queue.
[2026-04-20T23:33:13.055] [DEBUG] debug-file - Create  resident worker with id: 30.
[2026-04-20T23:33:13.056] [DEBUG] debug-file - default@CompileArkTS work[16] has been dispatched to worker[30].
[2026-04-20T23:33:13.056] [DEBUG] debug-file - default@CompileArkTS work[16] is dispatched.
[2026-04-20T23:33:13.057] [DEBUG] debug-file - entry : default@CompileArkTS cost memory -0.47988128662109375
[2026-04-20T23:33:13.058] [DEBUG] debug-file - Executing task :entry:default@BuildJS
[2026-04-20T23:33:13.058] [DEBUG] debug-file - Task 'entry:default@BuildJS' cost while wrapping incremental declarations: 1 ms 
[2026-04-20T23:33:13.062] [DEBUG] debug-file - entry : default@BuildJS cost memory 0.14055633544921875
[2026-04-20T23:33:13.062] [DEBUG] debug-file - runTaskFromQueue task cost before running: 279 ms 
[2026-04-20T23:33:13.063] [INFO] debug-file - Finished :entry:default@BuildJS... after 5 ms 
[2026-04-20T23:33:13.064] [DEBUG] debug-file - Executing task :entry:default@CacheNativeLibs
[2026-04-20T23:33:13.064] [DEBUG] debug-file - File: 'D:\harmonyos_code\ljh25307105\entry\build\default\intermediates\binxo\default' from 'cacheBinxoNativeLibs' is not exists, just ignore.
[2026-04-20T23:33:13.065] [DEBUG] debug-file - Task 'entry:default@CacheNativeLibs' cost while wrapping incremental declarations: 1 ms 
[2026-04-20T23:33:13.067] [DEBUG] debug-file - Incremental task entry:default@CacheNativeLibs pre-execution cost: 2 ms .
[2026-04-20T23:33:13.067] [DEBUG] debug-file - entry : default@CacheNativeLibs cost memory 0.12137603759765625
[2026-04-20T23:33:13.067] [INFO] debug-file - UP-TO-DATE :entry:default@CacheNativeLibs...  
[2026-04-20T23:33:14.081] [WARN] debug-file - [33mWARN: [33m[33mArkTS:WARN File: D:/harmonyos_code/ljh25307105/entry/src/main/ets/pages/CanvasPage.ets:131:12
 Function may throw exceptions. Special handling is required.
[39m[39m

[2026-04-20T23:33:14.081] [DEBUG] debug-file - Ark compile task finished.finished time is 33655197493800
[2026-04-20T23:33:14.083] [DEBUG] debug-file - worker[4] has one work done.
[2026-04-20T23:33:14.085] [DEBUG] debug-file - default@CompileArkTS work[15] done.
[2026-04-20T23:33:14.085] [DEBUG] debug-file - A work dispatched to worker[4] failed because unable to get work from ready queue.
[2026-04-20T23:33:14.252] [DEBUG] debug-file - worker[30] has one work done.
[2026-04-20T23:33:14.252] [DEBUG] debug-file - CopyResources is end, endTime: 33655368334000
[2026-04-20T23:33:14.252] [DEBUG] debug-file - default@CompileArkTS work[16] done.
[2026-04-20T23:33:14.253] [DEBUG] debug-file - A work dispatched to worker[30] failed because unable to get work from ready queue.
[2026-04-20T23:33:14.256] [INFO] debug-file - Finished :entry:default@CompileArkTS... after 1 s 65 ms 
[2026-04-20T23:33:14.257] [DEBUG] debug-file - Executing task :entry:default@GeneratePkgModuleJson
[2026-04-20T23:33:14.258] [DEBUG] debug-file - File: 'D:\harmonyos_code\ljh25307105\entry\build\default\intermediates\preload\default\preload.json' from 'preloadSoJsonPath' is not exists, just ignore.
[2026-04-20T23:33:14.258] [DEBUG] debug-file - Error occurs while handling @Input 'shouldDeduplicateHar': The "data" argument must be of type string or an instance of Buffer, TypedArray, or DataView. Received undefined
[2026-04-20T23:33:14.259] [DEBUG] debug-file - Task 'entry:default@GeneratePkgModuleJson' cost while wrapping incremental declarations: 1 ms 
[2026-04-20T23:33:14.259] [DEBUG] debug-file - entry:default@GeneratePkgModuleJson is not up-to-date, since the input file 'D:\harmonyos_code\ljh25307105\entry\build\default\intermediates\res\default\module.json' has been changed.
[2026-04-20T23:33:14.259] [DEBUG] debug-file - Incremental task entry:default@GeneratePkgModuleJson pre-execution cost: 1 ms .
[2026-04-20T23:33:14.261] [DEBUG] debug-file - entry : default@GeneratePkgModuleJson cost memory 0.16855621337890625
[2026-04-20T23:33:14.261] [DEBUG] debug-file - runTaskFromQueue task cost before running: 1 s 478 ms 
[2026-04-20T23:33:14.261] [INFO] debug-file - Finished :entry:default@GeneratePkgModuleJson... after 4 ms 
[2026-04-20T23:33:14.262] [DEBUG] debug-file - Executing task :entry:default@ProcessCompiledResources
[2026-04-20T23:33:14.262] [DEBUG] debug-file - File: 'D:\harmonyos_code\ljh25307105\entry\build\default\intermediates\preload\default\preload.json' from 'preloadSoJsonPath' is not exists, just ignore.
[2026-04-20T23:33:14.262] [DEBUG] debug-file - Task 'entry:default@ProcessCompiledResources' cost while wrapping incremental declarations: 1 ms 
[2026-04-20T23:33:14.263] [DEBUG] debug-file - entry : default@ProcessCompiledResources cost memory 0.05629730224609375
[2026-04-20T23:33:14.263] [DEBUG] debug-file - runTaskFromQueue task cost before running: 1 s 479 ms 
[2026-04-20T23:33:14.263] [INFO] debug-file - Finished :entry:default@ProcessCompiledResources... after 1 ms 
[2026-04-20T23:33:14.264] [DEBUG] debug-file - Executing task :entry:default@PackageHap
[2026-04-20T23:33:14.269] [DEBUG] debug-file - entry:default@PackageHap is not up-to-date, since the input file 'D:\harmonyos_code\ljh25307105\entry\build\default\intermediates\res\default\module.json' has been changed.
[2026-04-20T23:33:14.269] [DEBUG] debug-file - Incremental task entry:default@PackageHap pre-execution cost: 4 ms .
[2026-04-20T23:33:14.270] [DEBUG] debug-file - Use tool [D:\DevEco Studio\sdk\default\openharmony\toolchains\lib\app_packing_tool.jar]
 [
  'java',
  '-Dfile.encoding=GBK',
  '-jar',
  'D:\\DevEco Studio\\sdk\\default\\openharmony\\toolchains\\lib\\app_packing_tool.jar',
  '--mode',
  'hap',
  '--force',
  'true',
  '--lib-path',
  'D:\\harmonyos_code\\ljh25307105\\entry\\build\\default\\intermediates\\stripped_native_libs\\default',
  '--json-path',
  'D:\\harmonyos_code\\ljh25307105\\entry\\build\\default\\intermediates\\package\\default\\module.json',
  '--resources-path',
  'D:\\harmonyos_code\\ljh25307105\\entry\\build\\default\\intermediates\\res\\default\\resources',
  '--index-path',
  'D:\\harmonyos_code\\ljh25307105\\entry\\build\\default\\intermediates\\res\\default\\resources.index',
  '--pack-info-path',
  'D:\\harmonyos_code\\ljh25307105\\entry\\build\\default\\outputs\\default\\pack.info',
  '--out-path',
  'D:\\harmonyos_code\\ljh25307105\\entry\\build\\default\\outputs\\default\\entry-default-unsigned.hap',
  '--ets-path',
  'D:\\harmonyos_code\\ljh25307105\\entry\\build\\default\\intermediates\\loader_out\\default\\ets',
  '--pkg-sdk-info-path',
  'D:\\harmonyos_code\\ljh25307105\\entry\\build\\default\\intermediates\\loader\\default\\pkgSdkInfo.json'
]
[2026-04-20T23:33:14.271] [DEBUG] debug-file - default@PackageHap work[17] is submitted.
[2026-04-20T23:33:14.271] [DEBUG] debug-file - default@PackageHap work[17] is pushed to ready queue.
[2026-04-20T23:33:14.271] [DEBUG] debug-file - A work dispatched to worker[31] failed because unable to get work from ready queue.
[2026-04-20T23:33:14.271] [DEBUG] debug-file - default@PackageHap work[17] has been dispatched to worker[30].
[2026-04-20T23:33:14.271] [DEBUG] debug-file - default@PackageHap work[17] is dispatched.
[2026-04-20T23:33:14.275] [DEBUG] debug-file - entry : default@PackageHap cost memory 0.406219482421875
[2026-04-20T23:33:14.573] [DEBUG] debug-file - current process  memoryUsage: {
  rss: 399855616,
  heapTotal: 81559552,
  heapUsed: 51801960,
  external: 2365469,
  arrayBuffers: 123792
} os memoryUsage :13.236114501953125
[2026-04-20T23:33:14.880] [DEBUG] debug-file - worker[30] has one work done.
[2026-04-20T23:33:14.880] [DEBUG] debug-file - default@PackageHap work[17] done.
[2026-04-20T23:33:14.880] [DEBUG] debug-file - A work dispatched to worker[30] failed because unable to get work from ready queue.
[2026-04-20T23:33:14.882] [INFO] debug-file - Finished :entry:default@PackageHap... after 320 ms 
[2026-04-20T23:33:14.883] [DEBUG] debug-file - Executing task :entry:default@PackingCheck
[2026-04-20T23:33:14.890] [DEBUG] debug-file - entry : default@PackingCheck cost memory 0.388427734375
[2026-04-20T23:33:14.891] [DEBUG] debug-file - runTaskFromQueue task cost before running: 2 s 107 ms 
[2026-04-20T23:33:14.891] [INFO] debug-file - Finished :entry:default@PackingCheck... after 8 ms 
[2026-04-20T23:33:14.892] [DEBUG] debug-file - Executing task :entry:default@SignHap
[2026-04-20T23:33:14.893] [WARN] debug-file - Will skip sign 'hos_hap'. No signingConfigs profile is configured in current project.
             If needed, configure the signingConfigs in D:\harmonyos_code\ljh25307105\build-profile.json5.
[2026-04-20T23:33:14.894] [DEBUG] debug-file - entry:default@SignHap is not up-to-date, since the input file 'D:\harmonyos_code\ljh25307105\entry\build\default\outputs\default\entry-default-unsigned.hap' has been changed.
[2026-04-20T23:33:14.894] [DEBUG] debug-file - Incremental task entry:default@SignHap pre-execution cost: 1 ms .
[2026-04-20T23:33:14.894] [DEBUG] debug-file - entry : default@SignHap cost memory 0.08551788330078125
[2026-04-20T23:33:14.894] [DEBUG] debug-file - runTaskFromQueue task cost before running: 2 s 111 ms 
[2026-04-20T23:33:14.895] [INFO] debug-file - Finished :entry:default@SignHap... after 3 ms 
[2026-04-20T23:33:14.896] [DEBUG] debug-file - Executing task :entry:default@CollectDebugSymbol
[2026-04-20T23:33:14.897] [DEBUG] debug-file - entry : default@CollectDebugSymbol cost memory 0.08306884765625
[2026-04-20T23:33:14.897] [DEBUG] debug-file - runTaskFromQueue task cost before running: 2 s 114 ms 
[2026-04-20T23:33:14.897] [INFO] debug-file - Finished :entry:default@CollectDebugSymbol... after 2 ms 
[2026-04-20T23:33:14.898] [DEBUG] debug-file - Executing task :entry:assembleHap
[2026-04-20T23:33:14.898] [DEBUG] debug-file - entry : assembleHap cost memory 0.01230621337890625
[2026-04-20T23:33:14.898] [DEBUG] debug-file - runTaskFromQueue task cost before running: 2 s 115 ms 
[2026-04-20T23:33:14.898] [INFO] debug-file - Finished :entry:assembleHap... after 1 ms 
[2026-04-20T23:33:14.916] [INFO] debug-file - BUILD SUCCESSFUL in 2 s 133 ms 
[2026-04-20T23:33:14.916] [DEBUG] debug-file - There is no need to refresh cache, since the incremental task entry:default@PreBuild is up-to-date.
[2026-04-20T23:33:14.916] [DEBUG] debug-file - Update task entry:default@CreateModuleInfo output file:D:\harmonyos_code\ljh25307105\entry\build\default\generated\profile\default\ModuleInfo.ts cache.
[2026-04-20T23:33:14.917] [DEBUG] debug-file - Incremental task entry:default@CreateModuleInfo post-execution cost:1 ms .
[2026-04-20T23:33:14.917] [DEBUG] debug-file - There is no need to refresh cache, since the incremental task entry:default@GenerateMetadata is up-to-date.
[2026-04-20T23:33:14.917] [DEBUG] debug-file - There is no need to refresh cache, since the incremental task entry:default@MergeProfile is up-to-date.
[2026-04-20T23:33:14.917] [DEBUG] debug-file - There is no need to refresh cache, since the incremental task entry:default@CreateBuildProfile is up-to-date.
[2026-04-20T23:33:14.917] [DEBUG] debug-file - Update task entry:default@GeneratePkgContextInfo output file:D:\harmonyos_code\ljh25307105\entry\build\default\intermediates\loader\default\pkgContextInfo.json cache.
[2026-04-20T23:33:14.917] [DEBUG] debug-file - Incremental task entry:default@GeneratePkgContextInfo post-execution cost:1 ms .
[2026-04-20T23:33:14.917] [DEBUG] debug-file - There is no need to refresh cache, since the incremental task entry:default@GeneratePkgSdkInfo is up-to-date.
[2026-04-20T23:33:14.917] [DEBUG] debug-file - Update task entry:default@ProcessIntegratedHsp output file:D:\harmonyos_code\ljh25307105\build\cache\default\integrated_hsp\integratedHspCache.json cache.
[2026-04-20T23:33:14.918] [DEBUG] debug-file - Incremental task entry:default@ProcessIntegratedHsp post-execution cost:1 ms .
[2026-04-20T23:33:14.918] [DEBUG] debug-file - There is no need to refresh cache, since the incremental task entry:default@MakePackInfo is up-to-date.
[2026-04-20T23:33:14.918] [DEBUG] debug-file - Update task entry:default@SyscapTransform input file:D:\DevEco Studio\sdk\default\openharmony\toolchains\syscap_tool.exe cache by regenerate.
[2026-04-20T23:33:14.918] [DEBUG] debug-file - Update task entry:default@SyscapTransform input file:D:\DevEco Studio\sdk\default\openharmony\ets\api\device-define cache by regenerate.
[2026-04-20T23:33:14.920] [DEBUG] debug-file - Update task entry:default@SyscapTransform output file:D:\harmonyos_code\ljh25307105\entry\build\default\intermediates\syscap\default\rpcid.sc cache.
[2026-04-20T23:33:14.920] [DEBUG] debug-file - Incremental task entry:default@SyscapTransform post-execution cost:3 ms .
[2026-04-20T23:33:14.920] [DEBUG] debug-file - There is no need to refresh cache, since the incremental task entry:default@ProcessProfile is up-to-date.
[2026-04-20T23:33:14.920] [DEBUG] debug-file - There is no need to refresh cache, since the incremental task entry:default@ProcessRouterMap is up-to-date.
[2026-04-20T23:33:14.920] [DEBUG] debug-file - There is no need to refresh cache, since the incremental task entry:default@ProcessShareConfig is up-to-date.
[2026-04-20T23:33:14.920] [DEBUG] debug-file - Update task entry:default@ProcessStartupConfig output file:D:\harmonyos_code\ljh25307105\entry\build\default\intermediates\startup\default\startup_config.json cache.
[2026-04-20T23:33:14.920] [DEBUG] debug-file - Incremental task entry:default@ProcessStartupConfig post-execution cost:1 ms .
[2026-04-20T23:33:14.921] [DEBUG] debug-file - There is no need to refresh cache, since the incremental task entry:default@ProcessResource is up-to-date.
[2026-04-20T23:33:14.921] [DEBUG] debug-file - There is no need to refresh cache, since the incremental task entry:default@GenerateLoaderJson is up-to-date.
[2026-04-20T23:33:14.921] [DEBUG] debug-file - There is no need to refresh cache, since the incremental task entry:default@ProcessLibs is up-to-date.
[2026-04-20T23:33:14.921] [DEBUG] debug-file - There is no need to refresh cache, since the incremental task entry:default@CompileResource is up-to-date.
[2026-04-20T23:33:14.921] [DEBUG] debug-file - There is no need to refresh cache, since the incremental task entry:default@DoNativeStrip is up-to-date.
[2026-04-20T23:33:14.923] [DEBUG] debug-file - Update task entry:default@CompileArkTS input file:D:\harmonyos_code\ljh25307105\entry\build\default\intermediates\loader\default cache by regenerate.
[2026-04-20T23:33:14.924] [DEBUG] debug-file - Update task entry:default@CompileArkTS input file:D:\harmonyos_code\ljh25307105\entry\build\default\intermediates\res\default\ResourceTable.txt cache by regenerate.
[2026-04-20T23:33:14.924] [DEBUG] debug-file - Update task entry:default@CompileArkTS input file:D:\harmonyos_code\ljh25307105\entry\build\default\intermediates\res\default\ark_module.json cache by regenerate.
[2026-04-20T23:33:14.924] [DEBUG] debug-file - Update task entry:default@CompileArkTS input file:D:\harmonyos_code\ljh25307105\entry\build\default\intermediates\res\default\resources\base\profile cache by regenerate.
[2026-04-20T23:33:14.925] [DEBUG] debug-file - Update task entry:default@CompileArkTS input file:D:\harmonyos_code\ljh25307105\entry\src\main\ets cache by regenerate.
[2026-04-20T23:33:14.931] [DEBUG] debug-file - Update task entry:default@CompileArkTS input file:D:\harmonyos_code\ljh25307105\entry\build\default\generated\profile\default\BuildProfile.ets cache by regenerate.
[2026-04-20T23:33:14.931] [DEBUG] debug-file - Update task entry:default@CompileArkTS output file:D:\harmonyos_code\ljh25307105\entry\build\default\intermediates\loader_out\default\ets cache.
[2026-04-20T23:33:14.932] [DEBUG] debug-file - Incremental task entry:default@CompileArkTS post-execution cost:12 ms .
[2026-04-20T23:33:14.934] [DEBUG] debug-file - Update task entry:default@BuildJS input file:D:\harmonyos_code\ljh25307105\entry\build\default\intermediates\loader\default cache by regenerate.
[2026-04-20T23:33:14.935] [DEBUG] debug-file - Update task entry:default@BuildJS input file:D:\harmonyos_code\ljh25307105\entry\build\default\intermediates\res\default\ResourceTable.txt cache by regenerate.
[2026-04-20T23:33:14.935] [DEBUG] debug-file - Update task entry:default@BuildJS input file:D:\harmonyos_code\ljh25307105\entry\build\default\intermediates\res\default\ark_module.json cache by regenerate.
[2026-04-20T23:33:14.936] [DEBUG] debug-file - Update task entry:default@BuildJS input file:D:\harmonyos_code\ljh25307105\entry\build\default\intermediates\res\default\resources\base\profile cache by regenerate.
[2026-04-20T23:33:14.936] [DEBUG] debug-file - Update task entry:default@BuildJS output file:D:\harmonyos_code\ljh25307105\entry\build\default\intermediates\loader_out\default\js cache.
[2026-04-20T23:33:14.936] [DEBUG] debug-file - Incremental task entry:default@BuildJS post-execution cost:4 ms .
[2026-04-20T23:33:14.937] [DEBUG] debug-file - There is no need to refresh cache, since the incremental task entry:default@CacheNativeLibs is up-to-date.
[2026-04-20T23:33:14.937] [DEBUG] debug-file - Update task entry:default@GeneratePkgModuleJson input file:D:\harmonyos_code\ljh25307105\entry\build\default\intermediates\res\default\module.json cache from map.
[2026-04-20T23:33:14.937] [DEBUG] debug-file - Update task entry:default@GeneratePkgModuleJson output file:D:\harmonyos_code\ljh25307105\entry\build\default\intermediates\package\default\module.json cache.
[2026-04-20T23:33:14.937] [DEBUG] debug-file - Incremental task entry:default@GeneratePkgModuleJson post-execution cost:1 ms .
[2026-04-20T23:33:14.937] [DEBUG] debug-file - Incremental task entry:default@ProcessCompiledResources post-execution cost:1 ms .
[2026-04-20T23:33:14.938] [DEBUG] debug-file - Update task entry:default@PackageHap input file:D:\harmonyos_code\ljh25307105\entry\build\default\intermediates\stripped_native_libs\default cache by regenerate.
[2026-04-20T23:33:14.939] [DEBUG] debug-file - Update task entry:default@PackageHap input file:D:\harmonyos_code\ljh25307105\entry\build\default\intermediates\res\default\module.json cache from map.
[2026-04-20T23:33:14.939] [DEBUG] debug-file - Update task entry:default@PackageHap input file:D:\harmonyos_code\ljh25307105\entry\build\default\intermediates\res\default\resources cache by regenerate.
[2026-04-20T23:33:14.944] [DEBUG] debug-file - Update task entry:default@PackageHap input file:D:\harmonyos_code\ljh25307105\entry\build\default\intermediates\res\default\resources.index cache by regenerate.
[2026-04-20T23:33:14.945] [DEBUG] debug-file - Update task entry:default@PackageHap input file:D:\harmonyos_code\ljh25307105\entry\build\default\outputs\default\pack.info cache by regenerate.
[2026-04-20T23:33:14.945] [DEBUG] debug-file - Update task entry:default@PackageHap input file:D:\harmonyos_code\ljh25307105\entry\build\default\intermediates\loader_out\default\ets cache by regenerate.
[2026-04-20T23:33:14.946] [DEBUG] debug-file - Update task entry:default@PackageHap input file:D:\harmonyos_code\ljh25307105\entry\build\default\intermediates\loader\default\pkgSdkInfo.json cache by regenerate.
[2026-04-20T23:33:14.947] [DEBUG] debug-file - Update task entry:default@PackageHap input file:D:\harmonyos_code\ljh25307105\entry\build\default\intermediates\loader_out\default\ets\sourceMaps.map cache by regenerate.
[2026-04-20T23:33:14.947] [DEBUG] debug-file - Update task entry:default@PackageHap input file:D:\harmonyos_code\ljh25307105\entry\build\default\generated\profile\default\BuildProfile.ets cache by regenerate.
[2026-04-20T23:33:14.947] [DEBUG] debug-file - Update task entry:default@PackageHap output file:D:\harmonyos_code\ljh25307105\entry\build\default\outputs\default\entry-default-unsigned.hap cache.
[2026-04-20T23:33:14.948] [DEBUG] debug-file - Update task entry:default@PackageHap output file:D:\harmonyos_code\ljh25307105\entry\build\default\intermediates\source_map\default\sourceMaps.map cache.
[2026-04-20T23:33:14.948] [DEBUG] debug-file - Update task entry:default@PackageHap output file:D:\harmonyos_code\ljh25307105\entry\build\default\outputs\default\mapping\sourceMaps.map cache.
[2026-04-20T23:33:14.948] [DEBUG] debug-file - Incremental task entry:default@PackageHap post-execution cost:12 ms .
[2026-04-20T23:33:14.949] [DEBUG] debug-file - Update task entry:default@SignHap input file:D:\harmonyos_code\ljh25307105\entry\build\default\outputs\default\entry-default-unsigned.hap cache from map.
[2026-04-20T23:33:14.949] [DEBUG] debug-file - Update task entry:default@SignHap output file:D:\harmonyos_code\ljh25307105\entry\build\default\outputs\default\entry-default-signed.hap cache.
[2026-04-20T23:33:14.949] [DEBUG] debug-file - Incremental task entry:default@SignHap post-execution cost:1 ms .
[2026-04-20T23:33:14.949] [DEBUG] debug-file - Update task entry:default@CollectDebugSymbol input file:D:\harmonyos_code\ljh25307105\entry\build\default\intermediates\loader_out\default\ets\sourceMaps.map cache by regenerate.
[2026-04-20T23:33:14.950] [DEBUG] debug-file - Update task entry:default@CollectDebugSymbol input file:D:\harmonyos_code\ljh25307105\entry\build\default\intermediates\libs\default cache by regenerate.
[2026-04-20T23:33:14.950] [DEBUG] debug-file - Update task entry:default@CollectDebugSymbol output file:D:\harmonyos_code\ljh25307105\entry\build\default\outputs\default\symbol cache.
[2026-04-20T23:33:14.950] [DEBUG] debug-file - Incremental task entry:default@CollectDebugSymbol post-execution cost:2 ms .
[2026-04-20T23:33:14.987] [DEBUG] debug-file - Cleanup worker 30.
[2026-04-20T23:33:14.987] [DEBUG] debug-file - Worker 30 has been cleaned up.
[2026-04-20T23:33:14.987] [DEBUG] debug-file - Current idle worker size: 1.
[2026-04-20T23:33:14.988] [DEBUG] debug-file - Current resident worker size: 2.
[2026-04-20T23:33:14.988] [DEBUG] debug-file - hvigor build process will be closed.
[2026-04-20T23:33:14.991] [DEBUG] debug-file - session manager: send message to worker process.
[2026-04-20T23:33:14.992] [DEBUG] debug-file - session manager: send message to worker process.
[2026-04-20T23:33:14.992] [DEBUG] debug-file - watch worker: worker id should be larger than 0. Nothing will be sent to any worker thread.
[2026-04-20T23:33:14.992] [DEBUG] debug-file - watch worker: worker id should be larger than 0. Nothing will be sent to any worker thread.
[2026-04-20T23:33:15.003] [DEBUG] debug-file - worker[30] exits with exit code 1.
[2026-04-20T23:34:15.236] [DEBUG] debug-file - session manager: set active socket. socketId=rtFYx6XZmscjTnFsAAAR
[2026-04-20T23:34:15.239] [DEBUG] debug-file - watch worker: worker id should be larger than 0. Nothing will be sent to any worker thread.
[2026-04-20T23:34:15.241] [DEBUG] debug-file - Workers' log level updated to INFO
[2026-04-20T23:34:15.243] [DEBUG] debug-file - Hvigor init with startParameters:{
  hvigorfileTypeCheck: false,
  parallelExecution: true,
  incrementalExecution: true,
  printStackTrace: false,
  daemon: true,
  analyze: 0,
  logLevel: Level { level: 20000, levelStr: 'INFO', colour: 'green' },
  optimizationStrategy: 'memory',
  hotCompile: undefined,
  hotReloadBuild: undefined,
  customizedParam: undefined
}
[2026-04-20T23:34:15.246] [DEBUG] debug-file - Cache service initialization finished in 3 ms 
[2026-04-20T23:34:15.246] [DEBUG] debug-file - hvigorfile, resolving D:\harmonyos_code\ljh25307105\hvigorfile.ts
[2026-04-20T23:34:15.249] [DEBUG] debug-file - hvigorfile, require result:  {}
[2026-04-20T23:34:15.249] [DEBUG] debug-file - hvigorfile, binding system plugins {}
[2026-04-20T23:34:15.249] [DEBUG] debug-file - Starting plugin build process
[2026-04-20T23:34:15.249] [DEBUG] debug-file - App plugin prepare start...
[2026-04-20T23:34:15.249] [DEBUG] debug-file - App plugin prepare end...
[2026-04-20T23:34:15.249] [DEBUG] debug-file - App plugin creating...
[2026-04-20T23:34:15.252] [DEBUG] debug-file - App plugin register hook start...
[2026-04-20T23:34:15.252] [DEBUG] debug-file - App plugin register hook end...
[2026-04-20T23:34:15.252] [DEBUG] debug-file - Plugin build process completed
[2026-04-20T23:34:15.252] [DEBUG] debug-file - Start initialize project's product build option map with build mode debug.
[2026-04-20T23:34:15.252] [DEBUG] debug-file - Picking option from product 'default' with build mode 'debug'.
[2026-04-20T23:34:15.252] [DEBUG] debug-file - Product 'default' build option initialized
[2026-04-20T23:34:15.252] [DEBUG] debug-file - End initialize project's product build option map with build mode 'debug'.
[2026-04-20T23:34:15.253] [DEBUG] debug-file - Obtain build option for product 'default'in this build.
[2026-04-20T23:34:15.253] [DEBUG] debug-file - No signingConfig found, initRemoteHspCache failed.
[2026-04-20T23:34:15.255] [DEBUG] debug-file - Start recording SDK configuration permission data.
[2026-04-20T23:34:15.274] [DEBUG] debug-file - Sdk init in 21 ms 
[2026-04-20T23:34:15.279] [DEBUG] debug-file - Project task initialization takes 4 ms 
[2026-04-20T23:34:15.279] [DEBUG] debug-file - hvigorfile, resolve finished D:\harmonyos_code\ljh25307105\hvigorfile.ts
[2026-04-20T23:34:15.280] [DEBUG] debug-file - hvigorfile, resolving D:\harmonyos_code\ljh25307105\entry\hvigorfile.ts
[2026-04-20T23:34:15.283] [DEBUG] debug-file - hvigorfile, require result:  {}
[2026-04-20T23:34:15.283] [DEBUG] debug-file - hvigorfile, binding system plugins {}
[2026-04-20T23:34:15.283] [DEBUG] debug-file - Starting plugin build process
[2026-04-20T23:34:15.283] [DEBUG] debug-file - Hap plugin creating...
[2026-04-20T23:34:15.285] [DEBUG] debug-file - failed to load cangjie to dynamically generate schemas: Error: Cannot find module '@ohos/cangjie-build-support/index'
Require stack:
- D:\DevEco Studio\tools\hvigor\hvigor-ohos-plugin\src\plugin\hooks\cangjie-register.js
- D:\DevEco Studio\tools\hvigor\hvigor-ohos-plugin\src\plugin\strategy\stage-init-strategy.js
- D:\DevEco Studio\tools\hvigor\hvigor-ohos-plugin\src\plugin\builder\abstract-plugin-builder.js
- D:\DevEco Studio\tools\hvigor\hvigor-ohos-plugin\src\plugin\builder\app-plugin-builder.js
- D:\DevEco Studio\tools\hvigor\hvigor-ohos-plugin\src\plugin\factory\plugin-factory.js
- D:\DevEco Studio\tools\hvigor\hvigor-ohos-plugin\index.js
- D:\harmonyos_code\ljh25307105\hvigorfile.ts
- D:\DevEco Studio\tools\hvigor\hvigor\src\base\internal\lifecycle\configuration.js
- D:\DevEco Studio\tools\hvigor\hvigor\src\base\boot\index.js
- D:\DevEco Studio\tools\hvigor\hvigor\src\base\daemon\cluster\worker-process-lifecycle.js
- D:\DevEco Studio\tools\hvigor\hvigor\src\base\daemon\process\daemon-process-boot-script.js
[2026-04-20T23:34:15.288] [DEBUG] debug-file - Start initialize module-target build option map, moduleName=entry, buildMode=release
[2026-04-20T23:34:15.288] [DEBUG] debug-file - Target 'default' config initialized
[2026-04-20T23:34:15.289] [DEBUG] debug-file - Module 'entry' target 'default' build option initialized
[2026-04-20T23:34:15.289] [DEBUG] debug-file - End initialize module-target build option map, moduleName=entry
[2026-04-20T23:34:15.289] [DEBUG] debug-file - Start initialize module-target build option map, moduleName=entry, buildMode=debug
[2026-04-20T23:34:15.289] [DEBUG] debug-file - Target 'default' config initialized
[2026-04-20T23:34:15.289] [DEBUG] debug-file - Module 'entry' target 'default' build option initialized
[2026-04-20T23:34:15.289] [DEBUG] debug-file - End initialize module-target build option map, moduleName=entry
[2026-04-20T23:34:15.289] [DEBUG] debug-file - Start initialize module-target build option map, moduleName=entry, buildMode=debug
[2026-04-20T23:34:15.289] [DEBUG] debug-file - Target 'default' config initialized
[2026-04-20T23:34:15.290] [DEBUG] debug-file - Module 'entry' target 'default' build option initialized
[2026-04-20T23:34:15.290] [DEBUG] debug-file - End initialize module-target build option map, moduleName=entry
[2026-04-20T23:34:15.290] [DEBUG] debug-file - Obtain build option for module 'entry' target 'default'in this build.
[2026-04-20T23:34:15.293] [DEBUG] debug-file - Module entry task initialization takes 3 ms 
[2026-04-20T23:34:15.293] [DEBUG] debug-file - Hap plugin register hook start...
[2026-04-20T23:34:15.293] [DEBUG] debug-file - Hap plugin register hook end...
[2026-04-20T23:34:15.293] [DEBUG] debug-file - Plugin build process completed
[2026-04-20T23:34:15.293] [DEBUG] debug-file - hvigorfile, resolve finished D:\harmonyos_code\ljh25307105\entry\hvigorfile.ts
[2026-04-20T23:34:15.321] [DEBUG] debug-file - hvigorfile, resolve hvigorfile dependencies in 28 ms 
[2026-04-20T23:34:15.321] [DEBUG] debug-file - project has submodules:entry
[2026-04-20T23:34:15.323] [DEBUG] debug-file - start to load updatedOhPackageInfo to the disk
[2026-04-20T23:34:15.325] [DEBUG] debug-file - load to the disk finished
[2026-04-20T23:34:15.326] [DEBUG] debug-file - Start to initialize dependency information.
[2026-04-20T23:34:15.327] [DEBUG] debug-file - Module ljh25307105 Collected Dependency: 
[2026-04-20T23:34:15.327] [DEBUG] debug-file - Module ljh25307105's total dependency: 0
[2026-04-20T23:34:15.328] [DEBUG] debug-file - Start to initialize dependency information.
[2026-04-20T23:34:15.330] [DEBUG] debug-file - Module entry Collected Dependency: 
[2026-04-20T23:34:15.330] [DEBUG] debug-file - Module entry's total dependency: 0
[2026-04-20T23:34:15.332] [DEBUG] debug-file - Configuration phase cost:87 ms 
[2026-04-20T23:34:15.333] [DEBUG] debug-file - Configuration task cost before running: 92 ms 
[2026-04-20T23:34:15.337] [DEBUG] debug-file - Executing task :entry:default@PreBuild
[2026-04-20T23:34:15.338] [DEBUG] debug-file - Task 'entry:default@PreBuild' cost while wrapping incremental declarations: 1 ms 
[2026-04-20T23:34:15.346] [DEBUG] debug-file - entry:default@PreBuild is not up-to-date, since the task snapshots are different.
[2026-04-20T23:34:15.346] [DEBUG] debug-file - Incremental task entry:default@PreBuild pre-execution cost: 6 ms .
[2026-04-20T23:34:15.352] [DEBUG] debug-file - current product is not Atomic service.
[2026-04-20T23:34:15.353] [DEBUG] debug-file - Use tool [win32: JAVA_HOME, CLASSPATH]
 [ { JAVA_HOME: 'D:\\DevEco Studio\\jbr' }, { CLASSPATH: undefined } ]
[2026-04-20T23:34:15.353] [DEBUG] debug-file - Use tool [win32: NODE_HOME]
 [ { NODE_HOME: 'D:/DevEco Studio/tools/node' } ]
[2026-04-20T23:34:15.353] [DEBUG] debug-file - entry : default@PreBuild cost memory -0.28081512451171875
[2026-04-20T23:34:15.353] [DEBUG] debug-file - runTaskFromQueue task cost before running: 112 ms 
[2026-04-20T23:34:15.356] [INFO] debug-file - Finished :entry:default@PreBuild... after 16 ms 
[2026-04-20T23:34:15.356] [DEBUG] debug-file - Executing task :entry:default@CreateModuleInfo
[2026-04-20T23:34:15.357] [DEBUG] debug-file - Task 'entry:default@CreateModuleInfo' cost while wrapping incremental declarations: 1 ms 
[2026-04-20T23:34:15.357] [DEBUG] debug-file - entry : default@CreateModuleInfo cost memory 0.0434417724609375
[2026-04-20T23:34:15.357] [DEBUG] debug-file - runTaskFromQueue task cost before running: 116 ms 
[2026-04-20T23:34:15.357] [INFO] debug-file - Finished :entry:default@CreateModuleInfo... after 1 ms 
[2026-04-20T23:34:15.358] [DEBUG] debug-file - Executing task :entry:default@GenerateMetadata
[2026-04-20T23:34:15.358] [DEBUG] debug-file - Task 'entry:default@GenerateMetadata' cost while wrapping incremental declarations: 1 ms 
[2026-04-20T23:34:15.359] [DEBUG] debug-file - Incremental task entry:default@GenerateMetadata pre-execution cost: 1 ms .
[2026-04-20T23:34:15.359] [DEBUG] debug-file - entry : default@GenerateMetadata cost memory 0.0837554931640625
[2026-04-20T23:34:15.359] [INFO] debug-file - UP-TO-DATE :entry:default@GenerateMetadata...  
[2026-04-20T23:34:15.360] [DEBUG] debug-file - Executing task :entry:default@ConfigureCmake
[2026-04-20T23:34:15.360] [DEBUG] debug-file - entry : default@ConfigureCmake cost memory 0.01415252685546875
[2026-04-20T23:34:15.360] [DEBUG] debug-file - runTaskFromQueue task cost before running: 120 ms 
[2026-04-20T23:34:15.361] [INFO] debug-file - Finished :entry:default@ConfigureCmake... after 1 ms 
[2026-04-20T23:34:15.361] [DEBUG] debug-file - Executing task :entry:default@MergeProfile
[2026-04-20T23:34:15.361] [DEBUG] debug-file - Task 'entry:default@MergeProfile' cost while wrapping incremental declarations: 1 ms 
[2026-04-20T23:34:15.363] [DEBUG] debug-file - Incremental task entry:default@MergeProfile pre-execution cost: 2 ms .
[2026-04-20T23:34:15.363] [DEBUG] debug-file - entry : default@MergeProfile cost memory 0.12311553955078125
[2026-04-20T23:34:15.364] [INFO] debug-file - UP-TO-DATE :entry:default@MergeProfile...  
[2026-04-20T23:34:15.365] [DEBUG] debug-file - Executing task :entry:default@CreateBuildProfile
[2026-04-20T23:34:15.366] [DEBUG] debug-file - Task 'entry:default@CreateBuildProfile' cost while wrapping incremental declarations: 1 ms 
[2026-04-20T23:34:15.368] [DEBUG] debug-file - Incremental task entry:default@CreateBuildProfile pre-execution cost: 2 ms .
[2026-04-20T23:34:15.368] [DEBUG] debug-file - entry : default@CreateBuildProfile cost memory 0.1038970947265625
[2026-04-20T23:34:15.368] [INFO] debug-file - UP-TO-DATE :entry:default@CreateBuildProfile...  
[2026-04-20T23:34:15.369] [DEBUG] debug-file - Executing task :entry:default@PreCheckSyscap
[2026-04-20T23:34:15.369] [DEBUG] debug-file - entry : default@PreCheckSyscap cost memory 0.014373779296875
[2026-04-20T23:34:15.369] [DEBUG] debug-file - runTaskFromQueue task cost before running: 128 ms 
[2026-04-20T23:34:15.369] [INFO] debug-file - Finished :entry:default@PreCheckSyscap... after 1 ms 
[2026-04-20T23:34:15.370] [DEBUG] debug-file - Executing task :entry:default@GeneratePkgContextInfo
[2026-04-20T23:34:15.374] [DEBUG] debug-file - Task 'entry:default@GeneratePkgContextInfo' cost while wrapping incremental declarations: 1 ms 
[2026-04-20T23:34:15.375] [DEBUG] debug-file - entry : default@GeneratePkgContextInfo cost memory 0.22144317626953125
[2026-04-20T23:34:15.375] [DEBUG] debug-file - runTaskFromQueue task cost before running: 134 ms 
[2026-04-20T23:34:15.375] [INFO] debug-file - Finished :entry:default@GeneratePkgContextInfo... after 5 ms 
[2026-04-20T23:34:15.376] [DEBUG] debug-file - Executing task :entry:default@GeneratePkgSdkInfo
[2026-04-20T23:34:15.378] [DEBUG] debug-file - Task 'entry:default@GeneratePkgSdkInfo' cost while wrapping incremental declarations: 1 ms 
[2026-04-20T23:34:15.379] [DEBUG] debug-file - Incremental task entry:default@GeneratePkgSdkInfo pre-execution cost: 1 ms .
[2026-04-20T23:34:15.379] [DEBUG] debug-file - entry : default@GeneratePkgSdkInfo cost memory 0.1251068115234375
[2026-04-20T23:34:15.379] [INFO] debug-file - UP-TO-DATE :entry:default@GeneratePkgSdkInfo...  
[2026-04-20T23:34:15.383] [DEBUG] debug-file - Executing task :entry:default@ProcessIntegratedHsp
[2026-04-20T23:34:15.383] [DEBUG] debug-file - entry:default@ProcessIntegratedHsp is not up-to-date, since the output file 'D:\harmonyos_code\ljh25307105\build\cache\default\integrated_hsp\integratedHspCache.json' does not exist.
[2026-04-20T23:34:15.383] [DEBUG] debug-file - Incremental task entry:default@ProcessIntegratedHsp pre-execution cost: 1 ms .
[2026-04-20T23:34:15.383] [DEBUG] debug-file - entry : default@ProcessIntegratedHsp cost memory 0.05411529541015625
[2026-04-20T23:34:15.383] [DEBUG] debug-file - runTaskFromQueue task cost before running: 142 ms 
[2026-04-20T23:34:15.383] [INFO] debug-file - Finished :entry:default@ProcessIntegratedHsp... after 1 ms 
[2026-04-20T23:34:15.384] [DEBUG] debug-file - Executing task :entry:default@BuildNativeWithCmake
[2026-04-20T23:34:15.384] [DEBUG] debug-file - entry : default@BuildNativeWithCmake cost memory 0.01415252685546875
[2026-04-20T23:34:15.384] [DEBUG] debug-file - runTaskFromQueue task cost before running: 144 ms 
[2026-04-20T23:34:15.385] [INFO] debug-file - Finished :entry:default@BuildNativeWithCmake... after 1 ms 
[2026-04-20T23:34:15.385] [DEBUG] debug-file - Executing task :entry:default@MakePackInfo
[2026-04-20T23:34:15.387] [DEBUG] debug-file - Incremental task entry:default@MakePackInfo pre-execution cost: 2 ms .
[2026-04-20T23:34:15.387] [DEBUG] debug-file - entry : default@MakePackInfo cost memory 0.10303497314453125
[2026-04-20T23:34:15.387] [INFO] debug-file - UP-TO-DATE :entry:default@MakePackInfo...  
[2026-04-20T23:34:15.388] [DEBUG] debug-file - Executing task :entry:default@SyscapTransform
[2026-04-20T23:34:15.388] [DEBUG] debug-file - File: 'D:\harmonyos_code\ljh25307105\entry\src\main\syscap.json' from 'sysCapJsonPath' is not exists, just ignore.
[2026-04-20T23:34:15.389] [DEBUG] debug-file - Task 'entry:default@SyscapTransform' cost while wrapping incremental declarations: 1 ms 
[2026-04-20T23:34:15.391] [DEBUG] debug-file - entry:default@SyscapTransform is not up-to-date, since the output file 'D:\harmonyos_code\ljh25307105\entry\build\default\intermediates\syscap\default\rpcid.sc' does not exist.
[2026-04-20T23:34:15.391] [DEBUG] debug-file - Incremental task entry:default@SyscapTransform pre-execution cost: 2 ms .
[2026-04-20T23:34:15.391] [DEBUG] debug-file - entry : default@SyscapTransform cost memory 0.1499176025390625
[2026-04-20T23:34:15.391] [DEBUG] debug-file - runTaskFromQueue task cost before running: 151 ms 
[2026-04-20T23:34:15.392] [INFO] debug-file - Finished :entry:default@SyscapTransform... after 4 ms 
[2026-04-20T23:34:15.393] [DEBUG] debug-file - Executing task :entry:default@ProcessProfile
[2026-04-20T23:34:15.393] [DEBUG] debug-file - Task 'entry:default@ProcessProfile' cost while wrapping incremental declarations: 1 ms 
[2026-04-20T23:34:15.394] [DEBUG] debug-file - Incremental task entry:default@ProcessProfile pre-execution cost: 1 ms .
[2026-04-20T23:34:15.395] [DEBUG] debug-file - entry : default@ProcessProfile cost memory 0.12271881103515625
[2026-04-20T23:34:15.395] [INFO] debug-file - UP-TO-DATE :entry:default@ProcessProfile...  
[2026-04-20T23:34:15.396] [DEBUG] debug-file - Executing task :entry:default@ProcessRouterMap
[2026-04-20T23:34:15.400] [DEBUG] debug-file - Incremental task entry:default@ProcessRouterMap pre-execution cost: 3 ms .
[2026-04-20T23:34:15.400] [DEBUG] debug-file - entry : default@ProcessRouterMap cost memory 0.12451934814453125
[2026-04-20T23:34:15.400] [INFO] debug-file - UP-TO-DATE :entry:default@ProcessRouterMap...  
[2026-04-20T23:34:15.401] [DEBUG] debug-file - Executing task :entry:default@ProcessShareConfig
[2026-04-20T23:34:15.404] [DEBUG] debug-file - Incremental task entry:default@ProcessShareConfig pre-execution cost: 2 ms .
[2026-04-20T23:34:15.404] [DEBUG] debug-file - entry : default@ProcessShareConfig cost memory 0.102783203125
[2026-04-20T23:34:15.404] [INFO] debug-file - UP-TO-DATE :entry:default@ProcessShareConfig...  
[2026-04-20T23:34:15.405] [DEBUG] debug-file - Executing task :entry:default@ProcessStartupConfig
[2026-04-20T23:34:15.405] [DEBUG] debug-file - Task 'entry:default@ProcessStartupConfig' cost while wrapping incremental declarations: 1 ms 
[2026-04-20T23:34:15.406] [DEBUG] debug-file - entry:default@ProcessStartupConfig is not up-to-date, since the output file 'D:\harmonyos_code\ljh25307105\entry\build\default\intermediates\startup\default\startup_config.json' does not exist.
[2026-04-20T23:34:15.406] [DEBUG] debug-file - Incremental task entry:default@ProcessStartupConfig pre-execution cost: 1 ms .
[2026-04-20T23:34:15.406] [DEBUG] debug-file - entry : default@ProcessStartupConfig cost memory 0.08873748779296875
[2026-04-20T23:34:15.406] [DEBUG] debug-file - runTaskFromQueue task cost before running: 166 ms 
[2026-04-20T23:34:15.407] [INFO] debug-file - Finished :entry:default@ProcessStartupConfig... after 2 ms 
[2026-04-20T23:34:15.408] [DEBUG] debug-file - Executing task :entry:default@BuildNativeWithNinja
[2026-04-20T23:34:15.408] [DEBUG] debug-file - entry : default@BuildNativeWithNinja cost memory 0.0199127197265625
[2026-04-20T23:34:15.408] [DEBUG] debug-file - runTaskFromQueue task cost before running: 167 ms 
[2026-04-20T23:34:15.408] [INFO] debug-file - Finished :entry:default@BuildNativeWithNinja... after 1 ms 
[2026-04-20T23:34:15.410] [DEBUG] debug-file - restool module names: entry; moduleName=entry, taskName=default@ProcessResource
[2026-04-20T23:34:15.411] [DEBUG] debug-file - Executing task :entry:default@ProcessResource
[2026-04-20T23:34:15.412] [DEBUG] debug-file - Task 'entry:default@ProcessResource' cost while wrapping incremental declarations: 1 ms 
[2026-04-20T23:34:15.413] [DEBUG] debug-file - Incremental task entry:default@ProcessResource pre-execution cost: 1 ms .
[2026-04-20T23:34:15.413] [DEBUG] debug-file - entry : default@ProcessResource cost memory 0.13806915283203125
[2026-04-20T23:34:15.415] [INFO] debug-file - UP-TO-DATE :entry:default@ProcessResource...  
[2026-04-20T23:34:15.416] [DEBUG] debug-file - Executing task :entry:default@GenerateLoaderJson
[2026-04-20T23:34:15.416] [DEBUG] debug-file - Task 'entry:default@GenerateLoaderJson' cost while wrapping incremental declarations: 1 ms 
[2026-04-20T23:34:15.425] [DEBUG] debug-file - Incremental task entry:default@GenerateLoaderJson pre-execution cost: 5 ms .
[2026-04-20T23:34:15.426] [DEBUG] debug-file - entry : default@GenerateLoaderJson cost memory 0.41844940185546875
[2026-04-20T23:34:15.429] [INFO] debug-file - UP-TO-DATE :entry:default@GenerateLoaderJson...  
[2026-04-20T23:34:15.430] [DEBUG] debug-file - Executing task :entry:default@ProcessLibs
[2026-04-20T23:34:15.432] [DEBUG] debug-file - Incremental task entry:default@ProcessLibs pre-execution cost: 2 ms .
[2026-04-20T23:34:15.433] [DEBUG] debug-file - entry : default@ProcessLibs cost memory 0.096405029296875
[2026-04-20T23:34:15.433] [INFO] debug-file - UP-TO-DATE :entry:default@ProcessLibs...  
[2026-04-20T23:34:15.434] [DEBUG] debug-file - restool module names: entry; moduleName=entry, taskName=default@CompileResource
[2026-04-20T23:34:15.435] [DEBUG] debug-file - Executing task :entry:default@CompileResource
[2026-04-20T23:34:15.455] [DEBUG] debug-file - Incremental task entry:default@CompileResource pre-execution cost: 19 ms .
[2026-04-20T23:34:15.455] [DEBUG] debug-file - entry : default@CompileResource cost memory 0.8601837158203125
[2026-04-20T23:34:15.456] [INFO] debug-file - UP-TO-DATE :entry:default@CompileResource...  
[2026-04-20T23:34:15.457] [DEBUG] debug-file - Executing task :entry:default@DoNativeStrip
[2026-04-20T23:34:15.457] [DEBUG] debug-file - File: 'D:\harmonyos_code\ljh25307105\entry\build\default\intermediates\binxo\default' from 'doBinxoNativeLibs' is not exists, just ignore.
[2026-04-20T23:34:15.458] [DEBUG] debug-file - Task 'entry:default@DoNativeStrip' cost while wrapping incremental declarations: 1 ms 
[2026-04-20T23:34:15.459] [DEBUG] debug-file - Incremental task entry:default@DoNativeStrip pre-execution cost: 2 ms .
[2026-04-20T23:34:15.459] [DEBUG] debug-file - entry : default@DoNativeStrip cost memory 0.09584808349609375
[2026-04-20T23:34:15.459] [INFO] debug-file - UP-TO-DATE :entry:default@DoNativeStrip...  
[2026-04-20T23:34:15.461] [DEBUG] debug-file - Executing task :entry:default@CompileArkTS
[2026-04-20T23:34:15.461] [DEBUG] debug-file - obfuscationOptions: undefined
[2026-04-20T23:34:15.462] [DEBUG] debug-file - Task 'entry:default@CompileArkTS' cost while wrapping incremental declarations: 1 ms 
[2026-04-20T23:34:15.475] [DEBUG] debug-file - Incremental task entry:default@CompileArkTS pre-execution cost: 12 ms .
[2026-04-20T23:34:15.475] [DEBUG] debug-file - entry : default@CompileArkTS cost memory -1.1648483276367188
[2026-04-20T23:34:15.477] [INFO] debug-file - UP-TO-DATE :entry:default@CompileArkTS...  
[2026-04-20T23:34:15.479] [DEBUG] debug-file - Executing task :entry:default@BuildJS
[2026-04-20T23:34:15.479] [DEBUG] debug-file - Task 'entry:default@BuildJS' cost while wrapping incremental declarations: 1 ms 
[2026-04-20T23:34:15.482] [DEBUG] debug-file - entry : default@BuildJS cost memory 0.13842010498046875
[2026-04-20T23:34:15.482] [DEBUG] debug-file - runTaskFromQueue task cost before running: 241 ms 
[2026-04-20T23:34:15.482] [INFO] debug-file - Finished :entry:default@BuildJS... after 4 ms 
[2026-04-20T23:34:15.483] [DEBUG] debug-file - Executing task :entry:default@CacheNativeLibs
[2026-04-20T23:34:15.483] [DEBUG] debug-file - File: 'D:\harmonyos_code\ljh25307105\entry\build\default\intermediates\binxo\default' from 'cacheBinxoNativeLibs' is not exists, just ignore.
[2026-04-20T23:34:15.484] [DEBUG] debug-file - Task 'entry:default@CacheNativeLibs' cost while wrapping incremental declarations: 1 ms 
[2026-04-20T23:34:15.485] [DEBUG] debug-file - Incremental task entry:default@CacheNativeLibs pre-execution cost: 2 ms .
[2026-04-20T23:34:15.485] [DEBUG] debug-file - entry : default@CacheNativeLibs cost memory 0.1218414306640625
[2026-04-20T23:34:15.485] [INFO] debug-file - UP-TO-DATE :entry:default@CacheNativeLibs...  
[2026-04-20T23:34:15.486] [DEBUG] debug-file - Executing task :entry:default@GeneratePkgModuleJson
[2026-04-20T23:34:15.486] [DEBUG] debug-file - File: 'D:\harmonyos_code\ljh25307105\entry\build\default\intermediates\preload\default\preload.json' from 'preloadSoJsonPath' is not exists, just ignore.
[2026-04-20T23:34:15.487] [DEBUG] debug-file - Error occurs while handling @Input 'shouldDeduplicateHar': The "data" argument must be of type string or an instance of Buffer, TypedArray, or DataView. Received undefined
[2026-04-20T23:34:15.487] [DEBUG] debug-file - Task 'entry:default@GeneratePkgModuleJson' cost while wrapping incremental declarations: 1 ms 
[2026-04-20T23:34:15.488] [DEBUG] debug-file - Incremental task entry:default@GeneratePkgModuleJson pre-execution cost: 1 ms .
[2026-04-20T23:34:15.488] [DEBUG] debug-file - entry : default@GeneratePkgModuleJson cost memory 0.11582183837890625
[2026-04-20T23:34:15.488] [INFO] debug-file - UP-TO-DATE :entry:default@GeneratePkgModuleJson...  
[2026-04-20T23:34:15.489] [DEBUG] debug-file - Executing task :entry:default@ProcessCompiledResources
[2026-04-20T23:34:15.489] [DEBUG] debug-file - File: 'D:\harmonyos_code\ljh25307105\entry\build\default\intermediates\preload\default\preload.json' from 'preloadSoJsonPath' is not exists, just ignore.
[2026-04-20T23:34:15.489] [DEBUG] debug-file - Task 'entry:default@ProcessCompiledResources' cost while wrapping incremental declarations: 1 ms 
[2026-04-20T23:34:15.490] [DEBUG] debug-file - entry : default@ProcessCompiledResources cost memory 0.05628204345703125
[2026-04-20T23:34:15.490] [DEBUG] debug-file - runTaskFromQueue task cost before running: 249 ms 
[2026-04-20T23:34:15.490] [INFO] debug-file - Finished :entry:default@ProcessCompiledResources... after 1 ms 
[2026-04-20T23:34:15.492] [DEBUG] debug-file - Executing task :entry:default@PackageHap
[2026-04-20T23:34:15.505] [DEBUG] debug-file - Incremental task entry:default@PackageHap pre-execution cost: 13 ms .
[2026-04-20T23:34:15.505] [DEBUG] debug-file - entry : default@PackageHap cost memory -0.93658447265625
[2026-04-20T23:34:15.506] [INFO] debug-file - UP-TO-DATE :entry:default@PackageHap...  
[2026-04-20T23:34:15.508] [DEBUG] debug-file - Executing task :entry:default@PackingCheck
[2026-04-20T23:34:15.512] [DEBUG] debug-file - entry : default@PackingCheck cost memory 0.39785003662109375
[2026-04-20T23:34:15.512] [DEBUG] debug-file - runTaskFromQueue task cost before running: 272 ms 
[2026-04-20T23:34:15.513] [INFO] debug-file - Finished :entry:default@PackingCheck... after 5 ms 
[2026-04-20T23:34:15.514] [DEBUG] debug-file - Executing task :entry:default@SignHap
[2026-04-20T23:34:15.514] [WARN] debug-file - Will skip sign 'hos_hap'. No signingConfigs profile is configured in current project.
             If needed, configure the signingConfigs in D:\harmonyos_code\ljh25307105\build-profile.json5.
[2026-04-20T23:34:15.515] [DEBUG] debug-file - entry:default@SignHap is not up-to-date, since the output file 'D:\harmonyos_code\ljh25307105\entry\build\default\outputs\default\entry-default-signed.hap' does not exist.
[2026-04-20T23:34:15.515] [DEBUG] debug-file - Incremental task entry:default@SignHap pre-execution cost: 1 ms .
[2026-04-20T23:34:15.515] [DEBUG] debug-file - entry : default@SignHap cost memory 0.08782196044921875
[2026-04-20T23:34:15.515] [DEBUG] debug-file - runTaskFromQueue task cost before running: 274 ms 
[2026-04-20T23:34:15.515] [INFO] debug-file - Finished :entry:default@SignHap... after 2 ms 
[2026-04-20T23:34:15.516] [DEBUG] debug-file - Executing task :entry:default@CollectDebugSymbol
[2026-04-20T23:34:15.517] [DEBUG] debug-file - entry : default@CollectDebugSymbol cost memory 0.08306884765625
[2026-04-20T23:34:15.517] [DEBUG] debug-file - runTaskFromQueue task cost before running: 277 ms 
[2026-04-20T23:34:15.517] [INFO] debug-file - Finished :entry:default@CollectDebugSymbol... after 2 ms 
[2026-04-20T23:34:15.518] [DEBUG] debug-file - Executing task :entry:assembleHap
[2026-04-20T23:34:15.518] [DEBUG] debug-file - entry : assembleHap cost memory 0.0146636962890625
[2026-04-20T23:34:15.518] [DEBUG] debug-file - runTaskFromQueue task cost before running: 277 ms 
[2026-04-20T23:34:15.518] [INFO] debug-file - Finished :entry:assembleHap... after 1 ms 
[2026-04-20T23:34:15.534] [INFO] debug-file - BUILD SUCCESSFUL in 293 ms 
[2026-04-20T23:34:15.535] [DEBUG] debug-file - Update task entry:default@PreBuild input file:D:\harmonyos_code\ljh25307105\AppScope\app.json5 cache by regenerate.
[2026-04-20T23:34:15.535] [DEBUG] debug-file - Update task entry:default@PreBuild input file:D:\harmonyos_code\ljh25307105\entry\src\main\module.json5 cache by regenerate.
[2026-04-20T23:34:15.536] [DEBUG] debug-file - Update task entry:default@PreBuild input file:D:\harmonyos_code\ljh25307105\build-profile.json5 cache by regenerate.
[2026-04-20T23:34:15.536] [DEBUG] debug-file - Update task entry:default@PreBuild input file:D:\harmonyos_code\ljh25307105\entry\build-profile.json5 cache by regenerate.
[2026-04-20T23:34:15.536] [DEBUG] debug-file - Update task entry:default@PreBuild input file:D:\harmonyos_code\ljh25307105\entry\src\main\resources\base\profile\main_pages.json cache by regenerate.
[2026-04-20T23:34:15.537] [DEBUG] debug-file - Update task entry:default@PreBuild input file:D:\harmonyos_code\ljh25307105\hvigor\hvigor-config.json5 cache by regenerate.
[2026-04-20T23:34:15.537] [DEBUG] debug-file - Update task entry:default@PreBuild input file:D:\harmonyos_code\ljh25307105\entry\oh-package.json5 cache by regenerate.
[2026-04-20T23:34:15.537] [DEBUG] debug-file - Update task entry:default@PreBuild input file:D:\harmonyos_code\ljh25307105\oh-package.json5 cache by regenerate.
[2026-04-20T23:34:15.537] [DEBUG] debug-file - Incremental task entry:default@PreBuild post-execution cost:4 ms .
[2026-04-20T23:34:15.537] [DEBUG] debug-file - Update task entry:default@CreateModuleInfo output file:D:\harmonyos_code\ljh25307105\entry\build\default\generated\profile\default\ModuleInfo.ts cache.
[2026-04-20T23:34:15.538] [DEBUG] debug-file - Incremental task entry:default@CreateModuleInfo post-execution cost:1 ms .
[2026-04-20T23:34:15.538] [DEBUG] debug-file - There is no need to refresh cache, since the incremental task entry:default@GenerateMetadata is up-to-date.
[2026-04-20T23:34:15.538] [DEBUG] debug-file - There is no need to refresh cache, since the incremental task entry:default@MergeProfile is up-to-date.
[2026-04-20T23:34:15.538] [DEBUG] debug-file - There is no need to refresh cache, since the incremental task entry:default@CreateBuildProfile is up-to-date.
[2026-04-20T23:34:15.538] [DEBUG] debug-file - Update task entry:default@GeneratePkgContextInfo output file:D:\harmonyos_code\ljh25307105\entry\build\default\intermediates\loader\default\pkgContextInfo.json cache.
[2026-04-20T23:34:15.538] [DEBUG] debug-file - Incremental task entry:default@GeneratePkgContextInfo post-execution cost:1 ms .
[2026-04-20T23:34:15.538] [DEBUG] debug-file - There is no need to refresh cache, since the incremental task entry:default@GeneratePkgSdkInfo is up-to-date.
[2026-04-20T23:34:15.538] [DEBUG] debug-file - Update task entry:default@ProcessIntegratedHsp output file:D:\harmonyos_code\ljh25307105\build\cache\default\integrated_hsp\integratedHspCache.json cache.
[2026-04-20T23:34:15.538] [DEBUG] debug-file - Incremental task entry:default@ProcessIntegratedHsp post-execution cost:1 ms .
[2026-04-20T23:34:15.538] [DEBUG] debug-file - There is no need to refresh cache, since the incremental task entry:default@MakePackInfo is up-to-date.
[2026-04-20T23:34:15.538] [DEBUG] debug-file - Update task entry:default@SyscapTransform input file:D:\DevEco Studio\sdk\default\openharmony\toolchains\syscap_tool.exe cache by regenerate.
[2026-04-20T23:34:15.539] [DEBUG] debug-file - Update task entry:default@SyscapTransform input file:D:\DevEco Studio\sdk\default\openharmony\ets\api\device-define cache by regenerate.
[2026-04-20T23:34:15.540] [DEBUG] debug-file - Update task entry:default@SyscapTransform output file:D:\harmonyos_code\ljh25307105\entry\build\default\intermediates\syscap\default\rpcid.sc cache.
[2026-04-20T23:34:15.540] [DEBUG] debug-file - Incremental task entry:default@SyscapTransform post-execution cost:2 ms .
[2026-04-20T23:34:15.540] [DEBUG] debug-file - There is no need to refresh cache, since the incremental task entry:default@ProcessProfile is up-to-date.
[2026-04-20T23:34:15.541] [DEBUG] debug-file - There is no need to refresh cache, since the incremental task entry:default@ProcessRouterMap is up-to-date.
[2026-04-20T23:34:15.541] [DEBUG] debug-file - There is no need to refresh cache, since the incremental task entry:default@ProcessShareConfig is up-to-date.
[2026-04-20T23:34:15.541] [DEBUG] debug-file - Update task entry:default@ProcessStartupConfig output file:D:\harmonyos_code\ljh25307105\entry\build\default\intermediates\startup\default\startup_config.json cache.
[2026-04-20T23:34:15.541] [DEBUG] debug-file - Incremental task entry:default@ProcessStartupConfig post-execution cost:1 ms .
[2026-04-20T23:34:15.542] [DEBUG] debug-file - There is no need to refresh cache, since the incremental task entry:default@ProcessResource is up-to-date.
[2026-04-20T23:34:15.542] [DEBUG] debug-file - There is no need to refresh cache, since the incremental task entry:default@GenerateLoaderJson is up-to-date.
[2026-04-20T23:34:15.542] [DEBUG] debug-file - There is no need to refresh cache, since the incremental task entry:default@ProcessLibs is up-to-date.
[2026-04-20T23:34:15.542] [DEBUG] debug-file - There is no need to refresh cache, since the incremental task entry:default@CompileResource is up-to-date.
[2026-04-20T23:34:15.542] [DEBUG] debug-file - There is no need to refresh cache, since the incremental task entry:default@DoNativeStrip is up-to-date.
[2026-04-20T23:34:15.542] [DEBUG] debug-file - There is no need to refresh cache, since the incremental task entry:default@CompileArkTS is up-to-date.
[2026-04-20T23:34:15.543] [DEBUG] debug-file - Update task entry:default@BuildJS input file:D:\harmonyos_code\ljh25307105\entry\build\default\intermediates\loader\default cache by regenerate.
[2026-04-20T23:34:15.544] [DEBUG] debug-file - Update task entry:default@BuildJS input file:D:\harmonyos_code\ljh25307105\entry\build\default\intermediates\res\default\ResourceTable.txt cache by regenerate.
[2026-04-20T23:34:15.544] [DEBUG] debug-file - Update task entry:default@BuildJS input file:D:\harmonyos_code\ljh25307105\entry\build\default\intermediates\res\default\ark_module.json cache by regenerate.
[2026-04-20T23:34:15.544] [DEBUG] debug-file - Update task entry:default@BuildJS input file:D:\harmonyos_code\ljh25307105\entry\build\default\intermediates\res\default\resources\base\profile cache by regenerate.
[2026-04-20T23:34:15.545] [DEBUG] debug-file - Update task entry:default@BuildJS output file:D:\harmonyos_code\ljh25307105\entry\build\default\intermediates\loader_out\default\js cache.
[2026-04-20T23:34:15.545] [DEBUG] debug-file - Incremental task entry:default@BuildJS post-execution cost:4 ms .
[2026-04-20T23:34:15.545] [DEBUG] debug-file - There is no need to refresh cache, since the incremental task entry:default@CacheNativeLibs is up-to-date.
[2026-04-20T23:34:15.545] [DEBUG] debug-file - There is no need to refresh cache, since the incremental task entry:default@GeneratePkgModuleJson is up-to-date.
[2026-04-20T23:34:15.546] [DEBUG] debug-file - Incremental task entry:default@ProcessCompiledResources post-execution cost:1 ms .
[2026-04-20T23:34:15.546] [DEBUG] debug-file - There is no need to refresh cache, since the incremental task entry:default@PackageHap is up-to-date.
[2026-04-20T23:34:15.546] [DEBUG] debug-file - Update task entry:default@SignHap input file:D:\harmonyos_code\ljh25307105\entry\build\default\outputs\default\entry-default-unsigned.hap cache by regenerate.
[2026-04-20T23:34:15.546] [DEBUG] debug-file - Update task entry:default@SignHap output file:D:\harmonyos_code\ljh25307105\entry\build\default\outputs\default\entry-default-signed.hap cache.
[2026-04-20T23:34:15.546] [DEBUG] debug-file - Incremental task entry:default@SignHap post-execution cost:1 ms .
[2026-04-20T23:34:15.547] [DEBUG] debug-file - Update task entry:default@CollectDebugSymbol input file:D:\harmonyos_code\ljh25307105\entry\build\default\intermediates\loader_out\default\ets\sourceMaps.map cache by regenerate.
[2026-04-20T23:34:15.548] [DEBUG] debug-file - Update task entry:default@CollectDebugSymbol input file:D:\harmonyos_code\ljh25307105\entry\build\default\intermediates\libs\default cache by regenerate.
[2026-04-20T23:34:15.548] [DEBUG] debug-file - Update task entry:default@CollectDebugSymbol output file:D:\harmonyos_code\ljh25307105\entry\build\default\outputs\default\symbol cache.
[2026-04-20T23:34:15.548] [DEBUG] debug-file - Incremental task entry:default@CollectDebugSymbol post-execution cost:2 ms .
[2026-04-20T23:34:15.577] [DEBUG] debug-file - hvigor build process will be closed.
[2026-04-20T23:34:15.581] [DEBUG] debug-file - session manager: send message to worker process.
[2026-04-20T23:34:15.581] [DEBUG] debug-file - session manager: send message to worker process.
[2026-04-20T23:34:15.581] [DEBUG] debug-file - watch worker: worker id should be larger than 0. Nothing will be sent to any worker thread.
[2026-04-20T23:34:15.581] [DEBUG] debug-file - watch worker: worker id should be larger than 0. Nothing will be sent to any worker thread.
[2026-04-20T23:54:37.641] [DEBUG] debug-file - env: nodejsVersion=v18.20.1
[2026-04-20T23:54:37.704] [DEBUG] debug-file - env: daemon=true
[2026-04-20T23:54:37.643] [DEBUG] debug-file - env: hvigor-config.json5 content = { modelVersion: '5.0.0', dependencies: {} }
[2026-04-20T23:54:38.203] [DEBUG] debug-file - session manager: set active socket. socketId=SgtLIlLkcGRNaN1WAAAT
[2026-04-20T23:54:38.213] [DEBUG] debug-file - watch worker: worker id should be larger than 0. Nothing will be sent to any worker thread.
[2026-04-20T23:54:38.228] [DEBUG] debug-file - Workers' log level updated to INFO
[2026-04-20T23:54:38.243] [DEBUG] debug-file - Hvigor init with startParameters:{
  hvigorfileTypeCheck: false,
  parallelExecution: true,
  incrementalExecution: true,
  printStackTrace: false,
  daemon: true,
  analyze: 0,
  logLevel: Level { level: 20000, levelStr: 'INFO', colour: 'green' },
  optimizationStrategy: 'memory',
  hotCompile: undefined,
  hotReloadBuild: undefined,
  customizedParam: undefined
}
[2026-04-20T23:54:38.257] [DEBUG] debug-file - Cache service initialization finished in 14 ms 
[2026-04-20T23:54:38.260] [DEBUG] debug-file - hvigorfile, resolving D:\harmonyos_code\ljh25307105\hvigorfile.ts
[2026-04-20T23:54:38.281] [DEBUG] debug-file - hvigorfile, require result:  {}
[2026-04-20T23:54:38.281] [DEBUG] debug-file - hvigorfile, binding system plugins {}
[2026-04-20T23:54:38.283] [DEBUG] debug-file - Starting plugin build process
[2026-04-20T23:54:38.283] [DEBUG] debug-file - App plugin prepare start...
[2026-04-20T23:54:38.284] [DEBUG] debug-file - App plugin prepare end...
[2026-04-20T23:54:38.284] [DEBUG] debug-file - App plugin creating...
[2026-04-20T23:54:38.295] [DEBUG] debug-file - App plugin register hook start...
[2026-04-20T23:54:38.295] [DEBUG] debug-file - App plugin register hook end...
[2026-04-20T23:54:38.295] [DEBUG] debug-file - Plugin build process completed
[2026-04-20T23:54:38.296] [DEBUG] debug-file - Start initialize project's product build option map with build mode debug.
[2026-04-20T23:54:38.296] [DEBUG] debug-file - Picking option from product 'default' with build mode 'debug'.
[2026-04-20T23:54:38.296] [DEBUG] debug-file - Product 'default' build option initialized
[2026-04-20T23:54:38.297] [DEBUG] debug-file - End initialize project's product build option map with build mode 'debug'.
[2026-04-20T23:54:38.300] [DEBUG] debug-file - Obtain build option for product 'default'in this build.
[2026-04-20T23:54:38.302] [DEBUG] debug-file - No signingConfig found, initRemoteHspCache failed.
[2026-04-20T23:54:38.307] [DEBUG] debug-file - Start recording SDK configuration permission data.
[2026-04-20T23:54:38.342] [DEBUG] debug-file - Sdk init in 39 ms 
[2026-04-20T23:54:38.347] [DEBUG] debug-file - Project task initialization takes 5 ms 
[2026-04-20T23:54:38.348] [DEBUG] debug-file - hvigorfile, resolve finished D:\harmonyos_code\ljh25307105\hvigorfile.ts
[2026-04-20T23:54:38.348] [DEBUG] debug-file - hvigorfile, resolving D:\harmonyos_code\ljh25307105\entry\hvigorfile.ts
[2026-04-20T23:54:38.352] [DEBUG] debug-file - hvigorfile, require result:  {}
[2026-04-20T23:54:38.352] [DEBUG] debug-file - hvigorfile, binding system plugins {}
[2026-04-20T23:54:38.352] [DEBUG] debug-file - Starting plugin build process
[2026-04-20T23:54:38.352] [DEBUG] debug-file - Hap plugin creating...
[2026-04-20T23:54:38.354] [DEBUG] debug-file - failed to load cangjie to dynamically generate schemas: Error: Cannot find module '@ohos/cangjie-build-support/index'
Require stack:
- D:\DevEco Studio\tools\hvigor\hvigor-ohos-plugin\src\plugin\hooks\cangjie-register.js
- D:\DevEco Studio\tools\hvigor\hvigor-ohos-plugin\src\plugin\strategy\stage-init-strategy.js
- D:\DevEco Studio\tools\hvigor\hvigor-ohos-plugin\src\plugin\builder\abstract-plugin-builder.js
- D:\DevEco Studio\tools\hvigor\hvigor-ohos-plugin\src\plugin\builder\app-plugin-builder.js
- D:\DevEco Studio\tools\hvigor\hvigor-ohos-plugin\src\plugin\factory\plugin-factory.js
- D:\DevEco Studio\tools\hvigor\hvigor-ohos-plugin\index.js
- D:\harmonyos_code\ljh25307105\hvigorfile.ts
- D:\DevEco Studio\tools\hvigor\hvigor\src\base\internal\lifecycle\configuration.js
- D:\DevEco Studio\tools\hvigor\hvigor\src\base\boot\index.js
- D:\DevEco Studio\tools\hvigor\hvigor\src\base\daemon\cluster\worker-process-lifecycle.js
- D:\DevEco Studio\tools\hvigor\hvigor\src\base\daemon\process\daemon-process-boot-script.js
[2026-04-20T23:54:38.357] [DEBUG] debug-file - Start initialize module-target build option map, moduleName=entry, buildMode=release
[2026-04-20T23:54:38.357] [DEBUG] debug-file - Target 'default' config initialized
[2026-04-20T23:54:38.357] [DEBUG] debug-file - Module 'entry' target 'default' build option initialized
[2026-04-20T23:54:38.357] [DEBUG] debug-file - End initialize module-target build option map, moduleName=entry
[2026-04-20T23:54:38.358] [DEBUG] debug-file - Start initialize module-target build option map, moduleName=entry, buildMode=debug
[2026-04-20T23:54:38.358] [DEBUG] debug-file - Target 'default' config initialized
[2026-04-20T23:54:38.358] [DEBUG] debug-file - Module 'entry' target 'default' build option initialized
[2026-04-20T23:54:38.358] [DEBUG] debug-file - End initialize module-target build option map, moduleName=entry
[2026-04-20T23:54:38.358] [DEBUG] debug-file - Start initialize module-target build option map, moduleName=entry, buildMode=debug
[2026-04-20T23:54:38.358] [DEBUG] debug-file - Target 'default' config initialized
[2026-04-20T23:54:38.359] [DEBUG] debug-file - Module 'entry' target 'default' build option initialized
[2026-04-20T23:54:38.359] [DEBUG] debug-file - End initialize module-target build option map, moduleName=entry
[2026-04-20T23:54:38.359] [DEBUG] debug-file - Obtain build option for module 'entry' target 'default'in this build.
[2026-04-20T23:54:38.363] [DEBUG] debug-file - Module entry task initialization takes 4 ms 
[2026-04-20T23:54:38.364] [DEBUG] debug-file - Hap plugin register hook start...
[2026-04-20T23:54:38.364] [DEBUG] debug-file - Hap plugin register hook end...
[2026-04-20T23:54:38.364] [DEBUG] debug-file - Plugin build process completed
[2026-04-20T23:54:38.364] [DEBUG] debug-file - hvigorfile, resolve finished D:\harmonyos_code\ljh25307105\entry\hvigorfile.ts
[2026-04-20T23:54:38.415] [DEBUG] debug-file - hvigorfile, resolve hvigorfile dependencies in 51 ms 
[2026-04-20T23:54:38.415] [DEBUG] debug-file - project has submodules:entry
[2026-04-20T23:54:38.417] [DEBUG] debug-file - start to load updatedOhPackageInfo to the disk
[2026-04-20T23:54:38.420] [DEBUG] debug-file - load to the disk finished
[2026-04-20T23:54:38.424] [DEBUG] debug-file - Start to initialize dependency information.
[2026-04-20T23:54:38.427] [DEBUG] debug-file - Module ljh25307105 Collected Dependency: 
[2026-04-20T23:54:38.427] [DEBUG] debug-file - Module ljh25307105's total dependency: 0
[2026-04-20T23:54:38.430] [DEBUG] debug-file - Start to initialize dependency information.
[2026-04-20T23:54:38.433] [DEBUG] debug-file - Module entry Collected Dependency: 
[2026-04-20T23:54:38.433] [DEBUG] debug-file - Module entry's total dependency: 0
[2026-04-20T23:54:38.438] [DEBUG] debug-file - Configuration phase cost:181 ms 
[2026-04-20T23:54:38.440] [DEBUG] debug-file - Configuration task cost before running: 211 ms 
[2026-04-20T23:54:38.447] [DEBUG] debug-file - Executing task :entry:default@PreBuild
[2026-04-20T23:54:38.448] [DEBUG] debug-file - Task 'entry:default@PreBuild' cost while wrapping incremental declarations: 1 ms 
[2026-04-20T23:54:38.458] [DEBUG] debug-file - entry:default@PreBuild is not up-to-date, since the task snapshots are different.
[2026-04-20T23:54:38.458] [DEBUG] debug-file - Incremental task entry:default@PreBuild pre-execution cost: 8 ms .
[2026-04-20T23:54:38.466] [DEBUG] debug-file - current product is not Atomic service.
[2026-04-20T23:54:38.467] [DEBUG] debug-file - Use tool [win32: JAVA_HOME, CLASSPATH]
 [ { JAVA_HOME: 'D:\\DevEco Studio\\jbr' }, { CLASSPATH: undefined } ]
[2026-04-20T23:54:38.467] [DEBUG] debug-file - Use tool [win32: NODE_HOME]
 [ { NODE_HOME: 'D:/DevEco Studio/tools/node' } ]
[2026-04-20T23:54:38.467] [DEBUG] debug-file - entry : default@PreBuild cost memory -1.2908706665039062
[2026-04-20T23:54:38.467] [DEBUG] debug-file - runTaskFromQueue task cost before running: 238 ms 
[2026-04-20T23:54:38.470] [INFO] debug-file - Finished :entry:default@PreBuild... after 21 ms 
[2026-04-20T23:54:38.471] [DEBUG] debug-file - Executing task :entry:default@CreateModuleInfo
[2026-04-20T23:54:38.472] [DEBUG] debug-file - Task 'entry:default@CreateModuleInfo' cost while wrapping incremental declarations: 1 ms 
[2026-04-20T23:54:38.472] [DEBUG] debug-file - entry : default@CreateModuleInfo cost memory 0.0418701171875
[2026-04-20T23:54:38.472] [DEBUG] debug-file - runTaskFromQueue task cost before running: 242 ms 
[2026-04-20T23:54:38.472] [INFO] debug-file - Finished :entry:default@CreateModuleInfo... after 1 ms 
[2026-04-20T23:54:38.473] [DEBUG] debug-file - Executing task :entry:default@GenerateMetadata
[2026-04-20T23:54:38.474] [DEBUG] debug-file - Task 'entry:default@GenerateMetadata' cost while wrapping incremental declarations: 1 ms 
[2026-04-20T23:54:38.475] [DEBUG] debug-file - Incremental task entry:default@GenerateMetadata pre-execution cost: 1 ms .
[2026-04-20T23:54:38.475] [DEBUG] debug-file - entry : default@GenerateMetadata cost memory 0.078826904296875
[2026-04-20T23:54:38.475] [INFO] debug-file - UP-TO-DATE :entry:default@GenerateMetadata...  
[2026-04-20T23:54:38.476] [DEBUG] debug-file - Executing task :entry:default@ConfigureCmake
[2026-04-20T23:54:38.477] [DEBUG] debug-file - entry : default@ConfigureCmake cost memory 0.0164947509765625
[2026-04-20T23:54:38.477] [DEBUG] debug-file - runTaskFromQueue task cost before running: 247 ms 
[2026-04-20T23:54:38.477] [INFO] debug-file - Finished :entry:default@ConfigureCmake... after 1 ms 
[2026-04-20T23:54:38.478] [DEBUG] debug-file - Executing task :entry:default@MergeProfile
[2026-04-20T23:54:38.478] [DEBUG] debug-file - Task 'entry:default@MergeProfile' cost while wrapping incremental declarations: 1 ms 
[2026-04-20T23:54:38.480] [DEBUG] debug-file - Incremental task entry:default@MergeProfile pre-execution cost: 2 ms .
[2026-04-20T23:54:38.481] [DEBUG] debug-file - entry : default@MergeProfile cost memory 0.1450042724609375
[2026-04-20T23:54:38.481] [INFO] debug-file - UP-TO-DATE :entry:default@MergeProfile...  
[2026-04-20T23:54:38.482] [DEBUG] debug-file - Executing task :entry:default@CreateBuildProfile
[2026-04-20T23:54:38.482] [DEBUG] debug-file - Task 'entry:default@CreateBuildProfile' cost while wrapping incremental declarations: 1 ms 
[2026-04-20T23:54:38.484] [DEBUG] debug-file - Incremental task entry:default@CreateBuildProfile pre-execution cost: 2 ms .
[2026-04-20T23:54:38.484] [DEBUG] debug-file - entry : default@CreateBuildProfile cost memory 0.1009063720703125
[2026-04-20T23:54:38.484] [INFO] debug-file - UP-TO-DATE :entry:default@CreateBuildProfile...  
[2026-04-20T23:54:38.485] [DEBUG] debug-file - Executing task :entry:default@PreCheckSyscap
[2026-04-20T23:54:38.485] [DEBUG] debug-file - entry : default@PreCheckSyscap cost memory 0.0143280029296875
[2026-04-20T23:54:38.485] [DEBUG] debug-file - runTaskFromQueue task cost before running: 256 ms 
[2026-04-20T23:54:38.485] [INFO] debug-file - Finished :entry:default@PreCheckSyscap... after 1 ms 
[2026-04-20T23:54:38.487] [DEBUG] debug-file - Executing task :entry:default@GeneratePkgContextInfo
[2026-04-20T23:54:38.492] [DEBUG] debug-file - Task 'entry:default@GeneratePkgContextInfo' cost while wrapping incremental declarations: 1 ms 
[2026-04-20T23:54:38.492] [DEBUG] debug-file - entry : default@GeneratePkgContextInfo cost memory 0.1562042236328125
[2026-04-20T23:54:38.493] [DEBUG] debug-file - runTaskFromQueue task cost before running: 263 ms 
[2026-04-20T23:54:38.493] [INFO] debug-file - Finished :entry:default@GeneratePkgContextInfo... after 6 ms 
[2026-04-20T23:54:38.494] [DEBUG] debug-file - Executing task :entry:default@GeneratePkgSdkInfo
[2026-04-20T23:54:38.496] [DEBUG] debug-file - Task 'entry:default@GeneratePkgSdkInfo' cost while wrapping incremental declarations: 1 ms 
[2026-04-20T23:54:38.497] [DEBUG] debug-file - Incremental task entry:default@GeneratePkgSdkInfo pre-execution cost: 1 ms .
[2026-04-20T23:54:38.497] [DEBUG] debug-file - entry : default@GeneratePkgSdkInfo cost memory 0.12165069580078125
[2026-04-20T23:54:38.497] [INFO] debug-file - UP-TO-DATE :entry:default@GeneratePkgSdkInfo...  
[2026-04-20T23:54:38.501] [DEBUG] debug-file - Executing task :entry:default@ProcessIntegratedHsp
[2026-04-20T23:54:38.501] [DEBUG] debug-file - entry:default@ProcessIntegratedHsp is not up-to-date, since the output file 'D:\harmonyos_code\ljh25307105\build\cache\default\integrated_hsp\integratedHspCache.json' does not exist.
[2026-04-20T23:54:38.503] [DEBUG] debug-file - Incremental task entry:default@ProcessIntegratedHsp pre-execution cost: 2 ms .
[2026-04-20T23:54:38.503] [DEBUG] debug-file - entry : default@ProcessIntegratedHsp cost memory -1.5709381103515625
[2026-04-20T23:54:38.503] [DEBUG] debug-file - runTaskFromQueue task cost before running: 273 ms 
[2026-04-20T23:54:38.503] [INFO] debug-file - Finished :entry:default@ProcessIntegratedHsp... after 3 ms 
[2026-04-20T23:54:38.504] [DEBUG] debug-file - Executing task :entry:default@BuildNativeWithCmake
[2026-04-20T23:54:38.505] [DEBUG] debug-file - entry : default@BuildNativeWithCmake cost memory 0.01410675048828125
[2026-04-20T23:54:38.505] [DEBUG] debug-file - runTaskFromQueue task cost before running: 275 ms 
[2026-04-20T23:54:38.505] [INFO] debug-file - Finished :entry:default@BuildNativeWithCmake... after 1 ms 
[2026-04-20T23:54:38.506] [DEBUG] debug-file - Executing task :entry:default@MakePackInfo
[2026-04-20T23:54:38.508] [DEBUG] debug-file - Incremental task entry:default@MakePackInfo pre-execution cost: 2 ms .
[2026-04-20T23:54:38.508] [DEBUG] debug-file - entry : default@MakePackInfo cost memory 0.1024322509765625
[2026-04-20T23:54:38.509] [INFO] debug-file - UP-TO-DATE :entry:default@MakePackInfo...  
[2026-04-20T23:54:38.510] [DEBUG] debug-file - Executing task :entry:default@SyscapTransform
[2026-04-20T23:54:38.510] [DEBUG] debug-file - File: 'D:\harmonyos_code\ljh25307105\entry\src\main\syscap.json' from 'sysCapJsonPath' is not exists, just ignore.
[2026-04-20T23:54:38.511] [DEBUG] debug-file - Task 'entry:default@SyscapTransform' cost while wrapping incremental declarations: 1 ms 
[2026-04-20T23:54:38.516] [DEBUG] debug-file - entry:default@SyscapTransform is not up-to-date, since the output file 'D:\harmonyos_code\ljh25307105\entry\build\default\intermediates\syscap\default\rpcid.sc' does not exist.
[2026-04-20T23:54:38.516] [DEBUG] debug-file - Incremental task entry:default@SyscapTransform pre-execution cost: 5 ms .
[2026-04-20T23:54:38.516] [DEBUG] debug-file - entry : default@SyscapTransform cost memory 0.14215087890625
[2026-04-20T23:54:38.516] [DEBUG] debug-file - runTaskFromQueue task cost before running: 287 ms 
[2026-04-20T23:54:38.516] [INFO] debug-file - Finished :entry:default@SyscapTransform... after 7 ms 
[2026-04-20T23:54:38.518] [DEBUG] debug-file - Executing task :entry:default@ProcessProfile
[2026-04-20T23:54:38.519] [DEBUG] debug-file - Task 'entry:default@ProcessProfile' cost while wrapping incremental declarations: 1 ms 
[2026-04-20T23:54:38.521] [DEBUG] debug-file - Incremental task entry:default@ProcessProfile pre-execution cost: 1 ms .
[2026-04-20T23:54:38.521] [DEBUG] debug-file - entry : default@ProcessProfile cost memory 0.11638641357421875
[2026-04-20T23:54:38.521] [INFO] debug-file - UP-TO-DATE :entry:default@ProcessProfile...  
[2026-04-20T23:54:38.522] [DEBUG] debug-file - Executing task :entry:default@ProcessRouterMap
[2026-04-20T23:54:38.525] [DEBUG] debug-file - Incremental task entry:default@ProcessRouterMap pre-execution cost: 3 ms .
[2026-04-20T23:54:38.526] [DEBUG] debug-file - entry : default@ProcessRouterMap cost memory 0.12451934814453125
[2026-04-20T23:54:38.526] [INFO] debug-file - UP-TO-DATE :entry:default@ProcessRouterMap...  
[2026-04-20T23:54:38.527] [DEBUG] debug-file - Executing task :entry:default@ProcessShareConfig
[2026-04-20T23:54:38.530] [DEBUG] debug-file - Incremental task entry:default@ProcessShareConfig pre-execution cost: 2 ms .
[2026-04-20T23:54:38.530] [DEBUG] debug-file - entry : default@ProcessShareConfig cost memory 0.10478973388671875
[2026-04-20T23:54:38.530] [INFO] debug-file - UP-TO-DATE :entry:default@ProcessShareConfig...  
[2026-04-20T23:54:38.532] [DEBUG] debug-file - Executing task :entry:default@ProcessStartupConfig
[2026-04-20T23:54:38.532] [DEBUG] debug-file - Task 'entry:default@ProcessStartupConfig' cost while wrapping incremental declarations: 1 ms 
[2026-04-20T23:54:38.532] [DEBUG] debug-file - entry:default@ProcessStartupConfig is not up-to-date, since the output file 'D:\harmonyos_code\ljh25307105\entry\build\default\intermediates\startup\default\startup_config.json' does not exist.
[2026-04-20T23:54:38.532] [DEBUG] debug-file - Incremental task entry:default@ProcessStartupConfig pre-execution cost: 1 ms .
[2026-04-20T23:54:38.534] [DEBUG] debug-file - entry : default@ProcessStartupConfig cost memory 0.08881378173828125
[2026-04-20T23:54:38.535] [DEBUG] debug-file - runTaskFromQueue task cost before running: 305 ms 
[2026-04-20T23:54:38.535] [INFO] debug-file - Finished :entry:default@ProcessStartupConfig... after 4 ms 
[2026-04-20T23:54:38.536] [DEBUG] debug-file - Executing task :entry:default@BuildNativeWithNinja
[2026-04-20T23:54:38.537] [DEBUG] debug-file - entry : default@BuildNativeWithNinja cost memory 0.019866943359375
[2026-04-20T23:54:38.537] [DEBUG] debug-file - runTaskFromQueue task cost before running: 307 ms 
[2026-04-20T23:54:38.537] [INFO] debug-file - Finished :entry:default@BuildNativeWithNinja... after 1 ms 
[2026-04-20T23:54:38.539] [DEBUG] debug-file - restool module names: entry; moduleName=entry, taskName=default@ProcessResource
[2026-04-20T23:54:38.541] [DEBUG] debug-file - Executing task :entry:default@ProcessResource
[2026-04-20T23:54:38.542] [DEBUG] debug-file - Task 'entry:default@ProcessResource' cost while wrapping incremental declarations: 1 ms 
[2026-04-20T23:54:38.543] [DEBUG] debug-file - Incremental task entry:default@ProcessResource pre-execution cost: 2 ms .
[2026-04-20T23:54:38.543] [DEBUG] debug-file - entry : default@ProcessResource cost memory 0.13379669189453125
[2026-04-20T23:54:38.545] [INFO] debug-file - UP-TO-DATE :entry:default@ProcessResource...  
[2026-04-20T23:54:38.547] [DEBUG] debug-file - Executing task :entry:default@GenerateLoaderJson
[2026-04-20T23:54:38.548] [DEBUG] debug-file - Task 'entry:default@GenerateLoaderJson' cost while wrapping incremental declarations: 1 ms 
[2026-04-20T23:54:38.557] [DEBUG] debug-file - Incremental task entry:default@GenerateLoaderJson pre-execution cost: 6 ms .
[2026-04-20T23:54:38.557] [DEBUG] debug-file - entry : default@GenerateLoaderJson cost memory 0.4153900146484375
[2026-04-20T23:54:38.561] [INFO] debug-file - UP-TO-DATE :entry:default@GenerateLoaderJson...  
[2026-04-20T23:54:38.562] [DEBUG] debug-file - Executing task :entry:default@ProcessLibs
[2026-04-20T23:54:38.565] [DEBUG] debug-file - Incremental task entry:default@ProcessLibs pre-execution cost: 3 ms .
[2026-04-20T23:54:38.566] [DEBUG] debug-file - entry : default@ProcessLibs cost memory 0.1006011962890625
[2026-04-20T23:54:38.566] [INFO] debug-file - UP-TO-DATE :entry:default@ProcessLibs...  
[2026-04-20T23:54:38.568] [DEBUG] debug-file - restool module names: entry; moduleName=entry, taskName=default@CompileResource
[2026-04-20T23:54:38.568] [DEBUG] debug-file - Executing task :entry:default@CompileResource
[2026-04-20T23:54:38.592] [DEBUG] debug-file - Incremental task entry:default@CompileResource pre-execution cost: 23 ms .
[2026-04-20T23:54:38.593] [DEBUG] debug-file - entry : default@CompileResource cost memory -0.8264694213867188
[2026-04-20T23:54:38.595] [INFO] debug-file - UP-TO-DATE :entry:default@CompileResource...  
[2026-04-20T23:54:38.596] [DEBUG] debug-file - Executing task :entry:default@DoNativeStrip
[2026-04-20T23:54:38.597] [DEBUG] debug-file - File: 'D:\harmonyos_code\ljh25307105\entry\build\default\intermediates\binxo\default' from 'doBinxoNativeLibs' is not exists, just ignore.
[2026-04-20T23:54:38.597] [DEBUG] debug-file - Task 'entry:default@DoNativeStrip' cost while wrapping incremental declarations: 1 ms 
[2026-04-20T23:54:38.598] [DEBUG] debug-file - Incremental task entry:default@DoNativeStrip pre-execution cost: 1 ms .
[2026-04-20T23:54:38.599] [DEBUG] debug-file - entry : default@DoNativeStrip cost memory 0.08928680419921875
[2026-04-20T23:54:38.599] [INFO] debug-file - UP-TO-DATE :entry:default@DoNativeStrip...  
[2026-04-20T23:54:38.600] [DEBUG] debug-file - Executing task :entry:default@CompileArkTS
[2026-04-20T23:54:38.600] [DEBUG] debug-file - obfuscationOptions: undefined
[2026-04-20T23:54:38.602] [DEBUG] debug-file - Task 'entry:default@CompileArkTS' cost while wrapping incremental declarations: 1 ms 
[2026-04-20T23:54:38.614] [DEBUG] debug-file - entry:default@CompileArkTS is not up-to-date, since the input file 'D:\harmonyos_code\ljh25307105\entry\src\main\ets' has been changed.
[2026-04-20T23:54:38.615] [DEBUG] debug-file - Incremental task entry:default@CompileArkTS pre-execution cost: 11 ms .
[2026-04-20T23:54:38.634] [DEBUG] debug-file - build config:
[2026-04-20T23:54:38.635] [DEBUG] debug-file - {
  moduleType: 'entry',
  perf: 0,
  targetName: '.default',
  packageManagerType: 'ohpm',
  localPropertiesPath: 'D:\\harmonyos_code\\ljh25307105\\local.properties',
  isPreview: false,
  isOhosTest: false,
  isLocalTest: false,
  buildMode: 'Debug',
  hotReloadBuild: undefined,
  watchMode: 'false',
  aceProfilePath: 'D:\\harmonyos_code\\ljh25307105\\entry\\build\\default\\intermediates\\res\\default\\resources\\base\\profile',
  etsLoaderPath: 'D:\\DevEco Studio\\sdk\\default\\openharmony\\ets\\build-tools\\ets-loader',
  modulePath: 'D:\\harmonyos_code\\ljh25307105\\entry',
  testFrameworkPar: {
    testMode: undefined,
    coveragePathFilter: undefined,
    coverageMode: undefined
  },
  needCoverageInsert: false,
  debugLine: false,
  projectTopDir: 'D:\\harmonyos_code\\ljh25307105',
  compileSdkVersion: 23,
  compatibleSdkVersion: 17,
  originCompatibleSdkVersion: '5.0.5(17)',
  compatibleSdkVersionStage: undefined,
  bundleName: 'c***t',
  etsLoaderVersion: '6.1.0.105',
  etsLoaderReleaseType: 'Release',
  aotCompileMode: 'type',
  apPath: 'D:\\harmonyos_code\\ljh25307105\\entry\\modules.ap',
  entryModuleName: 'entry',
  entryModuleVersion: '1.0.0',
  entryPackageName: 'entry',
  allModuleNameHash: '0019564ec147b3f85683354dda26a089a339380e39ebac837016312bfe63a515',
  externalApiPaths: [ 'D:\\DevEco Studio\\sdk\\default\\hms\\ets' ],
  compilerTypes: [],
  isCrossplatform: false,
  hvigorPluginFile: undefined,
  compilePluginPath: undefined,
  buildGeneratedProfilePath: 'D:\\harmonyos_code\\ljh25307105\\entry\\build\\default\\generated\\profile\\default',
  bundleType: 'app',
  arkTSVersion: undefined,
  apiVersion: 23,
  needCompleteSourcesMap: false,
  isFaMode: false,
  buildDir: 'D:\\harmonyos_code\\ljh25307105\\entry\\build',
  deviceTypes: [ 'phone' ],
  pkgContextInfo: undefined,
  ohPackagePathMap: {},
  dependencyAliasMap: {},
  permission: { requestPermissions: undefined, definePermissions: undefined },
  useGetCurrentBundleName: false,
  projectArkOption: undefined,
  sourceMapDir: undefined,
  branchElimination: false,
  transformLib: undefined,
  tsImportSendable: false,
  resolveConflictMode: true,
  depName2RootPath: {},
  depName2DepInfo: {},
  depName2OhExports: {},
  rootPathSet: [ 'D:\\harmonyos_code\\ljh25307105' ],
  useNativeResolver: true,
  shouldEmitJs: true,
  useTscResolve: false,
  singleFileEmit: false,
  userProjectConfig: {
    autoLazyImport: false,
    allowEmptyBundleName: false,
    reExportCheckMode: 'noCheck',
    executionMode: 'memory',
    usePathPlaceholder: false,
    writeRollupCache: true,
    isExpandImportEnabled: false,
    expandImportExclude: '',
    lazyImportExclude: '',
    lazyImportInclude: '',
    ignoreCrossplatformCheck: false,
    isHarDeduplicateEnabled: false,
    skipOhModulesLint: false,
    enableStrictCheckOHModule: false,
    disableSendableCheckRules: [],
    useDeclarationFileSignature: false,
    customizedOptions: undefined,
    integratedHsp: false,
    isPreloadSoEnabled: false
  },
  executionMode: 'memory',
  arkCompileCachePath: 'D:\\harmonyos_code\\ljh25307105\\entry\\build\\default\\cache\\default\\default@CompileArkTS\\esmodule',
  autoLazyFilter: undefined,
  isHarDeduplicateEnabled: false,
  intermediateHarDuplicateDirPath: 'D:\\harmonyos_code\\ljh25307105\\entry\\build\\default\\intermediates\\har_duplicate\\default',
  autoLazyImport: false,
  allowEmptyBundleName: false,
  reExportCheckMode: 'noCheck',
  usePathPlaceholder: false,
  writeRollupCache: true,
  isExpandImportEnabled: false,
  expandImportExclude: '',
  lazyImportExclude: '',
  lazyImportInclude: '',
  ignoreCrossplatformCheck: false,
  skipOhModulesLint: false,
  enableStrictCheckOHModule: false,
  disableSendableCheckRules: [],
  useDeclarationFileSignature: false,
  customizedOptions: undefined,
  integratedHsp: false,
  isPreloadSoEnabled: false,
  strictMode: undefined,
  useNormalizedOHMUrl: false,
  caseSensitiveCheck: false,
  aceModuleJsonPath: 'D:\\harmonyos_code\\ljh25307105\\entry\\build\\default\\intermediates\\res\\default\\ark_module.json',
  appResource: 'D:\\harmonyos_code\\ljh25307105\\entry\\build\\default\\intermediates\\res\\default\\ResourceTable.txt',
  rawFileResource: 'D:\\harmonyos_code\\ljh25307105\\entry\\build\\default\\intermediates\\res\\default\\resources\\rawfile',
  resourceTableHash: 'e14473c04cd8b4753369a149b5a6d3f90b6aeb75b9fee17e6a433845bf897e39',
  runtimeOS: 'HarmonyOS',
  sdkInfo: 'false:23:6.1.0.105:Release',
  aceModuleRoot: 'D:\\harmonyos_code\\ljh25307105\\entry\\src\\main\\ets',
  compileMode: 'esmodule',
  aceSuperVisualPath: 'D:\\harmonyos_code\\ljh25307105\\entry\\src\\main\\supervisual',
  aceBuildJson: 'D:\\harmonyos_code\\ljh25307105\\entry\\build\\default\\intermediates\\loader\\default\\loader.json',
  cachePath: 'D:\\harmonyos_code\\ljh25307105\\entry\\build\\default\\cache\\default\\default@CompileArkTS\\esmodule\\debug',
  aceModuleBuild: 'D:\\harmonyos_code\\ljh25307105\\entry\\build\\default\\intermediates\\loader_out\\default\\ets',
  supportChunks: true,
  declaredFilesPath: undefined,
  shouldCollectDirectImportees: false,
  isByteCodeHarOptimize: false,
  expandImportPath: undefined,
  resourceTableTs: 'D:\\harmonyos_code\\ljh25307105\\entry\\build\\default\\generated\\r\\default\\ResourceTable.ts',
  moduleMetaInfoFiles: [
    {
      filePath: 'D:\\harmonyos_code\\ljh25307105\\entry\\build\\default\\generated\\r\\default\\ResourceTable.ts',
      ohmurl: 'com.example.canvascomponent/entry/build/generated/r/ResourceTable'
    }
  ],
  pkgNameToPkgBriefInfo: {
    entry: {
      pkgRoot: 'D:\\harmonyos_code\\ljh25307105\\entry',
      originalSourceRoots: undefined,
      sourceRoots: [Array],
      pkgName: 'entry'
    }
  },
  projectModel: {
    'D:\\harmonyos_code\\ljh25307105\\entry\\src\\main': {
      moduleName: 'entry',
      modulePkgPath: 'D:\\harmonyos_code\\ljh25307105\\entry',
      belongProjectPath: 'D:\\harmonyos_code\\ljh25307105'
    },
    'D:\\harmonyos_code\\ljh25307105\\entry': {
      moduleName: 'entry',
      modulePkgPath: 'D:\\harmonyos_code\\ljh25307105\\entry',
      belongProjectPath: 'D:\\harmonyos_code\\ljh25307105'
    },
    'D:\\harmonyos_code\\ljh25307105': {
      moduleName: 'ljh25307105',
      modulePkgPath: 'D:\\harmonyos_code\\ljh25307105',
      belongProjectPath: 'D:\\harmonyos_code\\ljh25307105'
    }
  },
  pkgJsonFileHash: '2afff4febdc36911eef91f56078f85eadae932cafc4985f481ba3dd356730d69',
  allModulePaths: [ 'D:\\harmonyos_code\\ljh25307105\\entry' ],
  routerMap: {},
  obfuscationOptions: undefined,
  byteCodeHarToDependencyKeys: undefined,
  compileBlockPkg: [],
  mockParams: {
    decorator: '@MockSetup',
    packageName: '@ohos/hamock',
    etsSourceRootPath: 'src/main/ets',
    mockConfigPath: undefined,
    mockConfigKey2ModuleInfo: {},
    source2ModuleIdMap: {}
  },
  copyCodeResourceEnable: true,
  copyCodeResourceExcludes: [],
  copyCodeResourceIncludes: undefined,
  uiTransformOptimization: false,
  sdkPath: 'D:/DevEco Studio/sdk',
  needPreloadSoFileSet: {},
  preloadSoFilePath: 'D:\\harmonyos_code\\ljh25307105\\entry\\build\\default\\intermediates\\preload\\default\\preload.json',
  useSourceHash: false,
  localModuleParamMap: {},
  otherPaths: {
    'entry/*': [
      '..\\*',
      '..\\..\\..\\build\\default\\generated\\profile\\default\\*'
    ]
  },
  collectImportersConfig: undefined
}
[2026-04-20T23:54:38.636] [DEBUG] debug-file - Compile arkts with external api path: D:\DevEco Studio\sdk\default\hms\ets
[2026-04-20T23:54:38.638] [DEBUG] debug-file - default@CompileArkTS work[18] is submitted.
[2026-04-20T23:54:38.639] [DEBUG] debug-file - default@CompileArkTS work[18] is pushed to ready queue.
[2026-04-20T23:54:38.639] [DEBUG] debug-file - A work dispatched to worker[31] failed because unable to get work from ready queue.
[2026-04-20T23:54:38.639] [DEBUG] debug-file - A work dispatched to worker[30] failed because unable to get work from ready queue.
[2026-04-20T23:54:38.639] [DEBUG] debug-file - A work dispatched to worker[29] failed because unable to get work from ready queue.
[2026-04-20T23:54:38.639] [DEBUG] debug-file - A work dispatched to worker[28] failed because unable to get work from ready queue.
[2026-04-20T23:54:38.639] [DEBUG] debug-file - A work dispatched to worker[27] failed because unable to get work from ready queue.
[2026-04-20T23:54:38.639] [DEBUG] debug-file - A work dispatched to worker[26] failed because unable to get work from ready queue.
[2026-04-20T23:54:38.639] [DEBUG] debug-file - A work dispatched to worker[25] failed because unable to get work from ready queue.
[2026-04-20T23:54:38.639] [DEBUG] debug-file - A work dispatched to worker[24] failed because unable to get work from ready queue.
[2026-04-20T23:54:38.639] [DEBUG] debug-file - A work dispatched to worker[23] failed because unable to get work from ready queue.
[2026-04-20T23:54:38.640] [DEBUG] debug-file - A work dispatched to worker[22] failed because unable to get work from ready queue.
[2026-04-20T23:54:38.640] [DEBUG] debug-file - A work dispatched to worker[21] failed because unable to get work from ready queue.
[2026-04-20T23:54:38.640] [DEBUG] debug-file - A work dispatched to worker[20] failed because unable to get work from ready queue.
[2026-04-20T23:54:38.640] [DEBUG] debug-file - A work dispatched to worker[19] failed because unable to get work from ready queue.
[2026-04-20T23:54:38.640] [DEBUG] debug-file - A work dispatched to worker[18] failed because unable to get work from ready queue.
[2026-04-20T23:54:38.640] [DEBUG] debug-file - A work dispatched to worker[17] failed because unable to get work from ready queue.
[2026-04-20T23:54:38.640] [DEBUG] debug-file - A work dispatched to worker[16] failed because unable to get work from ready queue.
[2026-04-20T23:54:38.640] [DEBUG] debug-file - A work dispatched to worker[15] failed because unable to get work from ready queue.
[2026-04-20T23:54:38.640] [DEBUG] debug-file - A work dispatched to worker[14] failed because unable to get work from ready queue.
[2026-04-20T23:54:38.640] [DEBUG] debug-file - A work dispatched to worker[13] failed because unable to get work from ready queue.
[2026-04-20T23:54:38.640] [DEBUG] debug-file - A work dispatched to worker[12] failed because unable to get work from ready queue.
[2026-04-20T23:54:38.640] [DEBUG] debug-file - A work dispatched to worker[11] failed because unable to get work from ready queue.
[2026-04-20T23:54:38.640] [DEBUG] debug-file - A work dispatched to worker[10] failed because unable to get work from ready queue.
[2026-04-20T23:54:38.640] [DEBUG] debug-file - A work dispatched to worker[9] failed because unable to get work from ready queue.
[2026-04-20T23:54:38.640] [DEBUG] debug-file - A work dispatched to worker[8] failed because unable to get work from ready queue.
[2026-04-20T23:54:38.640] [DEBUG] debug-file - A work dispatched to worker[7] failed because unable to get work from ready queue.
[2026-04-20T23:54:38.640] [DEBUG] debug-file - A work dispatched to worker[6] failed because unable to get work from ready queue.
[2026-04-20T23:54:38.640] [DEBUG] debug-file - A work dispatched to worker[5] failed because unable to get work from ready queue.
[2026-04-20T23:54:38.641] [DEBUG] debug-file - default@CompileArkTS work[18] has been dispatched to worker[4].
[2026-04-20T23:54:38.641] [DEBUG] debug-file - default@CompileArkTS work[18] is dispatched.
[2026-04-20T23:54:38.641] [DEBUG] debug-file - CopyResources startTime: 34939756750600
[2026-04-20T23:54:38.641] [DEBUG] debug-file - default@CompileArkTS work[19] is submitted.
[2026-04-20T23:54:38.641] [DEBUG] debug-file - default@CompileArkTS work[19] is pushed to ready queue.
[2026-04-20T23:54:38.641] [DEBUG] debug-file - A work dispatched to worker[31] failed because unable to get work from ready queue.
[2026-04-20T23:54:38.641] [DEBUG] debug-file - Create  resident worker with id: 30.
[2026-04-20T23:54:38.645] [DEBUG] debug-file - default@CompileArkTS work[19] has been dispatched to worker[30].
[2026-04-20T23:54:38.645] [DEBUG] debug-file - default@CompileArkTS work[19] is dispatched.
[2026-04-20T23:54:38.645] [DEBUG] debug-file - entry : default@CompileArkTS cost memory 0.1143646240234375
[2026-04-20T23:54:38.647] [DEBUG] debug-file - Executing task :entry:default@BuildJS
[2026-04-20T23:54:38.647] [DEBUG] debug-file - Task 'entry:default@BuildJS' cost while wrapping incremental declarations: 1 ms 
[2026-04-20T23:54:38.650] [DEBUG] debug-file - entry : default@BuildJS cost memory 0.13851165771484375
[2026-04-20T23:54:38.651] [DEBUG] debug-file - runTaskFromQueue task cost before running: 421 ms 
[2026-04-20T23:54:38.651] [INFO] debug-file - Finished :entry:default@BuildJS... after 5 ms 
[2026-04-20T23:54:38.652] [DEBUG] debug-file - Executing task :entry:default@CacheNativeLibs
[2026-04-20T23:54:38.653] [DEBUG] debug-file - File: 'D:\harmonyos_code\ljh25307105\entry\build\default\intermediates\binxo\default' from 'cacheBinxoNativeLibs' is not exists, just ignore.
[2026-04-20T23:54:38.653] [DEBUG] debug-file - Task 'entry:default@CacheNativeLibs' cost while wrapping incremental declarations: 1 ms 
[2026-04-20T23:54:38.655] [DEBUG] debug-file - Incremental task entry:default@CacheNativeLibs pre-execution cost: 2 ms .
[2026-04-20T23:54:38.655] [DEBUG] debug-file - entry : default@CacheNativeLibs cost memory 0.11763763427734375
[2026-04-20T23:54:38.656] [INFO] debug-file - UP-TO-DATE :entry:default@CacheNativeLibs...  
[2026-04-20T23:54:39.930] [DEBUG] debug-file - worker[30] has one work done.
[2026-04-20T23:54:39.930] [DEBUG] debug-file - CopyResources is end, endTime: 34941045937700
[2026-04-20T23:54:39.930] [DEBUG] debug-file - default@CompileArkTS work[19] done.
[2026-04-20T23:54:39.930] [DEBUG] debug-file - A work dispatched to worker[30] failed because unable to get work from ready queue.
[2026-04-20T23:54:41.729] [WARN] debug-file - [33mWARN: [33m[33mArkTS:WARN File: D:/harmonyos_code/ljh25307105/entry/src/main/ets/pages/CanvasPage.ets:131:12
 Function may throw exceptions. Special handling is required.
[39m[39m

[2026-04-20T23:54:41.730] [DEBUG] debug-file - Ark compile task finished.finished time is 34942845718000
[2026-04-20T23:54:41.730] [DEBUG] debug-file - worker[4] has one work done.
[2026-04-20T23:54:41.732] [DEBUG] debug-file - default@CompileArkTS work[18] done.
[2026-04-20T23:54:41.732] [DEBUG] debug-file - A work dispatched to worker[4] failed because unable to get work from ready queue.
[2026-04-20T23:54:41.734] [INFO] debug-file - Finished :entry:default@CompileArkTS... after 3 s 129 ms 
[2026-04-20T23:54:41.736] [DEBUG] debug-file - Executing task :entry:default@GeneratePkgModuleJson
[2026-04-20T23:54:41.736] [DEBUG] debug-file - File: 'D:\harmonyos_code\ljh25307105\entry\build\default\intermediates\preload\default\preload.json' from 'preloadSoJsonPath' is not exists, just ignore.
[2026-04-20T23:54:41.737] [DEBUG] debug-file - Error occurs while handling @Input 'shouldDeduplicateHar': The "data" argument must be of type string or an instance of Buffer, TypedArray, or DataView. Received undefined
[2026-04-20T23:54:41.737] [DEBUG] debug-file - Task 'entry:default@GeneratePkgModuleJson' cost while wrapping incremental declarations: 1 ms 
[2026-04-20T23:54:41.738] [DEBUG] debug-file - Incremental task entry:default@GeneratePkgModuleJson pre-execution cost: 1 ms .
[2026-04-20T23:54:41.738] [DEBUG] debug-file - entry : default@GeneratePkgModuleJson cost memory 0.0980072021484375
[2026-04-20T23:54:41.738] [INFO] debug-file - UP-TO-DATE :entry:default@GeneratePkgModuleJson...  
[2026-04-20T23:54:41.739] [DEBUG] debug-file - Executing task :entry:default@ProcessCompiledResources
[2026-04-20T23:54:41.739] [DEBUG] debug-file - File: 'D:\harmonyos_code\ljh25307105\entry\build\default\intermediates\preload\default\preload.json' from 'preloadSoJsonPath' is not exists, just ignore.
[2026-04-20T23:54:41.739] [DEBUG] debug-file - Task 'entry:default@ProcessCompiledResources' cost while wrapping incremental declarations: 1 ms 
[2026-04-20T23:54:41.740] [DEBUG] debug-file - entry : default@ProcessCompiledResources cost memory 0.056243896484375
[2026-04-20T23:54:41.740] [DEBUG] debug-file - runTaskFromQueue task cost before running: 3 s 510 ms 
[2026-04-20T23:54:41.740] [INFO] debug-file - Finished :entry:default@ProcessCompiledResources... after 1 ms 
[2026-04-20T23:54:41.742] [DEBUG] debug-file - Executing task :entry:default@PackageHap
[2026-04-20T23:54:41.756] [DEBUG] debug-file - entry:default@PackageHap is not up-to-date, since the input file 'D:\harmonyos_code\ljh25307105\entry\build\default\intermediates\loader_out\default\ets' has been changed.
[2026-04-20T23:54:41.756] [DEBUG] debug-file - Incremental task entry:default@PackageHap pre-execution cost: 13 ms .
[2026-04-20T23:54:41.758] [DEBUG] debug-file - Use tool [D:\DevEco Studio\sdk\default\openharmony\toolchains\lib\app_packing_tool.jar]
 [
  'java',
  '-Dfile.encoding=GBK',
  '-jar',
  'D:\\DevEco Studio\\sdk\\default\\openharmony\\toolchains\\lib\\app_packing_tool.jar',
  '--mode',
  'hap',
  '--force',
  'true',
  '--lib-path',
  'D:\\harmonyos_code\\ljh25307105\\entry\\build\\default\\intermediates\\stripped_native_libs\\default',
  '--json-path',
  'D:\\harmonyos_code\\ljh25307105\\entry\\build\\default\\intermediates\\package\\default\\module.json',
  '--resources-path',
  'D:\\harmonyos_code\\ljh25307105\\entry\\build\\default\\intermediates\\res\\default\\resources',
  '--index-path',
  'D:\\harmonyos_code\\ljh25307105\\entry\\build\\default\\intermediates\\res\\default\\resources.index',
  '--pack-info-path',
  'D:\\harmonyos_code\\ljh25307105\\entry\\build\\default\\outputs\\default\\pack.info',
  '--out-path',
  'D:\\harmonyos_code\\ljh25307105\\entry\\build\\default\\outputs\\default\\entry-default-unsigned.hap',
  '--ets-path',
  'D:\\harmonyos_code\\ljh25307105\\entry\\build\\default\\intermediates\\loader_out\\default\\ets',
  '--pkg-sdk-info-path',
  'D:\\harmonyos_code\\ljh25307105\\entry\\build\\default\\intermediates\\loader\\default\\pkgSdkInfo.json'
]
[2026-04-20T23:54:41.758] [DEBUG] debug-file - default@PackageHap work[20] is submitted.
[2026-04-20T23:54:41.758] [DEBUG] debug-file - default@PackageHap work[20] is pushed to ready queue.
[2026-04-20T23:54:41.759] [DEBUG] debug-file - A work dispatched to worker[31] failed because unable to get work from ready queue.
[2026-04-20T23:54:41.759] [DEBUG] debug-file - default@PackageHap work[20] has been dispatched to worker[30].
[2026-04-20T23:54:41.759] [DEBUG] debug-file - default@PackageHap work[20] is dispatched.
[2026-04-20T23:54:41.762] [DEBUG] debug-file - entry : default@PackageHap cost memory -0.995880126953125
[2026-04-20T23:54:42.129] [DEBUG] debug-file - current process  memoryUsage: {
  rss: 399933440,
  heapTotal: 81035264,
  heapUsed: 51967416,
  external: 2365469,
  arrayBuffers: 123792
} os memoryUsage :12.565475463867188
[2026-04-20T23:54:42.464] [DEBUG] debug-file - worker[30] has one work done.
[2026-04-20T23:54:42.464] [DEBUG] debug-file - default@PackageHap work[20] done.
[2026-04-20T23:54:42.464] [DEBUG] debug-file - A work dispatched to worker[30] failed because unable to get work from ready queue.
[2026-04-20T23:54:42.466] [INFO] debug-file - Finished :entry:default@PackageHap... after 359 ms 
[2026-04-20T23:54:42.467] [DEBUG] debug-file - Executing task :entry:default@PackingCheck
[2026-04-20T23:54:42.473] [DEBUG] debug-file - entry : default@PackingCheck cost memory 0.3961944580078125
[2026-04-20T23:54:42.473] [DEBUG] debug-file - runTaskFromQueue task cost before running: 4 s 243 ms 
[2026-04-20T23:54:42.473] [INFO] debug-file - Finished :entry:default@PackingCheck... after 6 ms 
[2026-04-20T23:54:42.474] [DEBUG] debug-file - Executing task :entry:default@SignHap
[2026-04-20T23:54:42.475] [WARN] debug-file - Will skip sign 'hos_hap'. No signingConfigs profile is configured in current project.
             If needed, configure the signingConfigs in D:\harmonyos_code\ljh25307105\build-profile.json5.
[2026-04-20T23:54:42.476] [DEBUG] debug-file - entry:default@SignHap is not up-to-date, since the input file 'D:\harmonyos_code\ljh25307105\entry\build\default\outputs\default\entry-default-unsigned.hap' has been changed.
[2026-04-20T23:54:42.476] [DEBUG] debug-file - Incremental task entry:default@SignHap pre-execution cost: 1 ms .
[2026-04-20T23:54:42.476] [DEBUG] debug-file - entry : default@SignHap cost memory 0.085296630859375
[2026-04-20T23:54:42.476] [DEBUG] debug-file - runTaskFromQueue task cost before running: 4 s 247 ms 
[2026-04-20T23:54:42.477] [INFO] debug-file - Finished :entry:default@SignHap... after 2 ms 
[2026-04-20T23:54:42.478] [DEBUG] debug-file - Executing task :entry:default@CollectDebugSymbol
[2026-04-20T23:54:42.479] [DEBUG] debug-file - entry : default@CollectDebugSymbol cost memory 0.08304595947265625
[2026-04-20T23:54:42.479] [DEBUG] debug-file - runTaskFromQueue task cost before running: 4 s 250 ms 
[2026-04-20T23:54:42.479] [INFO] debug-file - Finished :entry:default@CollectDebugSymbol... after 2 ms 
[2026-04-20T23:54:42.480] [DEBUG] debug-file - Executing task :entry:assembleHap
[2026-04-20T23:54:42.480] [DEBUG] debug-file - entry : assembleHap cost memory 0.014892578125
[2026-04-20T23:54:42.480] [DEBUG] debug-file - runTaskFromQueue task cost before running: 4 s 250 ms 
[2026-04-20T23:54:42.480] [INFO] debug-file - Finished :entry:assembleHap... after 1 ms 
[2026-04-20T23:54:42.498] [INFO] debug-file - BUILD SUCCESSFUL in 4 s 268 ms 
[2026-04-20T23:54:42.500] [DEBUG] debug-file - Update task entry:default@PreBuild input file:D:\harmonyos_code\ljh25307105\AppScope\app.json5 cache by regenerate.
[2026-04-20T23:54:42.500] [DEBUG] debug-file - Update task entry:default@PreBuild input file:D:\harmonyos_code\ljh25307105\entry\src\main\module.json5 cache by regenerate.
[2026-04-20T23:54:42.501] [DEBUG] debug-file - Update task entry:default@PreBuild input file:D:\harmonyos_code\ljh25307105\build-profile.json5 cache by regenerate.
[2026-04-20T23:54:42.502] [DEBUG] debug-file - Update task entry:default@PreBuild input file:D:\harmonyos_code\ljh25307105\entry\build-profile.json5 cache by regenerate.
[2026-04-20T23:54:42.502] [DEBUG] debug-file - Update task entry:default@PreBuild input file:D:\harmonyos_code\ljh25307105\entry\src\main\resources\base\profile\main_pages.json cache by regenerate.
[2026-04-20T23:54:42.502] [DEBUG] debug-file - Update task entry:default@PreBuild input file:D:\harmonyos_code\ljh25307105\hvigor\hvigor-config.json5 cache by regenerate.
[2026-04-20T23:54:42.503] [DEBUG] debug-file - Update task entry:default@PreBuild input file:D:\harmonyos_code\ljh25307105\entry\oh-package.json5 cache by regenerate.
[2026-04-20T23:54:42.503] [DEBUG] debug-file - Update task entry:default@PreBuild input file:D:\harmonyos_code\ljh25307105\oh-package.json5 cache by regenerate.
[2026-04-20T23:54:42.503] [DEBUG] debug-file - Incremental task entry:default@PreBuild post-execution cost:6 ms .
[2026-04-20T23:54:42.503] [DEBUG] debug-file - Update task entry:default@CreateModuleInfo output file:D:\harmonyos_code\ljh25307105\entry\build\default\generated\profile\default\ModuleInfo.ts cache.
[2026-04-20T23:54:42.504] [DEBUG] debug-file - Incremental task entry:default@CreateModuleInfo post-execution cost:1 ms .
[2026-04-20T23:54:42.504] [DEBUG] debug-file - There is no need to refresh cache, since the incremental task entry:default@GenerateMetadata is up-to-date.
[2026-04-20T23:54:42.504] [DEBUG] debug-file - There is no need to refresh cache, since the incremental task entry:default@MergeProfile is up-to-date.
[2026-04-20T23:54:42.504] [DEBUG] debug-file - There is no need to refresh cache, since the incremental task entry:default@CreateBuildProfile is up-to-date.
[2026-04-20T23:54:42.504] [DEBUG] debug-file - Update task entry:default@GeneratePkgContextInfo output file:D:\harmonyos_code\ljh25307105\entry\build\default\intermediates\loader\default\pkgContextInfo.json cache.
[2026-04-20T23:54:42.504] [DEBUG] debug-file - Incremental task entry:default@GeneratePkgContextInfo post-execution cost:1 ms .
[2026-04-20T23:54:42.504] [DEBUG] debug-file - There is no need to refresh cache, since the incremental task entry:default@GeneratePkgSdkInfo is up-to-date.
[2026-04-20T23:54:42.504] [DEBUG] debug-file - Update task entry:default@ProcessIntegratedHsp output file:D:\harmonyos_code\ljh25307105\build\cache\default\integrated_hsp\integratedHspCache.json cache.
[2026-04-20T23:54:42.505] [DEBUG] debug-file - Incremental task entry:default@ProcessIntegratedHsp post-execution cost:1 ms .
[2026-04-20T23:54:42.505] [DEBUG] debug-file - There is no need to refresh cache, since the incremental task entry:default@MakePackInfo is up-to-date.
[2026-04-20T23:54:42.505] [DEBUG] debug-file - Update task entry:default@SyscapTransform input file:D:\DevEco Studio\sdk\default\openharmony\toolchains\syscap_tool.exe cache by regenerate.
[2026-04-20T23:54:42.505] [DEBUG] debug-file - Update task entry:default@SyscapTransform input file:D:\DevEco Studio\sdk\default\openharmony\ets\api\device-define cache by regenerate.
[2026-04-20T23:54:42.507] [DEBUG] debug-file - Update task entry:default@SyscapTransform output file:D:\harmonyos_code\ljh25307105\entry\build\default\intermediates\syscap\default\rpcid.sc cache.
[2026-04-20T23:54:42.507] [DEBUG] debug-file - Incremental task entry:default@SyscapTransform post-execution cost:3 ms .
[2026-04-20T23:54:42.507] [DEBUG] debug-file - There is no need to refresh cache, since the incremental task entry:default@ProcessProfile is up-to-date.
[2026-04-20T23:54:42.507] [DEBUG] debug-file - There is no need to refresh cache, since the incremental task entry:default@ProcessRouterMap is up-to-date.
[2026-04-20T23:54:42.507] [DEBUG] debug-file - There is no need to refresh cache, since the incremental task entry:default@ProcessShareConfig is up-to-date.
[2026-04-20T23:54:42.507] [DEBUG] debug-file - Update task entry:default@ProcessStartupConfig output file:D:\harmonyos_code\ljh25307105\entry\build\default\intermediates\startup\default\startup_config.json cache.
[2026-04-20T23:54:42.507] [DEBUG] debug-file - Incremental task entry:default@ProcessStartupConfig post-execution cost:1 ms .
[2026-04-20T23:54:42.508] [DEBUG] debug-file - There is no need to refresh cache, since the incremental task entry:default@ProcessResource is up-to-date.
[2026-04-20T23:54:42.508] [DEBUG] debug-file - There is no need to refresh cache, since the incremental task entry:default@GenerateLoaderJson is up-to-date.
[2026-04-20T23:54:42.508] [DEBUG] debug-file - There is no need to refresh cache, since the incremental task entry:default@ProcessLibs is up-to-date.
[2026-04-20T23:54:42.508] [DEBUG] debug-file - There is no need to refresh cache, since the incremental task entry:default@CompileResource is up-to-date.
[2026-04-20T23:54:42.508] [DEBUG] debug-file - There is no need to refresh cache, since the incremental task entry:default@DoNativeStrip is up-to-date.
[2026-04-20T23:54:42.510] [DEBUG] debug-file - Update task entry:default@CompileArkTS input file:D:\harmonyos_code\ljh25307105\entry\build\default\intermediates\loader\default cache by regenerate.
[2026-04-20T23:54:42.511] [DEBUG] debug-file - Update task entry:default@CompileArkTS input file:D:\harmonyos_code\ljh25307105\entry\build\default\intermediates\res\default\ResourceTable.txt cache by regenerate.
[2026-04-20T23:54:42.511] [DEBUG] debug-file - Update task entry:default@CompileArkTS input file:D:\harmonyos_code\ljh25307105\entry\build\default\intermediates\res\default\ark_module.json cache by regenerate.
[2026-04-20T23:54:42.511] [DEBUG] debug-file - Update task entry:default@CompileArkTS input file:D:\harmonyos_code\ljh25307105\entry\build\default\intermediates\res\default\resources\base\profile cache by regenerate.
[2026-04-20T23:54:42.512] [DEBUG] debug-file - Update task entry:default@CompileArkTS input file:D:\harmonyos_code\ljh25307105\entry\src\main\ets cache from map.
[2026-04-20T23:54:42.512] [DEBUG] debug-file - Update task entry:default@CompileArkTS input file:D:\harmonyos_code\ljh25307105\entry\build\default\generated\profile\default\BuildProfile.ets cache by regenerate.
[2026-04-20T23:54:42.512] [DEBUG] debug-file - Update task entry:default@CompileArkTS output file:D:\harmonyos_code\ljh25307105\entry\build\default\intermediates\loader_out\default\ets cache.
[2026-04-20T23:54:42.513] [DEBUG] debug-file - Incremental task entry:default@CompileArkTS post-execution cost:5 ms .
[2026-04-20T23:54:42.514] [DEBUG] debug-file - Update task entry:default@BuildJS input file:D:\harmonyos_code\ljh25307105\entry\build\default\intermediates\loader\default cache by regenerate.
[2026-04-20T23:54:42.515] [DEBUG] debug-file - Update task entry:default@BuildJS input file:D:\harmonyos_code\ljh25307105\entry\build\default\intermediates\res\default\ResourceTable.txt cache by regenerate.
[2026-04-20T23:54:42.515] [DEBUG] debug-file - Update task entry:default@BuildJS input file:D:\harmonyos_code\ljh25307105\entry\build\default\intermediates\res\default\ark_module.json cache by regenerate.
[2026-04-20T23:54:42.515] [DEBUG] debug-file - Update task entry:default@BuildJS input file:D:\harmonyos_code\ljh25307105\entry\build\default\intermediates\res\default\resources\base\profile cache by regenerate.
[2026-04-20T23:54:42.516] [DEBUG] debug-file - Update task entry:default@BuildJS output file:D:\harmonyos_code\ljh25307105\entry\build\default\intermediates\loader_out\default\js cache.
[2026-04-20T23:54:42.516] [DEBUG] debug-file - Incremental task entry:default@BuildJS post-execution cost:4 ms .
[2026-04-20T23:54:42.516] [DEBUG] debug-file - There is no need to refresh cache, since the incremental task entry:default@CacheNativeLibs is up-to-date.
[2026-04-20T23:54:42.516] [DEBUG] debug-file - There is no need to refresh cache, since the incremental task entry:default@GeneratePkgModuleJson is up-to-date.
[2026-04-20T23:54:42.517] [DEBUG] debug-file - Incremental task entry:default@ProcessCompiledResources post-execution cost:1 ms .
[2026-04-20T23:54:42.518] [DEBUG] debug-file - Update task entry:default@PackageHap input file:D:\harmonyos_code\ljh25307105\entry\build\default\intermediates\stripped_native_libs\default cache by regenerate.
[2026-04-20T23:54:42.518] [DEBUG] debug-file - Update task entry:default@PackageHap input file:D:\harmonyos_code\ljh25307105\entry\build\default\intermediates\res\default\module.json cache by regenerate.
[2026-04-20T23:54:42.519] [DEBUG] debug-file - Update task entry:default@PackageHap input file:D:\harmonyos_code\ljh25307105\entry\build\default\intermediates\res\default\resources cache by regenerate.
[2026-04-20T23:54:42.524] [DEBUG] debug-file - Update task entry:default@PackageHap input file:D:\harmonyos_code\ljh25307105\entry\build\default\intermediates\res\default\resources.index cache by regenerate.
[2026-04-20T23:54:42.524] [DEBUG] debug-file - Update task entry:default@PackageHap input file:D:\harmonyos_code\ljh25307105\entry\build\default\outputs\default\pack.info cache by regenerate.
[2026-04-20T23:54:42.525] [DEBUG] debug-file - Update task entry:default@PackageHap input file:D:\harmonyos_code\ljh25307105\entry\build\default\intermediates\loader_out\default\ets cache from map.
[2026-04-20T23:54:42.525] [DEBUG] debug-file - Update task entry:default@PackageHap input file:D:\harmonyos_code\ljh25307105\entry\build\default\intermediates\loader\default\pkgSdkInfo.json cache by regenerate.
[2026-04-20T23:54:42.525] [DEBUG] debug-file - Update task entry:default@PackageHap input file:D:\harmonyos_code\ljh25307105\entry\build\default\intermediates\loader_out\default\ets\sourceMaps.map cache by regenerate.
[2026-04-20T23:54:42.525] [DEBUG] debug-file - Update task entry:default@PackageHap input file:D:\harmonyos_code\ljh25307105\entry\build\default\generated\profile\default\BuildProfile.ets cache by regenerate.
[2026-04-20T23:54:42.526] [DEBUG] debug-file - Update task entry:default@PackageHap output file:D:\harmonyos_code\ljh25307105\entry\build\default\outputs\default\entry-default-unsigned.hap cache.
[2026-04-20T23:54:42.526] [DEBUG] debug-file - Update task entry:default@PackageHap output file:D:\harmonyos_code\ljh25307105\entry\build\default\intermediates\source_map\default\sourceMaps.map cache.
[2026-04-20T23:54:42.526] [DEBUG] debug-file - Update task entry:default@PackageHap output file:D:\harmonyos_code\ljh25307105\entry\build\default\outputs\default\mapping\sourceMaps.map cache.
[2026-04-20T23:54:42.526] [DEBUG] debug-file - Incremental task entry:default@PackageHap post-execution cost:10 ms .
[2026-04-20T23:54:42.527] [DEBUG] debug-file - Update task entry:default@SignHap input file:D:\harmonyos_code\ljh25307105\entry\build\default\outputs\default\entry-default-unsigned.hap cache from map.
[2026-04-20T23:54:42.527] [DEBUG] debug-file - Update task entry:default@SignHap output file:D:\harmonyos_code\ljh25307105\entry\build\default\outputs\default\entry-default-signed.hap cache.
[2026-04-20T23:54:42.527] [DEBUG] debug-file - Incremental task entry:default@SignHap post-execution cost:1 ms .
[2026-04-20T23:54:42.528] [DEBUG] debug-file - Update task entry:default@CollectDebugSymbol input file:D:\harmonyos_code\ljh25307105\entry\build\default\intermediates\loader_out\default\ets\sourceMaps.map cache by regenerate.
[2026-04-20T23:54:42.528] [DEBUG] debug-file - Update task entry:default@CollectDebugSymbol input file:D:\harmonyos_code\ljh25307105\entry\build\default\intermediates\libs\default cache by regenerate.
[2026-04-20T23:54:42.528] [DEBUG] debug-file - Update task entry:default@CollectDebugSymbol output file:D:\harmonyos_code\ljh25307105\entry\build\default\outputs\default\symbol cache.
[2026-04-20T23:54:42.528] [DEBUG] debug-file - Incremental task entry:default@CollectDebugSymbol post-execution cost:2 ms .
[2026-04-20T23:54:42.563] [DEBUG] debug-file - Cleanup worker 30.
[2026-04-20T23:54:42.564] [DEBUG] debug-file - Worker 30 has been cleaned up.
[2026-04-20T23:54:42.564] [DEBUG] debug-file - Current idle worker size: 1.
[2026-04-20T23:54:42.564] [DEBUG] debug-file - Current resident worker size: 2.
[2026-04-20T23:54:42.565] [DEBUG] debug-file - hvigor build process will be closed.
[2026-04-20T23:54:42.568] [DEBUG] debug-file - session manager: send message to worker process.
[2026-04-20T23:54:42.568] [DEBUG] debug-file - session manager: send message to worker process.
[2026-04-20T23:54:42.568] [DEBUG] debug-file - watch worker: worker id should be larger than 0. Nothing will be sent to any worker thread.
[2026-04-20T23:54:42.568] [DEBUG] debug-file - watch worker: worker id should be larger than 0. Nothing will be sent to any worker thread.
[2026-04-20T23:54:42.581] [DEBUG] debug-file - worker[30] exits with exit code 1.
[2026-04-20T23:55:51.544] [DEBUG] debug-file - session manager: set active socket. socketId=N58JYZf0EfSsjcGwAAAV
[2026-04-20T23:55:51.549] [DEBUG] debug-file - watch worker: worker id should be larger than 0. Nothing will be sent to any worker thread.
[2026-04-20T23:55:51.555] [DEBUG] debug-file - Workers' log level updated to INFO
[2026-04-20T23:55:51.559] [DEBUG] debug-file - Hvigor init with startParameters:{
  hvigorfileTypeCheck: false,
  parallelExecution: true,
  incrementalExecution: true,
  printStackTrace: false,
  daemon: true,
  analyze: 0,
  logLevel: Level { level: 20000, levelStr: 'INFO', colour: 'green' },
  optimizationStrategy: 'memory',
  hotCompile: undefined,
  hotReloadBuild: undefined,
  customizedParam: undefined
}
[2026-04-20T23:55:51.566] [DEBUG] debug-file - Cache service initialization finished in 7 ms 
[2026-04-20T23:55:51.568] [DEBUG] debug-file - hvigorfile, resolving D:\harmonyos_code\ljh25307105\hvigorfile.ts
[2026-04-20T23:55:51.578] [DEBUG] debug-file - hvigorfile, require result:  {}
[2026-04-20T23:55:51.578] [DEBUG] debug-file - hvigorfile, binding system plugins {}
[2026-04-20T23:55:51.578] [DEBUG] debug-file - Starting plugin build process
[2026-04-20T23:55:51.578] [DEBUG] debug-file - App plugin prepare start...
[2026-04-20T23:55:51.579] [DEBUG] debug-file - App plugin prepare end...
[2026-04-20T23:55:51.579] [DEBUG] debug-file - App plugin creating...
[2026-04-20T23:55:51.588] [DEBUG] debug-file - App plugin register hook start...
[2026-04-20T23:55:51.588] [DEBUG] debug-file - App plugin register hook end...
[2026-04-20T23:55:51.588] [DEBUG] debug-file - Plugin build process completed
[2026-04-20T23:55:51.589] [DEBUG] debug-file - Start initialize project's product build option map with build mode debug.
[2026-04-20T23:55:51.589] [DEBUG] debug-file - Picking option from product 'default' with build mode 'debug'.
[2026-04-20T23:55:51.589] [DEBUG] debug-file - Product 'default' build option initialized
[2026-04-20T23:55:51.590] [DEBUG] debug-file - End initialize project's product build option map with build mode 'debug'.
[2026-04-20T23:55:51.591] [DEBUG] debug-file - Obtain build option for product 'default'in this build.
[2026-04-20T23:55:51.593] [DEBUG] debug-file - No signingConfig found, initRemoteHspCache failed.
[2026-04-20T23:55:51.597] [DEBUG] debug-file - Start recording SDK configuration permission data.
[2026-04-20T23:55:51.642] [DEBUG] debug-file - Sdk init in 49 ms 
[2026-04-20T23:55:51.648] [DEBUG] debug-file - Project task initialization takes 5 ms 
[2026-04-20T23:55:51.648] [DEBUG] debug-file - hvigorfile, resolve finished D:\harmonyos_code\ljh25307105\hvigorfile.ts
[2026-04-20T23:55:51.648] [DEBUG] debug-file - hvigorfile, resolving D:\harmonyos_code\ljh25307105\entry\hvigorfile.ts
[2026-04-20T23:55:51.652] [DEBUG] debug-file - hvigorfile, require result:  {}
[2026-04-20T23:55:51.652] [DEBUG] debug-file - hvigorfile, binding system plugins {}
[2026-04-20T23:55:51.653] [DEBUG] debug-file - Starting plugin build process
[2026-04-20T23:55:51.653] [DEBUG] debug-file - Hap plugin creating...
[2026-04-20T23:55:51.655] [DEBUG] debug-file - failed to load cangjie to dynamically generate schemas: Error: Cannot find module '@ohos/cangjie-build-support/index'
Require stack:
- D:\DevEco Studio\tools\hvigor\hvigor-ohos-plugin\src\plugin\hooks\cangjie-register.js
- D:\DevEco Studio\tools\hvigor\hvigor-ohos-plugin\src\plugin\strategy\stage-init-strategy.js
- D:\DevEco Studio\tools\hvigor\hvigor-ohos-plugin\src\plugin\builder\abstract-plugin-builder.js
- D:\DevEco Studio\tools\hvigor\hvigor-ohos-plugin\src\plugin\builder\app-plugin-builder.js
- D:\DevEco Studio\tools\hvigor\hvigor-ohos-plugin\src\plugin\factory\plugin-factory.js
- D:\DevEco Studio\tools\hvigor\hvigor-ohos-plugin\index.js
- D:\harmonyos_code\ljh25307105\hvigorfile.ts
- D:\DevEco Studio\tools\hvigor\hvigor\src\base\internal\lifecycle\configuration.js
- D:\DevEco Studio\tools\hvigor\hvigor\src\base\boot\index.js
- D:\DevEco Studio\tools\hvigor\hvigor\src\base\daemon\cluster\worker-process-lifecycle.js
- D:\DevEco Studio\tools\hvigor\hvigor\src\base\daemon\process\daemon-process-boot-script.js
[2026-04-20T23:55:51.657] [DEBUG] debug-file - Start initialize module-target build option map, moduleName=entry, buildMode=release
[2026-04-20T23:55:51.657] [DEBUG] debug-file - Target 'default' config initialized
[2026-04-20T23:55:51.658] [DEBUG] debug-file - Module 'entry' target 'default' build option initialized
[2026-04-20T23:55:51.658] [DEBUG] debug-file - End initialize module-target build option map, moduleName=entry
[2026-04-20T23:55:51.658] [DEBUG] debug-file - Start initialize module-target build option map, moduleName=entry, buildMode=debug
[2026-04-20T23:55:51.658] [DEBUG] debug-file - Target 'default' config initialized
[2026-04-20T23:55:51.658] [DEBUG] debug-file - Module 'entry' target 'default' build option initialized
[2026-04-20T23:55:51.658] [DEBUG] debug-file - End initialize module-target build option map, moduleName=entry
[2026-04-20T23:55:51.658] [DEBUG] debug-file - Start initialize module-target build option map, moduleName=entry, buildMode=debug
[2026-04-20T23:55:51.658] [DEBUG] debug-file - Target 'default' config initialized
[2026-04-20T23:55:51.660] [DEBUG] debug-file - Module 'entry' target 'default' build option initialized
[2026-04-20T23:55:51.660] [DEBUG] debug-file - End initialize module-target build option map, moduleName=entry
[2026-04-20T23:55:51.660] [DEBUG] debug-file - Obtain build option for module 'entry' target 'default'in this build.
[2026-04-20T23:55:51.664] [DEBUG] debug-file - Module entry task initialization takes 3 ms 
[2026-04-20T23:55:51.664] [DEBUG] debug-file - Hap plugin register hook start...
[2026-04-20T23:55:51.664] [DEBUG] debug-file - Hap plugin register hook end...
[2026-04-20T23:55:51.664] [DEBUG] debug-file - Plugin build process completed
[2026-04-20T23:55:51.664] [DEBUG] debug-file - hvigorfile, resolve finished D:\harmonyos_code\ljh25307105\entry\hvigorfile.ts
[2026-04-20T23:55:51.710] [DEBUG] debug-file - hvigorfile, resolve hvigorfile dependencies in 45 ms 
[2026-04-20T23:55:51.711] [DEBUG] debug-file - project has submodules:entry
[2026-04-20T23:55:51.712] [DEBUG] debug-file - start to load updatedOhPackageInfo to the disk
[2026-04-20T23:55:51.715] [DEBUG] debug-file - load to the disk finished
[2026-04-20T23:55:51.716] [DEBUG] debug-file - Start to initialize dependency information.
[2026-04-20T23:55:51.717] [DEBUG] debug-file - Module ljh25307105 Collected Dependency: 
[2026-04-20T23:55:51.718] [DEBUG] debug-file - Module ljh25307105's total dependency: 0
[2026-04-20T23:55:51.719] [DEBUG] debug-file - Start to initialize dependency information.
[2026-04-20T23:55:51.721] [DEBUG] debug-file - Module entry Collected Dependency: 
[2026-04-20T23:55:51.721] [DEBUG] debug-file - Module entry's total dependency: 0
[2026-04-20T23:55:51.723] [DEBUG] debug-file - Configuration phase cost:157 ms 
[2026-04-20T23:55:51.725] [DEBUG] debug-file - Configuration task cost before running: 170 ms 
[2026-04-20T23:55:51.729] [DEBUG] debug-file - Executing task :entry:default@PreBuild
[2026-04-20T23:55:51.730] [DEBUG] debug-file - Task 'entry:default@PreBuild' cost while wrapping incremental declarations: 1 ms 
[2026-04-20T23:55:51.739] [DEBUG] debug-file - entry:default@PreBuild is not up-to-date, since the task snapshots are different.
[2026-04-20T23:55:51.740] [DEBUG] debug-file - Incremental task entry:default@PreBuild pre-execution cost: 7 ms .
[2026-04-20T23:55:51.744] [DEBUG] debug-file - current product is not Atomic service.
[2026-04-20T23:55:51.744] [DEBUG] debug-file - Use tool [win32: JAVA_HOME, CLASSPATH]
 [ { JAVA_HOME: 'D:\\DevEco Studio\\jbr' }, { CLASSPATH: undefined } ]
[2026-04-20T23:55:51.744] [DEBUG] debug-file - Use tool [win32: NODE_HOME]
 [ { NODE_HOME: 'D:/DevEco Studio/tools/node' } ]
[2026-04-20T23:55:51.744] [DEBUG] debug-file - entry : default@PreBuild cost memory 0.4844970703125
[2026-04-20T23:55:51.744] [DEBUG] debug-file - runTaskFromQueue task cost before running: 189 ms 
[2026-04-20T23:55:51.745] [INFO] debug-file - Finished :entry:default@PreBuild... after 15 ms 
[2026-04-20T23:55:51.746] [DEBUG] debug-file - Executing task :entry:default@CreateModuleInfo
[2026-04-20T23:55:51.746] [DEBUG] debug-file - Task 'entry:default@CreateModuleInfo' cost while wrapping incremental declarations: 1 ms 
[2026-04-20T23:55:51.746] [DEBUG] debug-file - entry : default@CreateModuleInfo cost memory 0.03954315185546875
[2026-04-20T23:55:51.747] [DEBUG] debug-file - runTaskFromQueue task cost before running: 192 ms 
[2026-04-20T23:55:51.747] [INFO] debug-file - Finished :entry:default@CreateModuleInfo... after 1 ms 
[2026-04-20T23:55:51.747] [DEBUG] debug-file - Executing task :entry:default@GenerateMetadata
[2026-04-20T23:55:51.749] [DEBUG] debug-file - Task 'entry:default@GenerateMetadata' cost while wrapping incremental declarations: 2 ms 
[2026-04-20T23:55:51.750] [DEBUG] debug-file - Incremental task entry:default@GenerateMetadata pre-execution cost: 2 ms .
[2026-04-20T23:55:51.750] [DEBUG] debug-file - entry : default@GenerateMetadata cost memory 0.08617401123046875
[2026-04-20T23:55:51.750] [INFO] debug-file - UP-TO-DATE :entry:default@GenerateMetadata...  
[2026-04-20T23:55:51.751] [DEBUG] debug-file - Executing task :entry:default@ConfigureCmake
[2026-04-20T23:55:51.751] [DEBUG] debug-file - entry : default@ConfigureCmake cost memory 0.01410675048828125
[2026-04-20T23:55:51.752] [DEBUG] debug-file - runTaskFromQueue task cost before running: 197 ms 
[2026-04-20T23:55:51.752] [INFO] debug-file - Finished :entry:default@ConfigureCmake... after 1 ms 
[2026-04-20T23:55:51.753] [DEBUG] debug-file - Executing task :entry:default@MergeProfile
[2026-04-20T23:55:51.753] [DEBUG] debug-file - Task 'entry:default@MergeProfile' cost while wrapping incremental declarations: 1 ms 
[2026-04-20T23:55:51.756] [DEBUG] debug-file - Incremental task entry:default@MergeProfile pre-execution cost: 2 ms .
[2026-04-20T23:55:51.756] [DEBUG] debug-file - entry : default@MergeProfile cost memory 0.1183929443359375
[2026-04-20T23:55:51.756] [INFO] debug-file - UP-TO-DATE :entry:default@MergeProfile...  
[2026-04-20T23:55:51.757] [DEBUG] debug-file - Executing task :entry:default@CreateBuildProfile
[2026-04-20T23:55:51.758] [DEBUG] debug-file - Task 'entry:default@CreateBuildProfile' cost while wrapping incremental declarations: 1 ms 
[2026-04-20T23:55:51.759] [DEBUG] debug-file - Incremental task entry:default@CreateBuildProfile pre-execution cost: 2 ms .
[2026-04-20T23:55:51.760] [DEBUG] debug-file - entry : default@CreateBuildProfile cost memory -1.563751220703125
[2026-04-20T23:55:51.760] [INFO] debug-file - UP-TO-DATE :entry:default@CreateBuildProfile...  
[2026-04-20T23:55:51.761] [DEBUG] debug-file - Executing task :entry:default@PreCheckSyscap
[2026-04-20T23:55:51.761] [DEBUG] debug-file - entry : default@PreCheckSyscap cost memory 0.0143280029296875
[2026-04-20T23:55:51.762] [DEBUG] debug-file - runTaskFromQueue task cost before running: 207 ms 
[2026-04-20T23:55:51.762] [INFO] debug-file - Finished :entry:default@PreCheckSyscap... after 1 ms 
[2026-04-20T23:55:51.763] [DEBUG] debug-file - Executing task :entry:default@GeneratePkgContextInfo
[2026-04-20T23:55:51.767] [DEBUG] debug-file - Task 'entry:default@GeneratePkgContextInfo' cost while wrapping incremental declarations: 1 ms 
[2026-04-20T23:55:51.768] [DEBUG] debug-file - entry : default@GeneratePkgContextInfo cost memory 0.1489715576171875
[2026-04-20T23:55:51.768] [DEBUG] debug-file - runTaskFromQueue task cost before running: 213 ms 
[2026-04-20T23:55:51.768] [INFO] debug-file - Finished :entry:default@GeneratePkgContextInfo... after 5 ms 
[2026-04-20T23:55:51.769] [DEBUG] debug-file - Executing task :entry:default@GeneratePkgSdkInfo
[2026-04-20T23:55:51.771] [DEBUG] debug-file - Task 'entry:default@GeneratePkgSdkInfo' cost while wrapping incremental declarations: 1 ms 
[2026-04-20T23:55:51.772] [DEBUG] debug-file - Incremental task entry:default@GeneratePkgSdkInfo pre-execution cost: 1 ms .
[2026-04-20T23:55:51.772] [DEBUG] debug-file - entry : default@GeneratePkgSdkInfo cost memory 0.119415283203125
[2026-04-20T23:55:51.772] [INFO] debug-file - UP-TO-DATE :entry:default@GeneratePkgSdkInfo...  
[2026-04-20T23:55:51.775] [DEBUG] debug-file - Executing task :entry:default@ProcessIntegratedHsp
[2026-04-20T23:55:51.776] [DEBUG] debug-file - entry:default@ProcessIntegratedHsp is not up-to-date, since the output file 'D:\harmonyos_code\ljh25307105\build\cache\default\integrated_hsp\integratedHspCache.json' does not exist.
[2026-04-20T23:55:51.776] [DEBUG] debug-file - Incremental task entry:default@ProcessIntegratedHsp pre-execution cost: 1 ms .
[2026-04-20T23:55:51.776] [DEBUG] debug-file - entry : default@ProcessIntegratedHsp cost memory 0.05423736572265625
[2026-04-20T23:55:51.776] [DEBUG] debug-file - runTaskFromQueue task cost before running: 221 ms 
[2026-04-20T23:55:51.776] [INFO] debug-file - Finished :entry:default@ProcessIntegratedHsp... after 1 ms 
[2026-04-20T23:55:51.777] [DEBUG] debug-file - Executing task :entry:default@BuildNativeWithCmake
[2026-04-20T23:55:51.778] [DEBUG] debug-file - entry : default@BuildNativeWithCmake cost memory 0.01410675048828125
[2026-04-20T23:55:51.778] [DEBUG] debug-file - runTaskFromQueue task cost before running: 223 ms 
[2026-04-20T23:55:51.778] [INFO] debug-file - Finished :entry:default@BuildNativeWithCmake... after 1 ms 
[2026-04-20T23:55:51.779] [DEBUG] debug-file - Executing task :entry:default@MakePackInfo
[2026-04-20T23:55:51.781] [DEBUG] debug-file - Incremental task entry:default@MakePackInfo pre-execution cost: 2 ms .
[2026-04-20T23:55:51.781] [DEBUG] debug-file - entry : default@MakePackInfo cost memory 0.1002349853515625
[2026-04-20T23:55:51.782] [INFO] debug-file - UP-TO-DATE :entry:default@MakePackInfo...  
[2026-04-20T23:55:51.783] [DEBUG] debug-file - Executing task :entry:default@SyscapTransform
[2026-04-20T23:55:51.783] [DEBUG] debug-file - File: 'D:\harmonyos_code\ljh25307105\entry\src\main\syscap.json' from 'sysCapJsonPath' is not exists, just ignore.
[2026-04-20T23:55:51.784] [DEBUG] debug-file - Task 'entry:default@SyscapTransform' cost while wrapping incremental declarations: 1 ms 
[2026-04-20T23:55:51.786] [DEBUG] debug-file - entry:default@SyscapTransform is not up-to-date, since the output file 'D:\harmonyos_code\ljh25307105\entry\build\default\intermediates\syscap\default\rpcid.sc' does not exist.
[2026-04-20T23:55:51.786] [DEBUG] debug-file - Incremental task entry:default@SyscapTransform pre-execution cost: 3 ms .
[2026-04-20T23:55:51.786] [DEBUG] debug-file - entry : default@SyscapTransform cost memory 0.1419677734375
[2026-04-20T23:55:51.786] [DEBUG] debug-file - runTaskFromQueue task cost before running: 231 ms 
[2026-04-20T23:55:51.787] [INFO] debug-file - Finished :entry:default@SyscapTransform... after 4 ms 
[2026-04-20T23:55:51.788] [DEBUG] debug-file - Executing task :entry:default@ProcessProfile
[2026-04-20T23:55:51.788] [DEBUG] debug-file - Task 'entry:default@ProcessProfile' cost while wrapping incremental declarations: 1 ms 
[2026-04-20T23:55:51.789] [DEBUG] debug-file - Incremental task entry:default@ProcessProfile pre-execution cost: 1 ms .
[2026-04-20T23:55:51.789] [DEBUG] debug-file - entry : default@ProcessProfile cost memory 0.11647796630859375
[2026-04-20T23:55:51.790] [INFO] debug-file - UP-TO-DATE :entry:default@ProcessProfile...  
[2026-04-20T23:55:51.792] [DEBUG] debug-file - Executing task :entry:default@ProcessRouterMap
[2026-04-20T23:55:51.795] [DEBUG] debug-file - Incremental task entry:default@ProcessRouterMap pre-execution cost: 3 ms .
[2026-04-20T23:55:51.795] [DEBUG] debug-file - entry : default@ProcessRouterMap cost memory 0.12408447265625
[2026-04-20T23:55:51.795] [INFO] debug-file - UP-TO-DATE :entry:default@ProcessRouterMap...  
[2026-04-20T23:55:51.797] [DEBUG] debug-file - Executing task :entry:default@ProcessShareConfig
[2026-04-20T23:55:51.799] [DEBUG] debug-file - Incremental task entry:default@ProcessShareConfig pre-execution cost: 3 ms .
[2026-04-20T23:55:51.800] [DEBUG] debug-file - entry : default@ProcessShareConfig cost memory 0.10272216796875
[2026-04-20T23:55:51.800] [INFO] debug-file - UP-TO-DATE :entry:default@ProcessShareConfig...  
[2026-04-20T23:55:51.801] [DEBUG] debug-file - Executing task :entry:default@ProcessStartupConfig
[2026-04-20T23:55:51.801] [DEBUG] debug-file - Task 'entry:default@ProcessStartupConfig' cost while wrapping incremental declarations: 1 ms 
[2026-04-20T23:55:51.802] [DEBUG] debug-file - entry:default@ProcessStartupConfig is not up-to-date, since the output file 'D:\harmonyos_code\ljh25307105\entry\build\default\intermediates\startup\default\startup_config.json' does not exist.
[2026-04-20T23:55:51.802] [DEBUG] debug-file - Incremental task entry:default@ProcessStartupConfig pre-execution cost: 1 ms .
[2026-04-20T23:55:51.802] [DEBUG] debug-file - entry : default@ProcessStartupConfig cost memory 0.08855438232421875
[2026-04-20T23:55:51.802] [DEBUG] debug-file - runTaskFromQueue task cost before running: 247 ms 
[2026-04-20T23:55:51.803] [INFO] debug-file - Finished :entry:default@ProcessStartupConfig... after 2 ms 
[2026-04-20T23:55:51.804] [DEBUG] debug-file - Executing task :entry:default@BuildNativeWithNinja
[2026-04-20T23:55:51.804] [DEBUG] debug-file - entry : default@BuildNativeWithNinja cost memory 0.019866943359375
[2026-04-20T23:55:51.804] [DEBUG] debug-file - runTaskFromQueue task cost before running: 249 ms 
[2026-04-20T23:55:51.804] [INFO] debug-file - Finished :entry:default@BuildNativeWithNinja... after 1 ms 
[2026-04-20T23:55:51.806] [DEBUG] debug-file - restool module names: entry; moduleName=entry, taskName=default@ProcessResource
[2026-04-20T23:55:51.807] [DEBUG] debug-file - Executing task :entry:default@ProcessResource
[2026-04-20T23:55:51.807] [DEBUG] debug-file - Task 'entry:default@ProcessResource' cost while wrapping incremental declarations: 1 ms 
[2026-04-20T23:55:51.808] [DEBUG] debug-file - Incremental task entry:default@ProcessResource pre-execution cost: 1 ms .
[2026-04-20T23:55:51.808] [DEBUG] debug-file - entry : default@ProcessResource cost memory 0.1304168701171875
[2026-04-20T23:55:51.810] [INFO] debug-file - UP-TO-DATE :entry:default@ProcessResource...  
[2026-04-20T23:55:51.812] [DEBUG] debug-file - Executing task :entry:default@GenerateLoaderJson
[2026-04-20T23:55:51.813] [DEBUG] debug-file - Task 'entry:default@GenerateLoaderJson' cost while wrapping incremental declarations: 1 ms 
[2026-04-20T23:55:51.822] [DEBUG] debug-file - Incremental task entry:default@GenerateLoaderJson pre-execution cost: 6 ms .
[2026-04-20T23:55:51.822] [DEBUG] debug-file - entry : default@GenerateLoaderJson cost memory 0.41674041748046875
[2026-04-20T23:55:51.827] [INFO] debug-file - UP-TO-DATE :entry:default@GenerateLoaderJson...  
[2026-04-20T23:55:51.828] [DEBUG] debug-file - Executing task :entry:default@ProcessLibs
[2026-04-20T23:55:51.831] [DEBUG] debug-file - Incremental task entry:default@ProcessLibs pre-execution cost: 2 ms .
[2026-04-20T23:55:51.831] [DEBUG] debug-file - entry : default@ProcessLibs cost memory 0.0961761474609375
[2026-04-20T23:55:51.832] [INFO] debug-file - UP-TO-DATE :entry:default@ProcessLibs...  
[2026-04-20T23:55:51.833] [DEBUG] debug-file - restool module names: entry; moduleName=entry, taskName=default@CompileResource
[2026-04-20T23:55:51.834] [DEBUG] debug-file - Executing task :entry:default@CompileResource
[2026-04-20T23:55:51.856] [DEBUG] debug-file - Incremental task entry:default@CompileResource pre-execution cost: 22 ms .
[2026-04-20T23:55:51.857] [DEBUG] debug-file - entry : default@CompileResource cost memory 0.859527587890625
[2026-04-20T23:55:51.858] [INFO] debug-file - UP-TO-DATE :entry:default@CompileResource...  
[2026-04-20T23:55:51.860] [DEBUG] debug-file - Executing task :entry:default@DoNativeStrip
[2026-04-20T23:55:51.860] [DEBUG] debug-file - File: 'D:\harmonyos_code\ljh25307105\entry\build\default\intermediates\binxo\default' from 'doBinxoNativeLibs' is not exists, just ignore.
[2026-04-20T23:55:51.860] [DEBUG] debug-file - Task 'entry:default@DoNativeStrip' cost while wrapping incremental declarations: 1 ms 
[2026-04-20T23:55:51.861] [DEBUG] debug-file - Incremental task entry:default@DoNativeStrip pre-execution cost: 1 ms .
[2026-04-20T23:55:51.861] [DEBUG] debug-file - entry : default@DoNativeStrip cost memory 0.08910369873046875
[2026-04-20T23:55:51.862] [INFO] debug-file - UP-TO-DATE :entry:default@DoNativeStrip...  
[2026-04-20T23:55:51.863] [DEBUG] debug-file - Executing task :entry:default@CompileArkTS
[2026-04-20T23:55:51.863] [DEBUG] debug-file - obfuscationOptions: undefined
[2026-04-20T23:55:51.864] [DEBUG] debug-file - Task 'entry:default@CompileArkTS' cost while wrapping incremental declarations: 1 ms 
[2026-04-20T23:55:51.878] [DEBUG] debug-file - Incremental task entry:default@CompileArkTS pre-execution cost: 12 ms .
[2026-04-20T23:55:51.878] [DEBUG] debug-file - entry : default@CompileArkTS cost memory -1.1592025756835938
[2026-04-20T23:55:51.881] [INFO] debug-file - UP-TO-DATE :entry:default@CompileArkTS...  
[2026-04-20T23:55:51.882] [DEBUG] debug-file - Executing task :entry:default@BuildJS
[2026-04-20T23:55:51.882] [DEBUG] debug-file - Task 'entry:default@BuildJS' cost while wrapping incremental declarations: 1 ms 
[2026-04-20T23:55:51.885] [DEBUG] debug-file - entry : default@BuildJS cost memory 0.1380462646484375
[2026-04-20T23:55:51.885] [DEBUG] debug-file - runTaskFromQueue task cost before running: 330 ms 
[2026-04-20T23:55:51.885] [INFO] debug-file - Finished :entry:default@BuildJS... after 4 ms 
[2026-04-20T23:55:51.886] [DEBUG] debug-file - Executing task :entry:default@CacheNativeLibs
[2026-04-20T23:55:51.887] [DEBUG] debug-file - File: 'D:\harmonyos_code\ljh25307105\entry\build\default\intermediates\binxo\default' from 'cacheBinxoNativeLibs' is not exists, just ignore.
[2026-04-20T23:55:51.887] [DEBUG] debug-file - Task 'entry:default@CacheNativeLibs' cost while wrapping incremental declarations: 1 ms 
[2026-04-20T23:55:51.889] [DEBUG] debug-file - Incremental task entry:default@CacheNativeLibs pre-execution cost: 2 ms .
[2026-04-20T23:55:51.889] [DEBUG] debug-file - entry : default@CacheNativeLibs cost memory 0.117218017578125
[2026-04-20T23:55:51.889] [INFO] debug-file - UP-TO-DATE :entry:default@CacheNativeLibs...  
[2026-04-20T23:55:51.890] [DEBUG] debug-file - Executing task :entry:default@GeneratePkgModuleJson
[2026-04-20T23:55:51.890] [DEBUG] debug-file - File: 'D:\harmonyos_code\ljh25307105\entry\build\default\intermediates\preload\default\preload.json' from 'preloadSoJsonPath' is not exists, just ignore.
[2026-04-20T23:55:51.891] [DEBUG] debug-file - Error occurs while handling @Input 'shouldDeduplicateHar': The "data" argument must be of type string or an instance of Buffer, TypedArray, or DataView. Received undefined
[2026-04-20T23:55:51.891] [DEBUG] debug-file - Task 'entry:default@GeneratePkgModuleJson' cost while wrapping incremental declarations: 1 ms 
[2026-04-20T23:55:51.892] [DEBUG] debug-file - Incremental task entry:default@GeneratePkgModuleJson pre-execution cost: 1 ms .
[2026-04-20T23:55:51.892] [DEBUG] debug-file - entry : default@GeneratePkgModuleJson cost memory 0.09958648681640625
[2026-04-20T23:55:51.892] [INFO] debug-file - UP-TO-DATE :entry:default@GeneratePkgModuleJson...  
[2026-04-20T23:55:51.893] [DEBUG] debug-file - Executing task :entry:default@ProcessCompiledResources
[2026-04-20T23:55:51.893] [DEBUG] debug-file - File: 'D:\harmonyos_code\ljh25307105\entry\build\default\intermediates\preload\default\preload.json' from 'preloadSoJsonPath' is not exists, just ignore.
[2026-04-20T23:55:51.893] [DEBUG] debug-file - Task 'entry:default@ProcessCompiledResources' cost while wrapping incremental declarations: 1 ms 
[2026-04-20T23:55:51.894] [DEBUG] debug-file - entry : default@ProcessCompiledResources cost memory 0.05609893798828125
[2026-04-20T23:55:51.894] [DEBUG] debug-file - runTaskFromQueue task cost before running: 339 ms 
[2026-04-20T23:55:51.894] [INFO] debug-file - Finished :entry:default@ProcessCompiledResources... after 1 ms 
[2026-04-20T23:55:51.896] [DEBUG] debug-file - Executing task :entry:default@PackageHap
[2026-04-20T23:55:51.910] [DEBUG] debug-file - Incremental task entry:default@PackageHap pre-execution cost: 13 ms .
[2026-04-20T23:55:51.910] [DEBUG] debug-file - entry : default@PackageHap cost memory -1.1818618774414062
[2026-04-20T23:55:51.911] [INFO] debug-file - UP-TO-DATE :entry:default@PackageHap...  
[2026-04-20T23:55:51.912] [DEBUG] debug-file - Executing task :entry:default@PackingCheck
[2026-04-20T23:55:51.918] [DEBUG] debug-file - entry : default@PackingCheck cost memory 0.387908935546875
[2026-04-20T23:55:51.918] [DEBUG] debug-file - runTaskFromQueue task cost before running: 363 ms 
[2026-04-20T23:55:51.918] [INFO] debug-file - Finished :entry:default@PackingCheck... after 6 ms 
[2026-04-20T23:55:51.919] [DEBUG] debug-file - Executing task :entry:default@SignHap
[2026-04-20T23:55:51.920] [WARN] debug-file - Will skip sign 'hos_hap'. No signingConfigs profile is configured in current project.
             If needed, configure the signingConfigs in D:\harmonyos_code\ljh25307105\build-profile.json5.
[2026-04-20T23:55:51.921] [DEBUG] debug-file - entry:default@SignHap is not up-to-date, since the output file 'D:\harmonyos_code\ljh25307105\entry\build\default\outputs\default\entry-default-signed.hap' does not exist.
[2026-04-20T23:55:51.921] [DEBUG] debug-file - Incremental task entry:default@SignHap pre-execution cost: 1 ms .
[2026-04-20T23:55:51.921] [DEBUG] debug-file - entry : default@SignHap cost memory 0.08719635009765625
[2026-04-20T23:55:51.921] [DEBUG] debug-file - runTaskFromQueue task cost before running: 366 ms 
[2026-04-20T23:55:51.922] [INFO] debug-file - Finished :entry:default@SignHap... after 3 ms 
[2026-04-20T23:55:51.923] [DEBUG] debug-file - Executing task :entry:default@CollectDebugSymbol
[2026-04-20T23:55:51.924] [DEBUG] debug-file - entry : default@CollectDebugSymbol cost memory 0.082977294921875
[2026-04-20T23:55:51.924] [DEBUG] debug-file - runTaskFromQueue task cost before running: 369 ms 
[2026-04-20T23:55:51.924] [INFO] debug-file - Finished :entry:default@CollectDebugSymbol... after 2 ms 
[2026-04-20T23:55:51.924] [DEBUG] debug-file - Executing task :entry:assembleHap
[2026-04-20T23:55:51.925] [DEBUG] debug-file - entry : assembleHap cost memory 0.01221466064453125
[2026-04-20T23:55:51.925] [DEBUG] debug-file - runTaskFromQueue task cost before running: 370 ms 
[2026-04-20T23:55:51.925] [INFO] debug-file - Finished :entry:assembleHap... after 1 ms 
[2026-04-20T23:55:51.938] [INFO] debug-file - BUILD SUCCESSFUL in 383 ms 
[2026-04-20T23:55:51.940] [DEBUG] debug-file - Update task entry:default@PreBuild input file:D:\harmonyos_code\ljh25307105\AppScope\app.json5 cache by regenerate.
[2026-04-20T23:55:51.940] [DEBUG] debug-file - Update task entry:default@PreBuild input file:D:\harmonyos_code\ljh25307105\entry\src\main\module.json5 cache by regenerate.
[2026-04-20T23:55:51.941] [DEBUG] debug-file - Update task entry:default@PreBuild input file:D:\harmonyos_code\ljh25307105\build-profile.json5 cache by regenerate.
[2026-04-20T23:55:51.941] [DEBUG] debug-file - Update task entry:default@PreBuild input file:D:\harmonyos_code\ljh25307105\entry\build-profile.json5 cache by regenerate.
[2026-04-20T23:55:51.941] [DEBUG] debug-file - Update task entry:default@PreBuild input file:D:\harmonyos_code\ljh25307105\entry\src\main\resources\base\profile\main_pages.json cache by regenerate.
[2026-04-20T23:55:51.941] [DEBUG] debug-file - Update task entry:default@PreBuild input file:D:\harmonyos_code\ljh25307105\hvigor\hvigor-config.json5 cache by regenerate.
[2026-04-20T23:55:51.942] [DEBUG] debug-file - Update task entry:default@PreBuild input file:D:\harmonyos_code\ljh25307105\entry\oh-package.json5 cache by regenerate.
[2026-04-20T23:55:51.942] [DEBUG] debug-file - Update task entry:default@PreBuild input file:D:\harmonyos_code\ljh25307105\oh-package.json5 cache by regenerate.
[2026-04-20T23:55:51.942] [DEBUG] debug-file - Incremental task entry:default@PreBuild post-execution cost:4 ms .
[2026-04-20T23:55:51.942] [DEBUG] debug-file - Update task entry:default@CreateModuleInfo output file:D:\harmonyos_code\ljh25307105\entry\build\default\generated\profile\default\ModuleInfo.ts cache.
[2026-04-20T23:55:51.942] [DEBUG] debug-file - Incremental task entry:default@CreateModuleInfo post-execution cost:1 ms .
[2026-04-20T23:55:51.943] [DEBUG] debug-file - There is no need to refresh cache, since the incremental task entry:default@GenerateMetadata is up-to-date.
[2026-04-20T23:55:51.943] [DEBUG] debug-file - There is no need to refresh cache, since the incremental task entry:default@MergeProfile is up-to-date.
[2026-04-20T23:55:51.943] [DEBUG] debug-file - There is no need to refresh cache, since the incremental task entry:default@CreateBuildProfile is up-to-date.
[2026-04-20T23:55:51.943] [DEBUG] debug-file - Update task entry:default@GeneratePkgContextInfo output file:D:\harmonyos_code\ljh25307105\entry\build\default\intermediates\loader\default\pkgContextInfo.json cache.
[2026-04-20T23:55:51.943] [DEBUG] debug-file - Incremental task entry:default@GeneratePkgContextInfo post-execution cost:1 ms .
[2026-04-20T23:55:51.943] [DEBUG] debug-file - There is no need to refresh cache, since the incremental task entry:default@GeneratePkgSdkInfo is up-to-date.
[2026-04-20T23:55:51.943] [DEBUG] debug-file - Update task entry:default@ProcessIntegratedHsp output file:D:\harmonyos_code\ljh25307105\build\cache\default\integrated_hsp\integratedHspCache.json cache.
[2026-04-20T23:55:51.943] [DEBUG] debug-file - Incremental task entry:default@ProcessIntegratedHsp post-execution cost:1 ms .
[2026-04-20T23:55:51.943] [DEBUG] debug-file - There is no need to refresh cache, since the incremental task entry:default@MakePackInfo is up-to-date.
[2026-04-20T23:55:51.943] [DEBUG] debug-file - Update task entry:default@SyscapTransform input file:D:\DevEco Studio\sdk\default\openharmony\toolchains\syscap_tool.exe cache by regenerate.
[2026-04-20T23:55:51.944] [DEBUG] debug-file - Update task entry:default@SyscapTransform input file:D:\DevEco Studio\sdk\default\openharmony\ets\api\device-define cache by regenerate.
[2026-04-20T23:55:51.945] [DEBUG] debug-file - Update task entry:default@SyscapTransform output file:D:\harmonyos_code\ljh25307105\entry\build\default\intermediates\syscap\default\rpcid.sc cache.
[2026-04-20T23:55:51.945] [DEBUG] debug-file - Incremental task entry:default@SyscapTransform post-execution cost:2 ms .
[2026-04-20T23:55:51.945] [DEBUG] debug-file - There is no need to refresh cache, since the incremental task entry:default@ProcessProfile is up-to-date.
[2026-04-20T23:55:51.945] [DEBUG] debug-file - There is no need to refresh cache, since the incremental task entry:default@ProcessRouterMap is up-to-date.
[2026-04-20T23:55:51.945] [DEBUG] debug-file - There is no need to refresh cache, since the incremental task entry:default@ProcessShareConfig is up-to-date.
[2026-04-20T23:55:51.946] [DEBUG] debug-file - Update task entry:default@ProcessStartupConfig output file:D:\harmonyos_code\ljh25307105\entry\build\default\intermediates\startup\default\startup_config.json cache.
[2026-04-20T23:55:51.946] [DEBUG] debug-file - Incremental task entry:default@ProcessStartupConfig post-execution cost:1 ms .
[2026-04-20T23:55:51.946] [DEBUG] debug-file - There is no need to refresh cache, since the incremental task entry:default@ProcessResource is up-to-date.
[2026-04-20T23:55:51.946] [DEBUG] debug-file - There is no need to refresh cache, since the incremental task entry:default@GenerateLoaderJson is up-to-date.
[2026-04-20T23:55:51.946] [DEBUG] debug-file - There is no need to refresh cache, since the incremental task entry:default@ProcessLibs is up-to-date.
[2026-04-20T23:55:51.946] [DEBUG] debug-file - There is no need to refresh cache, since the incremental task entry:default@CompileResource is up-to-date.
[2026-04-20T23:55:51.946] [DEBUG] debug-file - There is no need to refresh cache, since the incremental task entry:default@DoNativeStrip is up-to-date.
[2026-04-20T23:55:51.946] [DEBUG] debug-file - There is no need to refresh cache, since the incremental task entry:default@CompileArkTS is up-to-date.
[2026-04-20T23:55:51.948] [DEBUG] debug-file - Update task entry:default@BuildJS input file:D:\harmonyos_code\ljh25307105\entry\build\default\intermediates\loader\default cache by regenerate.
[2026-04-20T23:55:51.949] [DEBUG] debug-file - Update task entry:default@BuildJS input file:D:\harmonyos_code\ljh25307105\entry\build\default\intermediates\res\default\ResourceTable.txt cache by regenerate.
[2026-04-20T23:55:51.950] [DEBUG] debug-file - Update task entry:default@BuildJS input file:D:\harmonyos_code\ljh25307105\entry\build\default\intermediates\res\default\ark_module.json cache by regenerate.
[2026-04-20T23:55:51.950] [DEBUG] debug-file - Update task entry:default@BuildJS input file:D:\harmonyos_code\ljh25307105\entry\build\default\intermediates\res\default\resources\base\profile cache by regenerate.
[2026-04-20T23:55:51.951] [DEBUG] debug-file - Update task entry:default@BuildJS output file:D:\harmonyos_code\ljh25307105\entry\build\default\intermediates\loader_out\default\js cache.
[2026-04-20T23:55:51.951] [DEBUG] debug-file - Incremental task entry:default@BuildJS post-execution cost:5 ms .
[2026-04-20T23:55:51.951] [DEBUG] debug-file - There is no need to refresh cache, since the incremental task entry:default@CacheNativeLibs is up-to-date.
[2026-04-20T23:55:51.951] [DEBUG] debug-file - There is no need to refresh cache, since the incremental task entry:default@GeneratePkgModuleJson is up-to-date.
[2026-04-20T23:55:51.951] [DEBUG] debug-file - Incremental task entry:default@ProcessCompiledResources post-execution cost:1 ms .
[2026-04-20T23:55:51.951] [DEBUG] debug-file - There is no need to refresh cache, since the incremental task entry:default@PackageHap is up-to-date.
[2026-04-20T23:55:51.952] [DEBUG] debug-file - Update task entry:default@SignHap input file:D:\harmonyos_code\ljh25307105\entry\build\default\outputs\default\entry-default-unsigned.hap cache by regenerate.
[2026-04-20T23:55:51.952] [DEBUG] debug-file - Update task entry:default@SignHap output file:D:\harmonyos_code\ljh25307105\entry\build\default\outputs\default\entry-default-signed.hap cache.
[2026-04-20T23:55:51.952] [DEBUG] debug-file - Incremental task entry:default@SignHap post-execution cost:1 ms .
[2026-04-20T23:55:51.953] [DEBUG] debug-file - Update task entry:default@CollectDebugSymbol input file:D:\harmonyos_code\ljh25307105\entry\build\default\intermediates\loader_out\default\ets\sourceMaps.map cache by regenerate.
[2026-04-20T23:55:51.954] [DEBUG] debug-file - Update task entry:default@CollectDebugSymbol input file:D:\harmonyos_code\ljh25307105\entry\build\default\intermediates\libs\default cache by regenerate.
[2026-04-20T23:55:51.954] [DEBUG] debug-file - Update task entry:default@CollectDebugSymbol output file:D:\harmonyos_code\ljh25307105\entry\build\default\outputs\default\symbol cache.
[2026-04-20T23:55:51.954] [DEBUG] debug-file - Incremental task entry:default@CollectDebugSymbol post-execution cost:2 ms .
[2026-04-20T23:55:51.985] [DEBUG] debug-file - hvigor build process will be closed.
[2026-04-20T23:55:51.991] [DEBUG] debug-file - session manager: send message to worker process.
[2026-04-20T23:55:51.992] [DEBUG] debug-file - session manager: send message to worker process.
[2026-04-20T23:55:51.991] [DEBUG] debug-file - watch worker: worker id should be larger than 0. Nothing will be sent to any worker thread.
[2026-04-20T23:55:51.991] [DEBUG] debug-file - watch worker: worker id should be larger than 0. Nothing will be sent to any worker thread.
[2026-04-21T00:07:37.438] [DEBUG] debug-file - session manager: set active socket. socketId=ox2cZLl_GYEqhmu8AAAX
[2026-04-21T00:07:37.451] [DEBUG] debug-file - watch worker: worker id should be larger than 0. Nothing will be sent to any worker thread.
[2026-04-21T00:07:37.467] [DEBUG] debug-file - Workers' log level updated to INFO
[2026-04-21T00:07:37.478] [DEBUG] debug-file - Hvigor init with startParameters:{
  hvigorfileTypeCheck: false,
  parallelExecution: true,
  incrementalExecution: true,
  printStackTrace: false,
  daemon: true,
  analyze: 0,
  logLevel: Level { level: 20000, levelStr: 'INFO', colour: 'green' },
  optimizationStrategy: 'memory',
  hotCompile: undefined,
  hotReloadBuild: undefined,
  customizedParam: undefined
}
[2026-04-21T00:07:37.501] [DEBUG] debug-file - Cache service initialization finished in 23 ms 
[2026-04-21T00:07:37.504] [DEBUG] debug-file - hvigorfile, resolving D:\harmonyos_code\ljh25307105\hvigorfile.ts
[2026-04-21T00:07:37.537] [DEBUG] debug-file - hvigorfile, require result:  {}
[2026-04-21T00:07:37.537] [DEBUG] debug-file - hvigorfile, binding system plugins {}
[2026-04-21T00:07:37.539] [DEBUG] debug-file - Starting plugin build process
[2026-04-21T00:07:37.539] [DEBUG] debug-file - App plugin prepare start...
[2026-04-21T00:07:37.539] [DEBUG] debug-file - App plugin prepare end...
[2026-04-21T00:07:37.539] [DEBUG] debug-file - App plugin creating...
[2026-04-21T00:07:37.556] [DEBUG] debug-file - App plugin register hook start...
[2026-04-21T00:07:37.556] [DEBUG] debug-file - App plugin register hook end...
[2026-04-21T00:07:37.556] [DEBUG] debug-file - Plugin build process completed
[2026-04-21T00:07:37.557] [DEBUG] debug-file - Start initialize project's product build option map with build mode debug.
[2026-04-21T00:07:37.558] [DEBUG] debug-file - Picking option from product 'default' with build mode 'debug'.
[2026-04-21T00:07:37.558] [DEBUG] debug-file - Product 'default' build option initialized
[2026-04-21T00:07:37.558] [DEBUG] debug-file - End initialize project's product build option map with build mode 'debug'.
[2026-04-21T00:07:37.560] [DEBUG] debug-file - Obtain build option for product 'default'in this build.
[2026-04-21T00:07:37.562] [DEBUG] debug-file - No signingConfig found, initRemoteHspCache failed.
[2026-04-21T00:07:37.567] [DEBUG] debug-file - Start recording SDK configuration permission data.
[2026-04-21T00:07:37.610] [DEBUG] debug-file - Sdk init in 47 ms 
[2026-04-21T00:07:37.618] [DEBUG] debug-file - Project task initialization takes 7 ms 
[2026-04-21T00:07:37.618] [DEBUG] debug-file - hvigorfile, resolve finished D:\harmonyos_code\ljh25307105\hvigorfile.ts
[2026-04-21T00:07:37.619] [DEBUG] debug-file - hvigorfile, resolving D:\harmonyos_code\ljh25307105\entry\hvigorfile.ts
[2026-04-21T00:07:37.625] [DEBUG] debug-file - hvigorfile, require result:  {}
[2026-04-21T00:07:37.625] [DEBUG] debug-file - hvigorfile, binding system plugins {}
[2026-04-21T00:07:37.625] [DEBUG] debug-file - Starting plugin build process
[2026-04-21T00:07:37.625] [DEBUG] debug-file - Hap plugin creating...
[2026-04-21T00:07:37.629] [DEBUG] debug-file - failed to load cangjie to dynamically generate schemas: Error: Cannot find module '@ohos/cangjie-build-support/index'
Require stack:
- D:\DevEco Studio\tools\hvigor\hvigor-ohos-plugin\src\plugin\hooks\cangjie-register.js
- D:\DevEco Studio\tools\hvigor\hvigor-ohos-plugin\src\plugin\strategy\stage-init-strategy.js
- D:\DevEco Studio\tools\hvigor\hvigor-ohos-plugin\src\plugin\builder\abstract-plugin-builder.js
- D:\DevEco Studio\tools\hvigor\hvigor-ohos-plugin\src\plugin\builder\app-plugin-builder.js
- D:\DevEco Studio\tools\hvigor\hvigor-ohos-plugin\src\plugin\factory\plugin-factory.js
- D:\DevEco Studio\tools\hvigor\hvigor-ohos-plugin\index.js
- D:\harmonyos_code\ljh25307105\hvigorfile.ts
- D:\DevEco Studio\tools\hvigor\hvigor\src\base\internal\lifecycle\configuration.js
- D:\DevEco Studio\tools\hvigor\hvigor\src\base\boot\index.js
- D:\DevEco Studio\tools\hvigor\hvigor\src\base\daemon\cluster\worker-process-lifecycle.js
- D:\DevEco Studio\tools\hvigor\hvigor\src\base\daemon\process\daemon-process-boot-script.js
[2026-04-21T00:07:37.633] [DEBUG] debug-file - Start initialize module-target build option map, moduleName=entry, buildMode=release
[2026-04-21T00:07:37.633] [DEBUG] debug-file - Target 'default' config initialized
[2026-04-21T00:07:37.633] [DEBUG] debug-file - Module 'entry' target 'default' build option initialized
[2026-04-21T00:07:37.633] [DEBUG] debug-file - End initialize module-target build option map, moduleName=entry
[2026-04-21T00:07:37.634] [DEBUG] debug-file - Start initialize module-target build option map, moduleName=entry, buildMode=debug
[2026-04-21T00:07:37.634] [DEBUG] debug-file - Target 'default' config initialized
[2026-04-21T00:07:37.634] [DEBUG] debug-file - Module 'entry' target 'default' build option initialized
[2026-04-21T00:07:37.634] [DEBUG] debug-file - End initialize module-target build option map, moduleName=entry
[2026-04-21T00:07:37.634] [DEBUG] debug-file - Start initialize module-target build option map, moduleName=entry, buildMode=debug
[2026-04-21T00:07:37.634] [DEBUG] debug-file - Target 'default' config initialized
[2026-04-21T00:07:37.634] [DEBUG] debug-file - Module 'entry' target 'default' build option initialized
[2026-04-21T00:07:37.634] [DEBUG] debug-file - End initialize module-target build option map, moduleName=entry
[2026-04-21T00:07:37.634] [DEBUG] debug-file - Obtain build option for module 'entry' target 'default'in this build.
[2026-04-21T00:07:37.639] [DEBUG] debug-file - Module entry task initialization takes 4 ms 
[2026-04-21T00:07:37.640] [DEBUG] debug-file - Hap plugin register hook start...
[2026-04-21T00:07:37.640] [DEBUG] debug-file - Hap plugin register hook end...
[2026-04-21T00:07:37.640] [DEBUG] debug-file - Plugin build process completed
[2026-04-21T00:07:37.641] [DEBUG] debug-file - hvigorfile, resolve finished D:\harmonyos_code\ljh25307105\entry\hvigorfile.ts
[2026-04-21T00:07:37.698] [DEBUG] debug-file - hvigorfile, resolve hvigorfile dependencies in 57 ms 
[2026-04-21T00:07:37.698] [DEBUG] debug-file - project has submodules:entry
[2026-04-21T00:07:37.700] [DEBUG] debug-file - Start to initialize dependency information.
[2026-04-21T00:07:37.702] [DEBUG] debug-file - Module ljh25307105 Collected Dependency: 
[2026-04-21T00:07:37.702] [DEBUG] debug-file - Module ljh25307105's total dependency: 0
[2026-04-21T00:07:37.703] [DEBUG] debug-file - Start to initialize dependency information.
[2026-04-21T00:07:37.707] [DEBUG] debug-file - Module entry Collected Dependency: 
[2026-04-21T00:07:37.707] [DEBUG] debug-file - Module entry's total dependency: 0
[2026-04-21T00:07:37.710] [DEBUG] debug-file - Configuration phase cost:209 ms 
[2026-04-21T00:07:37.712] [DEBUG] debug-file - Configuration task cost before running: 243 ms 
[2026-04-21T00:07:37.712] [DEBUG] debug-file - Executing task :entry:clean
[2026-04-21T00:07:37.713] [DEBUG] debug-file - clean: Start terminating worker pool.
[2026-04-21T00:07:37.714] [DEBUG] debug-file - Current worker pool is stopped or closed.
[2026-04-21T00:07:37.715] [DEBUG] debug-file - Clear worker 4.
[2026-04-21T00:07:37.715] [DEBUG] debug-file - Worker 4 has been cleared.
[2026-04-21T00:07:37.715] [DEBUG] debug-file - Current idle worker size: 0.
[2026-04-21T00:07:37.716] [DEBUG] debug-file - Current busy worker size: 0.
